客户（计划单文件夹）,计划单写法,数字指纹（逐字符）,缺价行数,候选合同/报价写法,候选来源客户,候选单价,候选生效日期,候选来源层级,匹配置信度,数字部分是否完全一致（必须为是）,计划单来源示例文件
嵊州海田,0-GPP,0,1,无候选,,,,,,是,嵊州海田/VICTOR GPP 生产计划单.doc
嵊州海田,1-GPP,1,1,无候选,,,,,,是,嵊州海田/VICTOR GPP 生产计划单.doc
嵊州海田,106D7-2,106-7-2,1,无候选,,,,,,是,嵊州海田/VICTOR GPN HARRIS NX生产计划单.doc
嵊州海田,106D7-4,106-7-4,1,无候选,,,,,,是,嵊州海田/VICTOR GPN HARRIS NX生产计划单.doc
嵊州海田,HARRIS彩盒 不干胶 10只/中盒,10,1,无候选,,,,,,是,"嵊州海田/TSR HARRIS 6290NX,T20加热嘴/HARRIS NX 生产计划单.doc"
嵊州海田,T20+后部,20,1,T20,嵊州海田,103.00,2025-06-02,同客户,高,是,嵊州海田/TCN GPN MADE IN USA T20加热嘴/VICTOR1-101生产计划单.doc
嵊州海田,102HC-5,102-5,1,无候选,,,,,,是,"嵊州海田/SNH ,UMA 1-101,GPN 宋/102HC生产计划单MADE IN JAPAN.doc"
嵊州海田,102HC-6,102-6,1,无候选,,,,,,是,"嵊州海田/SNH ,UMA 1-101,GPN 宋/102HC生产计划单MADE IN JAPAN.doc"
嵊州海田,1503-4,1503-4,1,"丙烷割嘴 1503 4#
包装+刻字：中性",安宝公司,9.40,2026-06-26,跨客户（需甲方裁定是否可作通用价）,低,是,嵊州海田/RYD 1503 宋/常规生产计划单.doc
嵊州海田,1503-6,1503-6,1,无候选,,,,,,是,嵊州海田/RYD 1503 宋/常规生产计划单.doc
嵊州海田,PNME9 5/64,9-5-64,1,无候选,,,,,,是,嵊州海田/PNME   MUREX包装/MUREXPNME9生产计划单.doc
嵊州海田,PNME18 1/32,18-1-32,1,无候选,,,,,,是,嵊州海田/PNME   MUREX包装/MUREX 塑壳 生产计划单.doc
嵊州海田,PNME18 1/16,18-1-16,1,无候选,,,,,,是,嵊州海田/PNME   MUREX包装/MUREX 塑壳 生产计划单.doc
嵊州海田,000-3-W,000-3,1,无候选,,,,,,是,"嵊州海田/PFG,PGA, PGS GPN 1-101 宋/VICTOR GPN 生产计划单.doc"
嵊州海田,"1,3,5-W",1-3-5,1,无候选,,,,,,是,"嵊州海田/NVA 1-101,GPN 6290/VICTOR 生产计划单.doc"
嵊州海田,PNME9 1/32,9-1-32,3,无候选,,,,,,是,"嵊州海田/MZF,MKY, CHD 滑盖塑壳 WeldRo-I产品 邢/WeldRo-I彩盆生产计划单.doc"
嵊州海田,PNME9 3/64,9-3-64,3,无候选,,,,,,是,"嵊州海田/MZF,MKY, CHD 滑盖塑壳 WeldRo-I产品 邢/WeldRo-I彩盆生产计划单.doc"
嵊州海田,PNME9 1/8,9-1-8,2,无候选,,,,,,是,"嵊州海田/MZF,MKY, CHD 滑盖塑壳 WeldRo-I产品 邢/WeldRo-I彩盆生产计划单.doc"
嵊州海田,PNME18 3/64,18-3-64,2,无候选,,,,,,是,"嵊州海田/MZF,MKY, CHD 滑盖塑壳 WeldRo-I产品 邢/WeldRo-I彩盆生产计划单.doc"
嵊州海田,106-1/32 (3孔),106-1-32-3,1,无候选,,,,,,是,"嵊州海田/MZF,MKY, CHD 滑盖塑壳 WeldRo-I产品 邢/WeldRo-I彩盆生产计划单.doc"
嵊州海田,PNME9 3/32,9-3-32,1,无候选,,,,,,是,"嵊州海田/MZF,MKY, CHD 滑盖塑壳 WeldRo-I产品 邢/WeldRo-I彩盆生产计划单.doc"
嵊州海田,PNME18 5/64,18-5-64,1,无候选,,,,,,是,"嵊州海田/MZF,MKY, CHD 滑盖塑壳 WeldRo-I产品 邢/WeldRo-I彩盆生产计划单.doc"
嵊州海田,106-1/64 3-6,106-1-64-3-6,1,无候选,,,,,,是,"嵊州海田/MZF,MKY, CHD 滑盖塑壳 WeldRo-I产品 邢/雷梁山106生产计划单.doc"
嵊州海田,106-1/32 3-6,106-1-32-3-6,1,无候选,,,,,,是,"嵊州海田/MZF,MKY, CHD 滑盖塑壳 WeldRo-I产品 邢/雷梁山106生产计划单.doc"
嵊州海田,106-3/64 5-12,106-3-64-5-12,1,无候选,,,,,,是,"嵊州海田/MZF,MKY, CHD 滑盖塑壳 WeldRo-I产品 邢/雷梁山106生产计划单.doc"
嵊州海田,106-1/16 10-75,106-1-16-10-75,1,无候选,,,,,,是,"嵊州海田/MZF,MKY, CHD 滑盖塑壳 WeldRo-I产品 邢/雷梁山106生产计划单.doc"
嵊州海田,106-1/64,106-1-64,4,无候选,,,,,,是,"嵊州海田/MZF,MKY, CHD 滑盖塑壳 WeldRo-I产品 邢/24CHD01/滑盖106HC生产计划单.doc"
嵊州海田,106-3/64,106-3-64,4,无候选,,,,,,是,"嵊州海田/MZF,MKY, CHD 滑盖塑壳 WeldRo-I产品 邢/24CHD01/滑盖106HC生产计划单.doc"
嵊州海田,106-1/16,106-1-16,4,无候选,,,,,,是,"嵊州海田/MZF,MKY, CHD 滑盖塑壳 WeldRo-I产品 邢/24CHD01/滑盖106HC生产计划单.doc"
嵊州海田,106-1/32,106-1-32,3,无候选,,,,,,是,"嵊州海田/MZF,MKY, CHD 滑盖塑壳 WeldRo-I产品 邢/24CHD01/滑盖106HC生产计划单.doc"
嵊州海田,10-GPN,10,1,无候选,,,,,,是,"嵊州海田/IAS T15,T20,106HC 加热嘴 宋/VICTOR GPN 生产计划单.doc"
嵊州海田,106HC-6直通,106-6,1,无候选,,,,,,是,"嵊州海田/IAS T15,T20,106HC 加热嘴 宋/VICTOR GPN 生产计划单.doc"
嵊州海田,106HC-7直通,106-7,1,无候选,,,,,,是,"嵊州海田/IAS T15,T20,106HC 加热嘴 宋/VICTOR GPN 生产计划单.doc"
嵊州海田,106HC-8直通,106-8,1,无候选,,,,,,是,"嵊州海田/IAS T15,T20,106HC 加热嘴 宋/VICTOR GPN 生产计划单.doc"
嵊州海田,T20杆子+连接器,20,1,T20,嵊州海田,103.00,2025-06-02,同客户,高,是,"嵊州海田/IAS T15,T20,106HC 加热嘴 宋/VICTOR 1-101, T20 生产计划单.doc"
嵊州海田,106HC-6,106-6,2,无候选,,,,,,是,"嵊州海田/HOVU-HCM-VN,      A.C.L/ACL生产计划单-2.doc"
嵊州海田,106HC-7,106-7,1,无候选,,,,,,是,"嵊州海田/HOVU-HCM-VN,      A.C.L/ACL生产计划单-2.doc"
嵊州海田,106HC-8,106-8,1,无候选,,,,,,是,"嵊州海田/HOVU-HCM-VN,      A.C.L/ACL生产计划单-2.doc"
嵊州海田,-4,4,1,4-W,嵊州海田,20.60,2026-09-14,同客户,中,是,"嵊州海田/HOVU-HCM-VN,      A.C.L/ACL生产计划单-1.doc"
嵊州海田,-4,4,1,4-W,嵊州海田,20.60,2026-08-25,同客户,中,是,"嵊州海田/HOVU-HCM-VN,      A.C.L/ACL生产计划单-1.doc"
嵊州海田,-4,4,1,4-W,嵊州海田,19.00,2024-03-01,同客户,中,是,"嵊州海田/HOVU-HCM-VN,      A.C.L/ACL生产计划单-1.doc"
嵊州海田,-4,4,1,4-W,嵊州海田,18.70,2022-04-02,同客户,中,是,"嵊州海田/HOVU-HCM-VN,      A.C.L/ACL生产计划单-1.doc"
嵊州海田,-4,4,1,4-MFA-J,嵊州海田,25.50,2026-06-30,同客户,中,是,"嵊州海田/HOVU-HCM-VN,      A.C.L/ACL生产计划单-1.doc"
嵊州海田,-5,5,1,5-W,嵊州海田,26.40,2026-08-25,同客户,中,是,"嵊州海田/HOVU-HCM-VN,      A.C.L/ACL生产计划单-1.doc"
嵊州海田,-5,5,1,5-W,嵊州海田,21.00,2024-03-01,同客户,中,是,"嵊州海田/HOVU-HCM-VN,      A.C.L/ACL生产计划单-1.doc"
嵊州海田,-5,5,1,5-W,嵊州海田,20.90,2023-03-22,同客户,中,是,"嵊州海田/HOVU-HCM-VN,      A.C.L/ACL生产计划单-1.doc"
嵊州海田,-5,5,1,5-W,嵊州海田,20.90,2023-03-15,同客户,中,是,"嵊州海田/HOVU-HCM-VN,      A.C.L/ACL生产计划单-1.doc"
嵊州海田,-5,5,1,5-W,嵊州海田,20.90,2022-04-02,同客户,中,是,"嵊州海田/HOVU-HCM-VN,      A.C.L/ACL生产计划单-1.doc"
嵊州海田,-6,6,1,6-W,嵊州海田,28.10,2026-08-25,同客户,中,是,"嵊州海田/HOVU-HCM-VN,      A.C.L/ACL生产计划单-1.doc"
嵊州海田,-6,6,1,6-W,嵊州海田,20.90,2022-04-02,同客户,中,是,"嵊州海田/HOVU-HCM-VN,      A.C.L/ACL生产计划单-1.doc"
嵊州海田,-6,6,1,6-MFA,嵊州海田,45.00,2026-09-14,同客户,中,是,"嵊州海田/HOVU-HCM-VN,      A.C.L/ACL生产计划单-1.doc"
嵊州海田,-6,6,1,6-MFA,嵊州海田,36.30,2024-03-01,同客户,中,是,"嵊州海田/HOVU-HCM-VN,      A.C.L/ACL生产计划单-1.doc"
嵊州海田,-6,6,1,6-MFA-J,嵊州海田,25.50,2026-06-30,同客户,中,是,"嵊州海田/HOVU-HCM-VN,      A.C.L/ACL生产计划单-1.doc"
嵊州海田,-7,7,1,7-W,嵊州海田,29.10,2026-08-25,同客户,中,是,"嵊州海田/HOVU-HCM-VN,      A.C.L/ACL生产计划单-1.doc"
嵊州海田,-7,7,1,7-W,嵊州海田,20.90,2022-04-02,同客户,中,是,"嵊州海田/HOVU-HCM-VN,      A.C.L/ACL生产计划单-1.doc"
嵊州海田,-8,8,1,8-W,嵊州海田,30.10,2026-08-25,同客户,中,是,"嵊州海田/HOVU-HCM-VN,      A.C.L/ACL生产计划单-1.doc"
嵊州海田,-8,8,1,8-MFA,嵊州海田,45.00,2026-09-14,同客户,中,是,"嵊州海田/HOVU-HCM-VN,      A.C.L/ACL生产计划单-1.doc"
嵊州海田,-8,8,1,8-MFA,嵊州海田,36.30,2024-03-01,同客户,中,是,"嵊州海田/HOVU-HCM-VN,      A.C.L/ACL生产计划单-1.doc"
嵊州海田,-8,8,1,8-MFA,嵊州海田,36.50,2023-03-15,同客户,中,是,"嵊州海田/HOVU-HCM-VN,      A.C.L/ACL生产计划单-1.doc"
嵊州海田,-8,8,1,8-MFA,嵊州海田,36.30,2022-04-02,同客户,中,是,"嵊州海田/HOVU-HCM-VN,      A.C.L/ACL生产计划单-1.doc"
嵊州海田,106HC-00,106-00,5,106HC   00#,安宝公司,6.50,2020-07-03,跨客户（需甲方裁定是否可作通用价）,低,是,"嵊州海田/HOVU-HCM-VN,      A.C.L/78克重PNME生产计划单-1.doc"
嵊州海田,-0,0,4,0-W,嵊州海田,16.00,2026-09-14,同客户,中,是,"嵊州海田/HOVU-HCM-VN,      A.C.L/78克重PNME生产计划单-1.doc"
嵊州海田,-0,0,4,0-W,嵊州海田,16.00,2026-08-25,同客户,中,是,"嵊州海田/HOVU-HCM-VN,      A.C.L/78克重PNME生产计划单-1.doc"
嵊州海田,-0,0,4,0-W,嵊州海田,13.20,2024-03-01,同客户,中,是,"嵊州海田/HOVU-HCM-VN,      A.C.L/78克重PNME生产计划单-1.doc"
嵊州海田,-0,0,4,0-W,嵊州海田,13.20,2023-03-22,同客户,中,是,"嵊州海田/HOVU-HCM-VN,      A.C.L/78克重PNME生产计划单-1.doc"
嵊州海田,-0,0,4,0-W,嵊州海田,13.20,2023-03-15,同客户,中,是,"嵊州海田/HOVU-HCM-VN,      A.C.L/78克重PNME生产计划单-1.doc"
嵊州海田,-1,1,4,1-W,嵊州海田,16.00,2026-09-14,同客户,中,是,"嵊州海田/HOVU-HCM-VN,      A.C.L/78克重PNME生产计划单-1.doc"
嵊州海田,-1,1,4,1-W,嵊州海田,16.00,2026-08-25,同客户,中,是,"嵊州海田/HOVU-HCM-VN,      A.C.L/78克重PNME生产计划单-1.doc"
嵊州海田,-1,1,4,1-W,嵊州海田,17.80,2026-08-11,同客户,中,是,"嵊州海田/HOVU-HCM-VN,      A.C.L/78克重PNME生产计划单-1.doc"
嵊州海田,-1,1,4,1-W,嵊州海田,13.20,2024-03-01,同客户,中,是,"嵊州海田/HOVU-HCM-VN,      A.C.L/78克重PNME生产计划单-1.doc"
嵊州海田,-1,1,4,1-W,嵊州海田,13.20,2023-03-22,同客户,中,是,"嵊州海田/HOVU-HCM-VN,      A.C.L/78克重PNME生产计划单-1.doc"
嵊州海田,-2,2,4,2-W,嵊州海田,17.00,2026-09-14,同客户,中,是,"嵊州海田/HOVU-HCM-VN,      A.C.L/78克重PNME生产计划单-1.doc"
嵊州海田,-2,2,4,2-W,嵊州海田,17.00,2026-08-25,同客户,中,是,"嵊州海田/HOVU-HCM-VN,      A.C.L/78克重PNME生产计划单-1.doc"
嵊州海田,-2,2,4,2-W,嵊州海田,18.70,2026-08-11,同客户,中,是,"嵊州海田/HOVU-HCM-VN,      A.C.L/78克重PNME生产计划单-1.doc"
嵊州海田,-2,2,4,2-W,嵊州海田,14.30,2024-03-01,同客户,中,是,"嵊州海田/HOVU-HCM-VN,      A.C.L/78克重PNME生产计划单-1.doc"
嵊州海田,-2,2,4,2-W,嵊州海田,14.30,2023-03-22,同客户,中,是,"嵊州海田/HOVU-HCM-VN,      A.C.L/78克重PNME生产计划单-1.doc"
嵊州海田,-3,3,4,3-W,嵊州海田,20.00,2026-09-14,同客户,中,是,"嵊州海田/HOVU-HCM-VN,      A.C.L/78克重PNME生产计划单-1.doc"
嵊州海田,-3,3,4,3-W,嵊州海田,20.00,2026-08-25,同客户,中,是,"嵊州海田/HOVU-HCM-VN,      A.C.L/78克重PNME生产计划单-1.doc"
嵊州海田,-3,3,4,3-W,嵊州海田,21.00,2026-08-11,同客户,中,是,"嵊州海田/HOVU-HCM-VN,      A.C.L/78克重PNME生产计划单-1.doc"
嵊州海田,-3,3,4,3-W,嵊州海田,16.50,2023-03-22,同客户,中,是,"嵊州海田/HOVU-HCM-VN,      A.C.L/78克重PNME生产计划单-1.doc"
嵊州海田,-3,3,4,3-W,嵊州海田,16.50,2023-03-15,同客户,中,是,"嵊州海田/HOVU-HCM-VN,      A.C.L/78克重PNME生产计划单-1.doc"
嵊州海田,6290VVC-000,6290-000,1,无候选,,,,,,是,嵊州海田/HARRIS VVC 生产计划单.doc
嵊州海田,6290VVC-00,6290-00,1,无候选,,,,,,是,嵊州海田/HARRIS VVC 生产计划单.doc
嵊州海田,6290VVC-0,6290-0,1,无候选,,,,,,是,嵊州海田/HARRIS VVC 生产计划单.doc
嵊州海田,6290VVC-01/2,6290-01-2,1,无候选,,,,,,是,嵊州海田/HARRIS VVC 生产计划单.doc
嵊州海田,6290VVC-1,6290-1,1,无候选,,,,,,是,嵊州海田/HARRIS VVC 生产计划单.doc
嵊州海田,6290VVC-1 1/2,6290-1-1-2,1,无候选,,,,,,是,嵊州海田/HARRIS VVC 生产计划单.doc
嵊州海田,6290VVC-2,6290-2,1,无候选,,,,,,是,嵊州海田/HARRIS VVC 生产计划单.doc
嵊州海田,G1-A7/10 5-10,1-7-10-5-10,1,无候选,,,,,,是,"嵊州海田/GEG GLOOR ANME PNME G1-A, G1-P/GLOOR生产计划单.doc"
嵊州海田,G1-P16/10 25-50,1-16-10-25-50,1,无候选,,,,,,是,"嵊州海田/GEG GLOOR ANME PNME G1-A, G1-P/GLOOR生产计划单.doc"
嵊州海田,G1-P20/10 50-100,1-20-10-50-100,1,无候选,,,,,,是,"嵊州海田/GEG GLOOR ANME PNME G1-A, G1-P/GLOOR生产计划单.doc"
嵊州海田,4712A 5-10 102-0 0.8,4712-5-10-102-0-0-8,1,无候选,,,,,,是,"嵊州海田/GEG GLOOR ANME PNME G1-A, G1-P/GLOOR生产计划单.doc"
嵊州海田,4731P 5-10 106-0 0.8,4731-5-10-106-0-0-8,1,无候选,,,,,,是,"嵊州海田/GEG GLOOR ANME PNME G1-A, G1-P/GLOOR生产计划单.doc"
嵊州海田,G1-A10/10 10-25,1-10-10-10-25,2,无候选,,,,,,是,"嵊州海田/GEG GLOOR ANME PNME G1-A, G1-P/GLOOR(G1-A,G1-P)生产计划单.doc"
嵊州海田,G1-A16/10 25-50,1-16-10-25-50,2,无候选,,,,,,是,"嵊州海田/GEG GLOOR ANME PNME G1-A, G1-P/GLOOR(G1-A,G1-P)生产计划单.doc"
嵊州海田,G1-A20/10 50-100,1-20-10-50-100,2,无候选,,,,,,是,"嵊州海田/GEG GLOOR ANME PNME G1-A, G1-P/GLOOR(G1-A,G1-P)生产计划单.doc"
嵊州海田,G1-P7/10 5-10,1-7-10-5-10,2,无候选,,,,,,是,"嵊州海田/GEG GLOOR ANME PNME G1-A, G1-P/GLOOR(G1-A,G1-P)生产计划单.doc"
嵊州海田,G1-P10/10 10-25,1-10-10-10-25,2,无候选,,,,,,是,"嵊州海田/GEG GLOOR ANME PNME G1-A, G1-P/GLOOR(G1-A,G1-P)生产计划单.doc"
嵊州海田,G1-A25/10 100-150,1-25-10-100-150,1,无候选,,,,,,是,"嵊州海田/GEG GLOOR ANME PNME G1-A, G1-P/GLOOR(G1-A,G1-P)生产计划单.doc"
嵊州海田,G1-P12/10 25-50,1-12-10-25-50,1,无候选,,,,,,是,"嵊州海田/GEG GLOOR ANME PNME G1-A, G1-P/GLOOR(G1-A,G1-P)生产计划单.doc"
嵊州海田,G1-P16/10 50-100,1-16-10-50-100,1,无候选,,,,,,是,"嵊州海田/GEG GLOOR ANME PNME G1-A, G1-P/GLOOR(G1-A,G1-P)生产计划单.doc"
嵊州海田,G1-P20/10 100-150,1-20-10-100-150,1,无候选,,,,,,是,"嵊州海田/GEG GLOOR ANME PNME G1-A, G1-P/GLOOR(G1-A,G1-P)生产计划单.doc"
嵊州海田,G1-P25/10 150-200,1-25-10-150-200,1,无候选,,,,,,是,"嵊州海田/GEG GLOOR ANME PNME G1-A, G1-P/GLOOR(G1-A,G1-P)生产计划单.doc"
嵊州海田,G1-P30/10 200-300,1-30-10-200-300,1,无候选,,,,,,是,"嵊州海田/GEG GLOOR ANME PNME G1-A, G1-P/GLOOR(G1-A,G1-P)生产计划单.doc"
嵊州海田,4732P 10-25 106-1 1.2,4732-10-25-106-1-1-2,2,无候选,,,,,,是,"嵊州海田/GEG GLOOR ANME PNME G1-A, G1-P/海田GLOOR/GLOOR(102,106)生产计划单.doc"
嵊州海田,4733P 25-50 106-3 1.6,4733-25-50-106-3-1-6,2,无候选,,,,,,是,"嵊州海田/GEG GLOOR ANME PNME G1-A, G1-P/海田GLOOR/GLOOR(102,106)生产计划单.doc"
嵊州海田,4734P 50-100 106-5 2.0,4734-50-100-106-5-2-0,2,无候选,,,,,,是,"嵊州海田/GEG GLOOR ANME PNME G1-A, G1-P/海田GLOOR/GLOOR(102,106)生产计划单.doc"
嵊州海田,4712A 10-25 102-1 1.2,4712-10-25-102-1-1-2,1,无候选,,,,,,是,"嵊州海田/GEG GLOOR ANME PNME G1-A, G1-P/海田GLOOR/GLOOR(102,106)生产计划单.doc"
嵊州海田,4713A 25-50 102-2 1.6,4713-25-50-102-2-1-6,1,无候选,,,,,,是,"嵊州海田/GEG GLOOR ANME PNME G1-A, G1-P/海田GLOOR/GLOOR(102,106)生产计划单.doc"
嵊州海田,4714A 50-100 102-3 2.0,4714-50-100-102-3-2-0,1,无候选,,,,,,是,"嵊州海田/GEG GLOOR ANME PNME G1-A, G1-P/海田GLOOR/GLOOR(102,106)生产计划单.doc"
嵊州海田,4715A 100-150 102-6 2.4,4715-100-150-102-6-2-4,1,无候选,,,,,,是,"嵊州海田/GEG GLOOR ANME PNME G1-A, G1-P/海田GLOOR/GLOOR(102,106)生产计划单.doc"
嵊州海田,4735P 100-150 106-6 2.4,4735-100-150-106-6-2-4,1,无候选,,,,,,是,"嵊州海田/GEG GLOOR ANME PNME G1-A, G1-P/海田GLOOR/GLOOR(102,106)生产计划单.doc"
嵊州海田,4736P 150-200 106-7 2.8,4736-150-200-106-7-2-8,1,无候选,,,,,,是,"嵊州海田/GEG GLOOR ANME PNME G1-A, G1-P/海田GLOOR/GLOOR(102,106)生产计划单.doc"
嵊州海田,4737P 200-300 106-8 3.2,4737-200-300-106-8-3-2,1,无候选,,,,,,是,"嵊州海田/GEG GLOOR ANME PNME G1-A, G1-P/海田GLOOR/GLOOR(102,106)生产计划单.doc"
嵊州海田,4712A 10-25 1.2,4712-10-25-1-2,1,无候选,,,,,,是,"嵊州海田/GEG GLOOR ANME PNME G1-A, G1-P/海田GLOOR/GLOOR(102,106)白盒包装生产计划单.doc"
嵊州海田,4713A 25-50 1.6,4713-25-50-1-6,1,无候选,,,,,,是,"嵊州海田/GEG GLOOR ANME PNME G1-A, G1-P/海田GLOOR/GLOOR(102,106)白盒包装生产计划单.doc"
嵊州海田,4714A 50-100 2.0,4714-50-100-2-0,1,无候选,,,,,,是,"嵊州海田/GEG GLOOR ANME PNME G1-A, G1-P/海田GLOOR/GLOOR(102,106)白盒包装生产计划单.doc"
嵊州海田,4715A 100-150 102- 2.4,4715-100-150-102-2-4,1,无候选,,,,,,是,"嵊州海田/GEG GLOOR ANME PNME G1-A, G1-P/海田GLOOR/GLOOR(102,106)白盒包装生产计划单.doc"
嵊州海田,4716A 150-200 102 2.8,4716-150-200-102-2-8,1,无候选,,,,,,是,"嵊州海田/GEG GLOOR ANME PNME G1-A, G1-P/海田GLOOR/GLOOR(102,106)白盒包装生产计划单.doc"
嵊州海田,4732P 10-25 106 1.2,4732-10-25-106-1-2,1,无候选,,,,,,是,"嵊州海田/GEG GLOOR ANME PNME G1-A, G1-P/海田GLOOR/GLOOR(102,106)白盒包装生产计划单.doc"
嵊州海田,4733P 25-50 106 1.6,4733-25-50-106-1-6,1,无候选,,,,,,是,"嵊州海田/GEG GLOOR ANME PNME G1-A, G1-P/海田GLOOR/GLOOR(102,106)白盒包装生产计划单.doc"
嵊州海田,4734P 50-100 106 2.0,4734-50-100-106-2-0,1,无候选,,,,,,是,"嵊州海田/GEG GLOOR ANME PNME G1-A, G1-P/海田GLOOR/GLOOR(102,106)白盒包装生产计划单.doc"
嵊州海田,4735P 100-150 106 2.4,4735-100-150-106-2-4,1,无候选,,,,,,是,"嵊州海田/GEG GLOOR ANME PNME G1-A, G1-P/海田GLOOR/GLOOR(102,106)白盒包装生产计划单.doc"
嵊州海田,4736P 150-200 106 2.8,4736-150-200-106-2-8,1,无候选,,,,,,是,"嵊州海田/GEG GLOOR ANME PNME G1-A, G1-P/海田GLOOR/GLOOR(102,106)白盒包装生产计划单.doc"
嵊州海田,4737P 200-300 106 3.2,4737-200-300-106-3-2,1,无候选,,,,,,是,"嵊州海田/GEG GLOOR ANME PNME G1-A, G1-P/海田GLOOR/GLOOR(102,106)白盒包装生产计划单.doc"
嵊州海田,G03-1,03-1,1,无候选,,,,,,是,嵊州海田/EIC 订单/VICTOR GPN  GO3  生产计划单.doc
嵊州海田,G03-2,03-2,1,无候选,,,,,,是,嵊州海田/EIC 订单/VICTOR GPN  GO3  生产计划单.doc
嵊州海田,229-1老款式,229-1,1,无候选,,,,,,是,"嵊州海田/ECG C.E.O.A GPN  AGA NX 1-W/1-101,GPN,NX, 229 生产计划单.doc"
嵊州海田,3-W焊杆,3,2,3-W,嵊州海田,20.00,2026-09-14,同客户,中,是,嵊州海田/ECG 订单/VICTOR GPN HARRIS NX生产计划单.doc
嵊州海田,3-W焊杆,3,2,3-W,嵊州海田,20.00,2026-08-25,同客户,中,是,嵊州海田/ECG 订单/VICTOR GPN HARRIS NX生产计划单.doc
嵊州海田,3-W焊杆,3,2,3-W,嵊州海田,21.00,2026-08-11,同客户,中,是,嵊州海田/ECG 订单/VICTOR GPN HARRIS NX生产计划单.doc
嵊州海田,3-W焊杆,3,2,3-W,嵊州海田,16.50,2023-03-22,同客户,中,是,嵊州海田/ECG 订单/VICTOR GPN HARRIS NX生产计划单.doc
嵊州海田,3-W焊杆,3,2,3-W,嵊州海田,16.50,2023-03-15,同客户,中,是,嵊州海田/ECG 订单/VICTOR GPN HARRIS NX生产计划单.doc
嵊州海田,PNME1/16,1-16,1,无候选,,,,,,是,嵊州海田/ECG 订单/22ECG01生产计划单.doc
嵊州海田,PNME5/64,5-64,1,无候选,,,,,,是,嵊州海田/ECG 订单/22ECG01生产计划单.doc
嵊州海田,229-2,229-2,2,无候选,,,,,,是,"嵊州海田/ECG 订单/1-101,GPN,NX, 229 生产计划单.doc"
嵊州海田,229-1,229-1,1,无候选,,,,,,是,"嵊州海田/ECG 订单/1-101,GPN,NX, 229 生产计划单.doc"
嵊州海田,ANME 3/64,3-64,2,无候选,,,,,,是,嵊州海田/CYJ ANME  1-101 MADE IN MEXICO/ANME 生产计划单.doc
嵊州海田,ANME 1/16,1-16,2,无候选,,,,,,是,嵊州海田/CYJ ANME  1-101 MADE IN MEXICO/ANME 生产计划单.doc
嵊州海田,"0,4,5-W",0-4-5,1,无候选,,,,,,是,嵊州海田/CYJ ANME  1-101 MADE IN MEXICO/3-101 生产计划单.doc
嵊州海田,"6290-1,2,3,4",6290-1-2-3-4,1,无候选,,,,,,是,"嵊州海田/CWX 1-101,2-W SC12,MC12,HARRIS NX,AC/VICTOR 1-101生产计划单.doc"
嵊州海田,"6290NX-1,2,3,4",6290-1-2-3-4,1,无候选,,,,,,是,"嵊州海田/CWX 1-101,2-W SC12,MC12,HARRIS NX,AC/VICTOR 1-101生产计划单.doc"
嵊州海田,MC12-0,12-0,1,无候选,,,,,,是,"嵊州海田/CWX 1-101,2-W SC12,MC12,HARRIS NX,AC/SC12 生产计划单.doc"
嵊州海田,MC12-2,12-2,1,无候选,,,,,,是,"嵊州海田/CWX 1-101,2-W SC12,MC12,HARRIS NX,AC/SC12 生产计划单.doc"
嵊州海田,MC12-3,12-3,1,无候选,,,,,,是,"嵊州海田/CWX 1-101,2-W SC12,MC12,HARRIS NX,AC/SC12 生产计划单.doc"
嵊州海田,SC12-0,12-0,1,SC-12-0 乙炔割嘴,安宝公司,15.00,2022-05-31,跨客户（需甲方裁定是否可作通用价）,低,是,"嵊州海田/CWX 1-101,2-W SC12,MC12,HARRIS NX,AC/SC12 生产计划单.doc"
嵊州海田,SC12-0,12-0,1,smith 乙炔割嘴 SC-12-0,安宝公司,12.60,,跨客户（需甲方裁定是否可作通用价）,低,是,"嵊州海田/CWX 1-101,2-W SC12,MC12,HARRIS NX,AC/SC12 生产计划单.doc"
嵊州海田,6290-4,6290-4,1,6290-4 乙炔割嘴,安宝公司,8.60,2022-05-31,跨客户（需甲方裁定是否可作通用价）,低,是,"嵊州海田/CWX 1-101,2-W SC12,MC12,HARRIS NX,AC/HARRIS NX 生产计划单.doc"
嵊州海田,6290-2,6290-2,5,割嘴6290-2,安宝公司,8.80,2024-04-09,跨客户（需甲方裁定是否可作通用价）,低,是,"嵊州海田/CWX 1-101,2-W SC12,MC12,HARRIS NX,AC/6290HARRIS生产计划单.doc"
嵊州海田,6290-2,6290-2,5,6290-2 乙炔割嘴,安宝公司,8.60,2022-05-31,跨客户（需甲方裁定是否可作通用价）,低,是,"嵊州海田/CWX 1-101,2-W SC12,MC12,HARRIS NX,AC/6290HARRIS生产计划单.doc"
嵊州海田,6290-2,6290-2,5,6290-2# 割嘴 乙炔嘴,安宝公司,8.50,2022-10-27,跨客户（需甲方裁定是否可作通用价）,低,是,"嵊州海田/CWX 1-101,2-W SC12,MC12,HARRIS NX,AC/6290HARRIS生产计划单.doc"
嵊州海田,6290-2,6290-2,5,"仿乙炔割嘴 6290-2#
包装：仿HARRIS",安宝公司,11.40,2025-12-12,跨客户（需甲方裁定是否可作通用价）,低,是,"嵊州海田/CWX 1-101,2-W SC12,MC12,HARRIS NX,AC/6290HARRIS生产计划单.doc"
嵊州海田,6290-2,6290-2,5,"仿乙炔割嘴 6290-2#
包装：仿HARRIS",安宝公司,9.20,2025-05-26,跨客户（需甲方裁定是否可作通用价）,低,是,"嵊州海田/CWX 1-101,2-W SC12,MC12,HARRIS NX,AC/6290HARRIS生产计划单.doc"
嵊州海田,6290-1,6290-1,4,harris 乙炔割嘴 6290-1,安宝公司,7.50,,跨客户（需甲方裁定是否可作通用价）,低,是,"嵊州海田/CWX 1-101,2-W SC12,MC12,HARRIS NX,AC/6290HARRIS生产计划单.doc"
嵊州海田,6290-1,6290-1,4,"乙炔割嘴 6290-1# 
包装：中性塑料盒",安宝公司,8.60,2025-11-25,跨客户（需甲方裁定是否可作通用价）,低,是,"嵊州海田/CWX 1-101,2-W SC12,MC12,HARRIS NX,AC/6290HARRIS生产计划单.doc"
嵊州海田,6290-1,6290-1,4,"乙炔割嘴 6290-1# 
包装：中性塑料盒",安宝公司,8.60,2024-01-31,跨客户（需甲方裁定是否可作通用价）,低,是,"嵊州海田/CWX 1-101,2-W SC12,MC12,HARRIS NX,AC/6290HARRIS生产计划单.doc"
嵊州海田,6290-1,6290-1,4,"乙炔割嘴 6290-1# 
刻字中性
包装：塑料盒",安宝公司,9.70,2025-04-17,跨客户（需甲方裁定是否可作通用价）,低,是,"嵊州海田/CWX 1-101,2-W SC12,MC12,HARRIS NX,AC/6290HARRIS生产计划单.doc"
嵊州海田,6290-1,6290-1,4,"乙炔割嘴 6290-1# 
刻字中性
包装：塑料盒",安宝公司,9.68,2024-10-15,跨客户（需甲方裁定是否可作通用价）,低,是,"嵊州海田/CWX 1-101,2-W SC12,MC12,HARRIS NX,AC/6290HARRIS生产计划单.doc"
嵊州海田,6290-3,6290-3,3,6290-3 乙炔割嘴,安宝公司,8.60,2022-05-31,跨客户（需甲方裁定是否可作通用价）,低,是,"嵊州海田/CWX 1-101,2-W SC12,MC12,HARRIS NX,AC/6290HARRIS生产计划单.doc"
嵊州海田,6290-3,6290-3,3,harris 乙炔割嘴 6290-3,安宝公司,7.50,,跨客户（需甲方裁定是否可作通用价）,低,是,"嵊州海田/CWX 1-101,2-W SC12,MC12,HARRIS NX,AC/6290HARRIS生产计划单.doc"
嵊州海田,6290-3,6290-3,3,"仿乙炔割嘴 6290-3#
包装：仿HARRIS",安宝公司,11.40,2025-12-12,跨客户（需甲方裁定是否可作通用价）,低,是,"嵊州海田/CWX 1-101,2-W SC12,MC12,HARRIS NX,AC/6290HARRIS生产计划单.doc"
嵊州海田,6290-3,6290-3,3,"仿乙炔割嘴 6290-3#
包装：仿HARRIS",安宝公司,9.20,2025-05-26,跨客户（需甲方裁定是否可作通用价）,低,是,"嵊州海田/CWX 1-101,2-W SC12,MC12,HARRIS NX,AC/6290HARRIS生产计划单.doc"
嵊州海田,6290-3,6290-3,3,"仿乙炔割嘴 6290-3#

包装：仿HARRIS",安宝公司,9.20,2024-12-18,跨客户（需甲方裁定是否可作通用价）,低,是,"嵊州海田/CWX 1-101,2-W SC12,MC12,HARRIS NX,AC/6290HARRIS生产计划单.doc"
嵊州海田,"1#,3#,5#",1-3-5,1,无候选,,,,,,是,"嵊州海田/CWX 1-101,2-W SC12,MC12,HARRIS NX,AC/6290HARRIS生产计划单.doc"
嵊州海田,6290NX-00,6290-00,2,丙烷嘴 6290-NX 00#,安宝公司,6.20,2022-02-16,跨客户（需甲方裁定是否可作通用价）,低,是,嵊州海田/CTG NX 邢/常规生产计划单.doc
嵊州海田,6290NX-00,6290-00,2,"丙烷割嘴6290NX 00# 刻字：中性常规

包装：如右图类似对应型号",安宝公司,6.00,2025-08-26,跨客户（需甲方裁定是否可作通用价）,低,是,嵊州海田/CTG NX 邢/常规生产计划单.doc
嵊州海田,GPN-1 全紫铜,1,1,无候选,,,,,,是,"嵊州海田/CPT  GPN全紫铜 , 2290-3H/VICTOR GPN 全紫铜生产计划单.doc"
嵊州海田,GPN-2 全紫铜,2,1,无候选,,,,,,是,"嵊州海田/CPT  GPN全紫铜 , 2290-3H/VICTOR GPN 全紫铜生产计划单.doc"
嵊州海田,W,,2,GIOCWELD PNME,安宝公司,7.20,2021-06-21,跨客户（需甲方裁定是否可作通用价）,低,是,嵊州海田/CMR  CMY  1-101 GPN W MFA/VICTOR 生产计划单.doc
嵊州海田,W焊管,,1,无候选,,,,,,是,"嵊州海田/CMR  CMY  1-101 GPN W MFA/CMY 1-101,GPN/VICTOR 生产计划单.doc"
嵊州海田,MFA,,1,无候选,,,,,,是,"嵊州海田/CMR  CMY  1-101 GPN W MFA/CMY 1-101,GPN/VICTOR 生产计划单.doc"
嵊州海田,塑壳 红盖 不干胶 50只/中盒,50,1,无候选,,,,,,是,嵊州海田/CKT 1-101/常规生产计划单.doc
嵊州海田,GPN-7,7,4,无候选,,,,,,是,嵊州海田/CJH 订单/VICTOR1-101生产计划单.doc
嵊州海田,GPN-5,5,14,割嘴 GPN-5,安宝公司,8.50,2022-02-22,跨客户（需甲方裁定是否可作通用价）,低,是,"嵊州海田/CJE, CJS, GPN, 1-101,新警告标志 邢/VICTOR GPN 1-101生产计划单.doc"
嵊州海田,"0.1,3,4,5-W",0-1-3-4-5,1,无候选,,,,,,是,"嵊州海田/CJE, CJS, GPN, 1-101,新警告标志 邢/VICTOR GPN 1-101生产计划单.doc"
嵊州海田,1-3-GPN,1-3,1,无候选,,,,,,是,"嵊州海田/CJE, CJS, GPN, 1-101,新警告标志 邢/常规生产计划单.doc"
嵊州海田,2-3-GPN,2-3,1,无候选,,,,,,是,"嵊州海田/CJE, CJS, GPN, 1-101,新警告标志 邢/常规生产计划单.doc"
嵊州海田,3-3-GPN,3-3,1,割嘴3-3-GPN,安宝公司,7.80,2024-04-09,跨客户（需甲方裁定是否可作通用价）,低,是,"嵊州海田/CJE, CJS, GPN, 1-101,新警告标志 邢/常规生产计划单.doc"
嵊州海田,4-3-GPN,4-3,1,无候选,,,,,,是,"嵊州海田/CJE, CJS, GPN, 1-101,新警告标志 邢/常规生产计划单.doc"
嵊州海田,5-3-GPN,5-3,1,无候选,,,,,,是,"嵊州海田/CJE, CJS, GPN, 1-101,新警告标志 邢/常规生产计划单.doc"
嵊州海田,7-GPN,7,1,无候选,,,,,,是,嵊州海田/CGT  GPN直通/VICTOR 生产计划单.doc
嵊州海田,102HC-0,102-0,2,无候选,,,,,,是,"嵊州海田/CFT1-101,GPN   MADE MEXICO 邢/102HC 生产计划单.doc"
嵊州海田,G1-A16/10,1-16-10,3,无候选,,,,,,是,"嵊州海田/CEY ,CSD, 圆壳G1-A/G1-P生产计划单.doc"
嵊州海田,G1-A 10/10,1-10-10,2,无候选,,,,,,是,"嵊州海田/CEY ,CSD, 圆壳G1-A/G1-P生产计划单.doc"
嵊州海田,G1-A30/10,1-30-10,1,无候选,,,,,,是,"嵊州海田/CEY ,CSD, 圆壳G1-A/G1-P生产计划单.doc"
嵊州海田,G1-P30/10,1-30-10,1,无候选,,,,,,是,"嵊州海田/CEY ,CSD, 圆壳G1-A/G1-P生产计划单.doc"
嵊州海田,G1-P20/10,1-20-10,5,无候选,,,,,,是,"嵊州海田/CEY ,CSD, 圆壳G1-A/邵云忠G1-P两头黑盖生产计划单.doc"
嵊州海田,G1-P16/10,1-16-10,4,"割嘴 G1-P 16/10""",安宝公司,9.00,2024-04-08,跨客户（需甲方裁定是否可作通用价）,低,是,"嵊州海田/CEY ,CSD, 圆壳G1-A/邵云忠G1-P两头黑盖生产计划单.doc"
嵊州海田,G1-P16/10,1-16-10,4,"割嘴 G1-P 16/10""",安宝公司,8.50,2022-02-28,跨客户（需甲方裁定是否可作通用价）,低,是,"嵊州海田/CEY ,CSD, 圆壳G1-A/邵云忠G1-P两头黑盖生产计划单.doc"
嵊州海田,G1-P16/10,1-16-10,4,"割嘴 G1-P 16/10""",安宝公司,8.80,2021-10-09,跨客户（需甲方裁定是否可作通用价）,低,是,"嵊州海田/CEY ,CSD, 圆壳G1-A/邵云忠G1-P两头黑盖生产计划单.doc"
嵊州海田,G1-P10/10,1-10-10,3,"割嘴 G1-P 10/10""",安宝公司,8.80,2021-10-09,跨客户（需甲方裁定是否可作通用价）,低,是,"嵊州海田/CEY ,CSD, 圆壳G1-A/邵云忠G1-P两头黑盖生产计划单.doc"
嵊州海田,41-8,41-8,1,"仿澳式乙炔割嘴 41-8
包装：塑料挂钩盒+不干胶",安宝公司,12.85,2025-07-15,跨客户（需甲方裁定是否可作通用价）,低,是,嵊州海田/CDY 41 邢/常规生产计划单.doc
嵊州海田,41-8,41-8,1,"仿澳式乙炔割嘴 41-8
包装：塑料挂钩盒+不干胶",安宝公司,12.85,2025-05-26,跨客户（需甲方裁定是否可作通用价）,低,是,嵊州海田/CDY 41 邢/常规生产计划单.doc
嵊州海田,41-8,41-8,1,"仿澳大利亚款式乙炔 割嘴 41-8

包装：塑料盒+不干胶",安宝公司,16.20,2026-07-15,跨客户（需甲方裁定是否可作通用价）,低,是,嵊州海田/CDY 41 邢/常规生产计划单.doc
嵊州海田,41-8,41-8,1,"仿澳大利亚款式乙炔 割嘴 41-8

包装：塑料盒+不干胶",安宝公司,15.40,2025-12-12,跨客户（需甲方裁定是否可作通用价）,低,是,嵊州海田/CDY 41 邢/常规生产计划单.doc
嵊州海田,41-8,41-8,1,"仿澳大利亚款式乙炔割嘴 41-8

包装：塑料挂钩盒+不干胶",安宝公司,12.85,2024-12-18,跨客户（需甲方裁定是否可作通用价）,低,是,嵊州海田/CDY 41 邢/常规生产计划单.doc
嵊州海田,41-12,41-12,1,"仿澳式乙炔割嘴 41-12
包装：塑料挂钩盒+不干胶",安宝公司,12.85,2025-07-30,跨客户（需甲方裁定是否可作通用价）,低,是,嵊州海田/CDY 41 邢/常规生产计划单.doc
嵊州海田,41-12,41-12,1,"仿澳式乙炔割嘴 41-12
包装：塑料挂钩盒+不干胶",安宝公司,12.85,2025-07-15,跨客户（需甲方裁定是否可作通用价）,低,是,嵊州海田/CDY 41 邢/常规生产计划单.doc
嵊州海田,41-12,41-12,1,"仿澳式乙炔割嘴 41-12
包装：塑料挂钩盒+不干胶",安宝公司,12.85,2025-05-26,跨客户（需甲方裁定是否可作通用价）,低,是,嵊州海田/CDY 41 邢/常规生产计划单.doc
嵊州海田,41-12,41-12,1,"仿澳大利亚款式乙炔 割嘴 41-12

包装：塑料盒+不干胶",安宝公司,16.20,2026-07-15,跨客户（需甲方裁定是否可作通用价）,低,是,嵊州海田/CDY 41 邢/常规生产计划单.doc
嵊州海田,41-12,41-12,1,"仿澳大利亚款式乙炔 割嘴 41-12

包装：塑料盒+不干胶",安宝公司,15.40,2025-12-12,跨客户（需甲方裁定是否可作通用价）,低,是,嵊州海田/CDY 41 邢/常规生产计划单.doc
嵊州海田,41-15,41-15,1,"仿澳式乙炔割嘴 41-15
包装：塑料挂钩盒+不干胶",安宝公司,12.85,2025-07-15,跨客户（需甲方裁定是否可作通用价）,低,是,嵊州海田/CDY 41 邢/常规生产计划单.doc
嵊州海田,41-15,41-15,1,"仿澳式乙炔割嘴 41-15
包装：塑料挂钩盒+不干胶",安宝公司,12.85,2025-05-26,跨客户（需甲方裁定是否可作通用价）,低,是,嵊州海田/CDY 41 邢/常规生产计划单.doc
嵊州海田,41-15,41-15,1,"仿澳大利亚款式乙炔 割嘴 41-15

包装：塑料盒+不干胶",安宝公司,16.20,2026-07-15,跨客户（需甲方裁定是否可作通用价）,低,是,嵊州海田/CDY 41 邢/常规生产计划单.doc
嵊州海田,41-15,41-15,1,"仿澳大利亚款式乙炔 割嘴 41-15

包装：塑料盒+不干胶",安宝公司,15.40,2025-12-12,跨客户（需甲方裁定是否可作通用价）,低,是,嵊州海田/CDY 41 邢/常规生产计划单.doc
嵊州海田,41-15,41-15,1,"仿澳大利亚款式乙炔割嘴 41-15

包装：塑料挂钩盒+不干胶",安宝公司,12.85,2024-12-18,跨客户（需甲方裁定是否可作通用价）,低,是,嵊州海田/CDY 41 邢/常规生产计划单.doc
嵊州海田,41-20,41-20,1,"仿澳式乙炔割嘴 41-20
包装：塑料挂钩盒+不干胶",安宝公司,12.85,2025-07-15,跨客户（需甲方裁定是否可作通用价）,低,是,嵊州海田/CDY 41 邢/常规生产计划单.doc
嵊州海田,41-20,41-20,1,"仿澳式乙炔割嘴 41-20
包装：塑料挂钩盒+不干胶",安宝公司,12.85,2025-05-26,跨客户（需甲方裁定是否可作通用价）,低,是,嵊州海田/CDY 41 邢/常规生产计划单.doc
嵊州海田,41-20,41-20,1,"仿澳大利亚款式乙炔 割嘴 41-20

包装：塑料盒+不干胶",安宝公司,16.20,2026-07-15,跨客户（需甲方裁定是否可作通用价）,低,是,嵊州海田/CDY 41 邢/常规生产计划单.doc
嵊州海田,41-20,41-20,1,"仿澳大利亚款式乙炔 割嘴 41-20

包装：塑料盒+不干胶",安宝公司,15.40,2025-12-12,跨客户（需甲方裁定是否可作通用价）,低,是,嵊州海田/CDY 41 邢/常规生产计划单.doc
嵊州海田,41-20,41-20,1,"仿澳大利亚款式乙炔割嘴 41-20

包装：塑料挂钩盒+不干胶",安宝公司,12.85,2024-12-18,跨客户（需甲方裁定是否可作通用价）,低,是,嵊州海田/CDY 41 邢/常规生产计划单.doc
嵊州海田,41-32,41-32,1,无候选,,,,,,是,嵊州海田/CDY 41 邢/常规生产计划单.doc
嵊州海田,GPN-10,10,2,无候选,,,,,,是,"嵊州海田/CDX GPN-10直通, HARRIS 6290NX, 229-5H 邢/HARRIS NX 生产计划单.doc"
嵊州海田,GPN-8 直通,8,1,无候选,,,,,,是,"嵊州海田/CDX GPN-10直通, HARRIS 6290NX, 229-5H 邢/HARRIS NX 生产计划单.doc"
嵊州海田,2290-3H,2290-3,1,无候选,,,,,,是,"嵊州海田/CDX GPN-10直通, HARRIS 6290NX, 229-5H 邢/HARRIS NX 生产计划单.doc"
嵊州海田,2290-4H,2290-4,1,无候选,,,,,,是,"嵊州海田/CDX GPN-10直通, HARRIS 6290NX, 229-5H 邢/HARRIS NX 生产计划单.doc"
嵊州海田,2290-5H,2290-5,1,无候选,,,,,,是,"嵊州海田/CDX GPN-10直通, HARRIS 6290NX, 229-5H 邢/HARRIS NX 生产计划单.doc"
嵊州海田,"0,1,2,3,5-W",0-1-2-3-5,1,无候选,,,,,,是,嵊州海田/CCN 1-101  102HC 不印产地/VICTOR1-101生产计划单.doc
嵊州海田,1502-4,1502-4,1,"乙炔割嘴 1502 4#
包装+刻字：中性",安宝公司,16.40,2026-06-26,跨客户（需甲方裁定是否可作通用价）,低,是,嵊州海田/CCN 1-101  102HC 不印产地/1502 生产计划单.doc
嵊州海田,1502-6,1502-6,1,无候选,,,,,,是,嵊州海田/CCN 1-101  102HC 不印产地/1502 生产计划单.doc
嵊州海田,102HC-1,102-1,3,"乙炔割嘴 102HC-1#
包装：彩卡+泡壳+说明书",安宝公司,14.80,2025-12-12,跨客户（需甲方裁定是否可作通用价）,低,是,嵊州海田/CCN 1-101  102HC 不印产地/102HC 生产计划单.doc
嵊州海田,102HC-4,102-4,2,无候选,,,,,,是,嵊州海田/CCN 1-101  102HC 不印产地/102HC 生产计划单.doc
嵊州海田,G1-A 20/10,1-20-10,2,无候选,,,,,,是,嵊州海田/BKV G1-A/G1-A 生产计划单.doc
嵊州海田,0-3-101,0-3-101,2,无候选,,,,,,是,嵊州海田/AMZ  1-101 JZWELD牌子/常规生产计划单.doc
嵊州海田,1-3-101,1-3-101,2,无候选,,,,,,是,嵊州海田/AMZ  1-101 JZWELD牌子/常规生产计划单.doc
嵊州海田,2-3-101,2-3-101,2,无候选,,,,,,是,嵊州海田/AMZ  1-101 JZWELD牌子/常规生产计划单.doc
嵊州海田,3-3-101,3-3-101,2,无候选,,,,,,是,嵊州海田/AMZ  1-101 JZWELD牌子/常规生产计划单.doc
嵊州海田,229-0(PNME),229-0,1,无候选,,,,,,是,嵊州海田/AIR IMETAN Ricardo/AIR IMETAN生产计划单-3.doc
嵊州海田,164-4,164-4,1,无候选,,,,,,是,嵊州海田/AIR IMETAN Ricardo/AIR IMETAN生产计划单-3.doc
嵊州海田,6-1-101,6-1-101,11,无候选,,,,,,是,嵊州海田/AIR IMETAN Ricardo/AIR IMETAN生产计划单-2 (2).doc
嵊州海田,GPN-6,6,7,割嘴 GPN-6,安宝公司,8.50,2022-02-22,跨客户（需甲方裁定是否可作通用价）,低,是,嵊州海田/AIR IMETAN Ricardo/AIR IMETAN生产计划单-2 (2).doc
嵊州海田,GPN-8,8,2,无候选,,,,,,是,嵊州海田/AIR IMETAN Ricardo/AIR IMETAN生产计划单-2 (2).doc
嵊州海田,229-1 (PNME),229-1,1,无候选,,,,,,是,嵊州海田/AIR IMETAN Ricardo/AIR IMETAN生产计划单-2 (2).doc
嵊州海田,3-1-101,3-1-101,74,割嘴 #3-1-101 仿包装,安宝公司,12.80,2024-12-30,跨客户（需甲方裁定是否可作通用价）,低,是,嵊州海田/AIR IMETAN Ricardo/AIR IMETAN生产计划单-1.doc
嵊州海田,3-1-101,3-1-101,74,Victor 乙炔割嘴 3-1-101,安宝公司,13.20,2025-07-25,跨客户（需甲方裁定是否可作通用价）,低,是,嵊州海田/AIR IMETAN Ricardo/AIR IMETAN生产计划单-1.doc
嵊州海田,GPN-00,00,9,无候选,,,,,,是,嵊州海田/AIR IMETAN Ricardo/AIR IMETAN生产计划单-1.doc
嵊州海田,GPN-2,2,37,"GPN, 2#，原装VICTOR包装和标签",嵊州海田,8.50,2014-07-28,同客户,高,是,"嵊州海田/伊朗106HC,GPN贴不干胶/106HC生产计划单MADE IN JAPAN.doc"
嵊州海田,GPN-3,3,34,割嘴 GPN-3,安宝公司,8.50,2022-02-22,跨客户（需甲方裁定是否可作通用价）,低,是,"嵊州海田/伊朗106HC,GPN贴不干胶/106HC生产计划单MADE IN JAPAN.doc"
嵊州海田,GPN-3,3,34,"丙烷割嘴 GPN 3#

包装：塑料盒 不要贴 不干胶",安宝公司,8.60,2025-08-26,跨客户（需甲方裁定是否可作通用价）,低,是,"嵊州海田/伊朗106HC,GPN贴不干胶/106HC生产计划单MADE IN JAPAN.doc"
嵊州海田,GPN-3,3,34,"丙烷割嘴 GPN 3#

包装：塑料盒 不要贴 不干胶",安宝公司,9.45,2024-08-08,跨客户（需甲方裁定是否可作通用价）,低,是,"嵊州海田/伊朗106HC,GPN贴不干胶/106HC生产计划单MADE IN JAPAN.doc"
嵊州海田,GPN-3,3,34,"Victor 丙烷割嘴 GPN-3#
如右图所示",安宝公司,9.00,2022-12-19,跨客户（需甲方裁定是否可作通用价）,低,是,"嵊州海田/伊朗106HC,GPN贴不干胶/106HC生产计划单MADE IN JAPAN.doc"
嵊州海田,GPN-3,3,34,"VICTOR 丙烷割嘴 GPN-3#
刻字：VICTOR中性刻字

包装：VICTOR塑料盒+不干胶",安宝公司,9.00,2023-01-14,跨客户（需甲方裁定是否可作通用价）,低,是,"嵊州海田/伊朗106HC,GPN贴不干胶/106HC生产计划单MADE IN JAPAN.doc"
嵊州海田,GPN-4,4,27,"Victor 丙烷割嘴 GPN-4#
如右图所示",安宝公司,9.00,2022-12-19,跨客户（需甲方裁定是否可作通用价）,低,是,"嵊州海田/伊朗106HC,GPN贴不干胶/106HC生产计划单MADE IN JAPAN.doc"
嵊州海田,GPN-0,0,21,割嘴 GPN-0,安宝公司,8.50,2022-02-22,跨客户（需甲方裁定是否可作通用价）,低,是,"嵊州海田/伊朗106HC,GPN贴不干胶/106HC生产计划单MADE IN JAPAN.doc"
嵊州海田,GPN-0,0,21,"丙烷割嘴 GPN 0#

包装：塑料盒 不要贴 不干胶",安宝公司,8.60,2025-08-26,跨客户（需甲方裁定是否可作通用价）,低,是,"嵊州海田/伊朗106HC,GPN贴不干胶/106HC生产计划单MADE IN JAPAN.doc"
嵊州海田,GPN-0,0,21,"丙烷割嘴 GPN 0#

包装：塑料盒 不要贴 不干胶",安宝公司,9.45,2024-08-08,跨客户（需甲方裁定是否可作通用价）,低,是,"嵊州海田/伊朗106HC,GPN贴不干胶/106HC生产计划单MADE IN JAPAN.doc"
嵊州海田,106HC-2,106-2,8,106HC   2#,安宝公司,6.50,2020-07-03,跨客户（需甲方裁定是否可作通用价）,低,是,"嵊州海田/伊朗106HC,GPN贴不干胶/106HC生产计划单MADE IN JAPAN.doc"
嵊州海田,106HC-2,106-2,8,"丙烷割嘴 106HC 2#
包装：彩卡+泡壳+说明书",安宝公司,9.00,2026-07-31,跨客户（需甲方裁定是否可作通用价）,低,是,"嵊州海田/伊朗106HC,GPN贴不干胶/106HC生产计划单MADE IN JAPAN.doc"
嵊州海田,106HC-2,106-2,8,"丙烷割嘴 106HC 2#
包装：彩卡+泡壳+说明书",安宝公司,8.00,2025-12-12,跨客户（需甲方裁定是否可作通用价）,低,是,"嵊州海田/伊朗106HC,GPN贴不干胶/106HC生产计划单MADE IN JAPAN.doc"
嵊州海田,106HC-2,106-2,8,"丙烷割嘴 106HC 2#  塑料盒包装
包装：彩卡+泡壳+说明书",安宝公司,6.60,2025-05-26,跨客户（需甲方裁定是否可作通用价）,低,是,"嵊州海田/伊朗106HC,GPN贴不干胶/106HC生产计划单MADE IN JAPAN.doc"
嵊州海田,106HC-1,106-1,7,106HC   1#,安宝公司,6.50,2020-07-03,跨客户（需甲方裁定是否可作通用价）,低,是,"嵊州海田/伊朗106HC,GPN贴不干胶/106HC生产计划单MADE IN JAPAN.doc"
嵊州海田,106HC-1,106-1,7,"丙烷割嘴 106HC 1#
包装：彩卡+泡壳+说明书",安宝公司,9.00,2026-07-31,跨客户（需甲方裁定是否可作通用价）,低,是,"嵊州海田/伊朗106HC,GPN贴不干胶/106HC生产计划单MADE IN JAPAN.doc"
嵊州海田,106HC-1,106-1,7,"丙烷割嘴 106HC 1#  
包装：彩卡+泡壳+说明书",安宝公司,6.60,2025-05-26,跨客户（需甲方裁定是否可作通用价）,低,是,"嵊州海田/伊朗106HC,GPN贴不干胶/106HC生产计划单MADE IN JAPAN.doc"
嵊州海田,106HC-3,106-3,7,106HC   3#,安宝公司,6.50,2020-07-03,跨客户（需甲方裁定是否可作通用价）,低,是,"嵊州海田/伊朗106HC,GPN贴不干胶/106HC生产计划单MADE IN JAPAN.doc"
嵊州海田,106HC-3,106-3,7,"丙烷割嘴 106HC 3#
包装：彩卡+泡壳+说明书",安宝公司,9.00,2026-07-31,跨客户（需甲方裁定是否可作通用价）,低,是,"嵊州海田/伊朗106HC,GPN贴不干胶/106HC生产计划单MADE IN JAPAN.doc"
嵊州海田,106HC-3,106-3,7,"丙烷割嘴 106HC 3#
包装：彩卡+泡壳+说明书",安宝公司,8.00,2025-12-12,跨客户（需甲方裁定是否可作通用价）,低,是,"嵊州海田/伊朗106HC,GPN贴不干胶/106HC生产计划单MADE IN JAPAN.doc"
嵊州海田,106HC-0,106-0,6,106HC   0#,安宝公司,6.50,2020-07-03,跨客户（需甲方裁定是否可作通用价）,低,是,"嵊州海田/伊朗106HC,GPN贴不干胶/106HC生产计划单MADE IN JAPAN.doc"
嵊州海田,106HC-4,106-4,6,106HC   4#,安宝公司,6.50,2020-07-03,跨客户（需甲方裁定是否可作通用价）,低,是,"嵊州海田/伊朗106HC,GPN贴不干胶/106HC生产计划单MADE IN JAPAN.doc"
嵊州海田,106HC-4,106-4,6,"丙烷割嘴 106HC 4#
包装：彩卡+泡壳+说明书",安宝公司,9.00,2026-07-31,跨客户（需甲方裁定是否可作通用价）,低,是,"嵊州海田/伊朗106HC,GPN贴不干胶/106HC生产计划单MADE IN JAPAN.doc"
嵊州海田,106HC-4,106-4,6,"丙烷割嘴 106HC 4#
包装：彩卡+泡壳+说明书",安宝公司,8.00,2025-12-12,跨客户（需甲方裁定是否可作通用价）,低,是,"嵊州海田/伊朗106HC,GPN贴不干胶/106HC生产计划单MADE IN JAPAN.doc"
嵊州海田,106HC-4,106-4,6,"丙烷割嘴 106HC 4#  塑料盒包装
包装：彩卡+泡壳+说明书",安宝公司,6.60,2025-05-26,跨客户（需甲方裁定是否可作通用价）,低,是,"嵊州海田/伊朗106HC,GPN贴不干胶/106HC生产计划单MADE IN JAPAN.doc"
嵊州海田,106HC-5,106-5,6,106HC   5#,安宝公司,6.50,2020-07-03,跨客户（需甲方裁定是否可作通用价）,低,是,"嵊州海田/伊朗106HC,GPN贴不干胶/106HC生产计划单MADE IN JAPAN.doc"
嵊州海田,106HC-6 3.2,106-6-3-2,1,无候选,,,,,,是,"嵊州海田/伊朗106HC,GPN贴不干胶/106HC生产计划单MADE IN JAPAN.doc"
嵊州海田,106HC-7 3.6,106-7-3-6,1,无候选,,,,,,是,"嵊州海田/伊朗106HC,GPN贴不干胶/106HC生产计划单MADE IN JAPAN.doc"
嵊州海田,106HC-8 4.0,106-8-4-0,1,无候选,,,,,,是,"嵊州海田/伊朗106HC,GPN贴不干胶/106HC生产计划单MADE IN JAPAN.doc"
嵊州海田,PNME9 1/16,9-1-16,4,无候选,,,,,,是,"嵊州海田/旧订单/俄罗斯100C,PNME/PNME9生产计划单.doc"
嵊州海田,100CL 105,100-105,1,无候选,,,,,,是,"嵊州海田/旧订单/俄罗斯100C,PNME/100C割炬生产计划单.doc"
嵊州海田,102HC-2,102-2,4,乙炔割嘴 102HC-2#,安宝公司,14.50,2024-12-18,跨客户（需甲方裁定是否可作通用价）,低,是,"嵊州海田/旧订单/102HC,不印产地/102HC生产计划单MADE IN JAPAN.doc"
嵊州海田,102HC-2,102-2,4,"乙炔割嘴 102HC-2#
包装：彩卡+泡壳+说明书",安宝公司,14.80,2025-12-12,跨客户（需甲方裁定是否可作通用价）,低,是,"嵊州海田/旧订单/102HC,不印产地/102HC生产计划单MADE IN JAPAN.doc"
嵊州海田,102HC-3,102-3,4,"乙炔割嘴 102HC-3#
包装：彩卡+泡壳+说明书",安宝公司,14.80,2025-12-12,跨客户（需甲方裁定是否可作通用价）,低,是,"嵊州海田/旧订单/102HC,不印产地/102HC生产计划单MADE IN JAPAN.doc"
嵊州海田,GPN-1,1,39,"GPN, 1#，原装VICTOR包装和标签",嵊州海田,8.50,2014-12-16,同客户,高,是,嵊州海田/常规生产计划单.doc
嵊州海田,5-1-101,5-1-101,35,无候选,,,,,,是,嵊州海田/22 IAM   T20 106HC金色字  宋/VICTOR GPN 生产计划单.doc
嵊州海田,6-GPN,6,8,无候选,,,,,,是,嵊州海田/22 IAM   T20 106HC金色字  宋/VICTOR GPN 生产计划单.doc
嵊州海田,8-GPN,8,3,无候选,,,,,,是,嵊州海田/22 IAM   T20 106HC金色字  宋/VICTOR GPN 生产计划单.doc
嵊州海田,7-GPN直通,7,1,无候选,,,,,,是,嵊州海田/22 IAM   T20 106HC金色字  宋/VICTOR GPN 生产计划单.doc
嵊州海田,6290NX-2,6290-2,19,6290-NX-2割嘴,安宝公司,6.20,2024-04-09,跨客户（需甲方裁定是否可作通用价）,低,是,嵊州海田/22 IAM   T20 106HC金色字  宋/HARRIS 6290NX生产计划单.doc
嵊州海田,6290NX-2,6290-2,19,6290-NX-2割嘴,安宝公司,6.00,2023-06-24,跨客户（需甲方裁定是否可作通用价）,低,是,嵊州海田/22 IAM   T20 106HC金色字  宋/HARRIS 6290NX生产计划单.doc
嵊州海田,6290NX-2,6290-2,19,丙烷割嘴 6290-NX-2,安宝公司,6.30,2025-05-06,跨客户（需甲方裁定是否可作通用价）,低,是,嵊州海田/22 IAM   T20 106HC金色字  宋/HARRIS 6290NX生产计划单.doc
嵊州海田,6290NX-2,6290-2,19,6290 NX 2# 仿包装,安宝公司,6.00,2021-11-13,跨客户（需甲方裁定是否可作通用价）,低,是,嵊州海田/22 IAM   T20 106HC金色字  宋/HARRIS 6290NX生产计划单.doc
嵊州海田,6290NX-2,6290-2,19,丙烷割嘴 6290-NX-2#,安宝公司,6.20,2022-12-19,跨客户（需甲方裁定是否可作通用价）,低,是,嵊州海田/22 IAM   T20 106HC金色字  宋/HARRIS 6290NX生产计划单.doc
嵊州海田,6290NX-1,6290-1,16,"6290-NX, 1＃，原装HARRIS包装和刻字",嵊州海田,6.50,2014-07-28,同客户,高,是,嵊州海田/22 IAM   T20 106HC金色字  宋/HARRIS 6290NX生产计划单.doc
嵊州海田,6290NX-3,6290-3,15,6290-NX-3割嘴,安宝公司,6.20,2024-04-09,跨客户（需甲方裁定是否可作通用价）,低,是,嵊州海田/22 IAM   T20 106HC金色字  宋/HARRIS 6290NX生产计划单.doc
嵊州海田,6290NX-3,6290-3,15,6290-NX-3割嘴,安宝公司,6.00,2023-06-24,跨客户（需甲方裁定是否可作通用价）,低,是,嵊州海田/22 IAM   T20 106HC金色字  宋/HARRIS 6290NX生产计划单.doc
嵊州海田,6290NX-3,6290-3,15,6290-NX-3割嘴,安宝公司,6.00,2022-10-27,跨客户（需甲方裁定是否可作通用价）,低,是,嵊州海田/22 IAM   T20 106HC金色字  宋/HARRIS 6290NX生产计划单.doc
嵊州海田,6290NX-3,6290-3,15,丙烷割嘴 6290-NX-3,安宝公司,7.30,2026-08-26,跨客户（需甲方裁定是否可作通用价）,低,是,嵊州海田/22 IAM   T20 106HC金色字  宋/HARRIS 6290NX生产计划单.doc
嵊州海田,6290NX-3,6290-3,15,丙烷割嘴 6290-NX-3,安宝公司,6.30,2025-05-06,跨客户（需甲方裁定是否可作通用价）,低,是,嵊州海田/22 IAM   T20 106HC金色字  宋/HARRIS 6290NX生产计划单.doc
嵊州海田,6290NX-0,6290-0,8,丙烷割嘴 6290NX-0#,安宝公司,6.00,2022-10-29,跨客户（需甲方裁定是否可作通用价）,低,是,嵊州海田/22 IAM   T20 106HC金色字  宋/HARRIS 6290NX生产计划单.doc
嵊州海田,6290NX-0,6290-0,8,HARRIS 丙烷割嘴6290-NX-0,安宝公司,5.25,,跨客户（需甲方裁定是否可作通用价）,低,是,嵊州海田/22 IAM   T20 106HC金色字  宋/HARRIS 6290NX生产计划单.doc
嵊州海田,6290NX-0,6290-0,8,"丙烷割嘴6290NX 0# 刻字：中性常规

包装：如右图类似对应型号",安宝公司,6.00,2025-08-26,跨客户（需甲方裁定是否可作通用价）,低,是,嵊州海田/22 IAM   T20 106HC金色字  宋/HARRIS 6290NX生产计划单.doc
嵊州海田,6290NX-4,6290-4,8,丙烷割嘴 6290-NX-4#,安宝公司,6.20,2022-12-19,跨客户（需甲方裁定是否可作通用价）,低,是,嵊州海田/22 IAM   T20 106HC金色字  宋/HARRIS 6290NX生产计划单.doc
嵊州海田,6290NX-5,6290-5,7,丙烷割嘴 6290-NX-5#,安宝公司,6.20,2022-12-19,跨客户（需甲方裁定是否可作通用价）,低,是,嵊州海田/22 IAM   T20 106HC金色字  宋/HARRIS 6290NX生产计划单.doc
嵊州海田,6290NX-6,6290-6,6,丙烷割嘴 6290-NX-6#,安宝公司,6.20,2022-12-19,跨客户（需甲方裁定是否可作通用价）,低,是,嵊州海田/22 IAM   T20 106HC金色字  宋/HARRIS 6290NX生产计划单.doc
嵊州海田,1-1-101,1-1-101,86,割嘴 #1-1-101 仿包装,安宝公司,12.80,2024-12-30,跨客户（需甲方裁定是否可作通用价）,低,是,"嵊州海田/21IIF03  VICTOR 1-101, GPN,0-7-W,MFA,MFN 宋/VICTOR GPN 生产计划单.doc"
嵊州海田,1-1-101,1-1-101,86,Victor 乙炔割嘴 1-1-101,安宝公司,13.20,2025-07-25,跨客户（需甲方裁定是否可作通用价）,低,是,"嵊州海田/21IIF03  VICTOR 1-101, GPN,0-7-W,MFA,MFN 宋/VICTOR GPN 生产计划单.doc"
嵊州海田,2-1-101,2-1-101,83,割嘴 #2-1-101 仿包装,安宝公司,12.80,2024-12-30,跨客户（需甲方裁定是否可作通用价）,低,是,"嵊州海田/21IIF03  VICTOR 1-101, GPN,0-7-W,MFA,MFN 宋/VICTOR GPN 生产计划单.doc"
嵊州海田,2-1-101,2-1-101,83,Victor 乙炔割嘴 2-1-101,安宝公司,13.20,2025-07-25,跨客户（需甲方裁定是否可作通用价）,低,是,"嵊州海田/21IIF03  VICTOR 1-101, GPN,0-7-W,MFA,MFN 宋/VICTOR GPN 生产计划单.doc"
嵊州海田,0-1-101,0-1-101,56,割嘴 #0-1-101 仿包装,安宝公司,12.80,2024-12-30,跨客户（需甲方裁定是否可作通用价）,低,是,"嵊州海田/21IIF03  VICTOR 1-101, GPN,0-7-W,MFA,MFN 宋/VICTOR GPN 生产计划单.doc"
嵊州海田,4-1-101,4-1-101,55,割嘴 #4-1-101 仿包装,安宝公司,12.80,2024-12-30,跨客户（需甲方裁定是否可作通用价）,低,是,"嵊州海田/21IIF03  VICTOR 1-101, GPN,0-7-W,MFA,MFN 宋/VICTOR GPN 生产计划单.doc"
嵊州海田,4-1-101,4-1-101,55,Victor 乙炔割嘴 4-1-101,安宝公司,13.20,2025-07-25,跨客户（需甲方裁定是否可作通用价）,低,是,"嵊州海田/21IIF03  VICTOR 1-101, GPN,0-7-W,MFA,MFN 宋/VICTOR GPN 生产计划单.doc"
嵊州海田,2-GPN,2,36,2-GPN,安宝公司,8.80,2024-04-09,跨客户（需甲方裁定是否可作通用价）,低,是,"嵊州海田/21IIF03  VICTOR 1-101, GPN,0-7-W,MFA,MFN 宋/VICTOR GPN 生产计划单.doc"
嵊州海田,2-GPN,2,36,2-GPN,安宝公司,9.00,2023-06-24,跨客户（需甲方裁定是否可作通用价）,低,是,"嵊州海田/21IIF03  VICTOR 1-101, GPN,0-7-W,MFA,MFN 宋/VICTOR GPN 生产计划单.doc"
嵊州海田,2-GPN,2,36,2-GPN,安宝公司,8.50,2022-10-27,跨客户（需甲方裁定是否可作通用价）,低,是,"嵊州海田/21IIF03  VICTOR 1-101, GPN,0-7-W,MFA,MFN 宋/VICTOR GPN 生产计划单.doc"
嵊州海田,2-GPN,2,36,丙烷割嘴 2-GPN,安宝公司,8.80,2025-03-11,跨客户（需甲方裁定是否可作通用价）,低,是,"嵊州海田/21IIF03  VICTOR 1-101, GPN,0-7-W,MFA,MFN 宋/VICTOR GPN 生产计划单.doc"
嵊州海田,1-GPN,1,35,无候选,,,,,,是,"嵊州海田/21IIF03  VICTOR 1-101, GPN,0-7-W,MFA,MFN 宋/VICTOR GPN 生产计划单.doc"
嵊州海田,3-GPN,3,33,无候选,,,,,,是,"嵊州海田/21IIF03  VICTOR 1-101, GPN,0-7-W,MFA,MFN 宋/VICTOR GPN 生产计划单.doc"
嵊州海田,4-GPN,4,29,无候选,,,,,,是,"嵊州海田/21IIF03  VICTOR 1-101, GPN,0-7-W,MFA,MFN 宋/VICTOR GPN 生产计划单.doc"
嵊州海田,0-GPN,0,24,无候选,,,,,,是,"嵊州海田/21IIF03  VICTOR 1-101, GPN,0-7-W,MFA,MFN 宋/VICTOR GPN 生产计划单.doc"
嵊州海田,5-GPN,5,18,无候选,,,,,,是,"嵊州海田/21IIF03  VICTOR 1-101, GPN,0-7-W,MFA,MFN 宋/VICTOR GPN 生产计划单.doc"
嵊州海田,00-1-101,00-1-101,17,割嘴 #00-1-101 仿包装,安宝公司,12.80,2024-12-30,跨客户（需甲方裁定是否可作通用价）,低,是,"嵊州海田/21IIF03  VICTOR 1-101, GPN,0-7-W,MFA,MFN 宋/VICTOR GPN 生产计划单.doc"
嵊州海田,00-GPN,00,14,无候选,,,,,,是,"嵊州海田/21IIF03  VICTOR 1-101, GPN,0-7-W,MFA,MFN 宋/VICTOR GPN 生产计划单.doc"
嵊州海田,000-GPN,000,2,无候选,,,,,,是,"嵊州海田/21IIF03  VICTOR 1-101, GPN,0-7-W,MFA,MFN 宋/VICTOR GPN 生产计划单.doc"
嵊州海田,000-1-101,000-1-101,2,无候选,,,,,,是,"嵊州海田/21IIF03  VICTOR 1-101, GPN,0-7-W,MFA,MFN 宋/VICTOR GPN 生产计划单.doc"
嵊州海田,6290-2AC,6290-2,7,无候选,,,,,,是,"嵊州海田/21IIF03  VICTOR 1-101, GPN,0-7-W,MFA,MFN 宋/6290AC HARRIS生产计划单.doc"
嵊州海田,6290-1AC,6290-1,3,无候选,,,,,,是,"嵊州海田/21IIF03  VICTOR 1-101, GPN,0-7-W,MFA,MFN 宋/6290AC HARRIS生产计划单.doc"
嵊州海田,6290-3AC,6290-3,3,无候选,,,,,,是,"嵊州海田/21IIF03  VICTOR 1-101, GPN,0-7-W,MFA,MFN 宋/6290AC HARRIS生产计划单.doc"
嵊州海田,6290NFF-00,6290-00,1,无候选,,,,,,是,"嵊州海田/21IIF03  VICTOR 1-101, GPN,0-7-W,MFA,MFN 宋/6290AC HARRIS生产计划单.doc"
嵊州海田,6290NFF-0,6290-0,1,无候选,,,,,,是,"嵊州海田/21IIF03  VICTOR 1-101, GPN,0-7-W,MFA,MFN 宋/6290AC HARRIS生产计划单.doc"
嵊州海田,6290NFF-1,6290-1,1,割嘴 6290-NFF 1#,安宝公司,6.20,2022-11-15,跨客户（需甲方裁定是否可作通用价）,低,是,"嵊州海田/21IIF03  VICTOR 1-101, GPN,0-7-W,MFA,MFN 宋/6290AC HARRIS生产计划单.doc"
嵊州海田,6290NFF-2,6290-2,1,割嘴 6290-NFF 2#,安宝公司,6.20,2022-11-15,跨客户（需甲方裁定是否可作通用价）,低,是,"嵊州海田/21IIF03  VICTOR 1-101, GPN,0-7-W,MFA,MFN 宋/6290AC HARRIS生产计划单.doc"
嵊州海田,6290NFF-2,6290-2,1,丙烷割嘴 6290-NFF-2#,安宝公司,6.20,2024-01-31,跨客户（需甲方裁定是否可作通用价）,低,是,"嵊州海田/21IIF03  VICTOR 1-101, GPN,0-7-W,MFA,MFN 宋/6290AC HARRIS生产计划单.doc"
嵊州海田,6290NFF-2,6290-2,1,丙烷割嘴 6290-NFF-2#,安宝公司,6.20,2023-04-21,跨客户（需甲方裁定是否可作通用价）,低,是,"嵊州海田/21IIF03  VICTOR 1-101, GPN,0-7-W,MFA,MFN 宋/6290AC HARRIS生产计划单.doc"
嵊州海田,6290NFF-5,6290-5,1,丙烷割嘴 6290-NFF-5#,安宝公司,6.20,2024-01-31,跨客户（需甲方裁定是否可作通用价）,低,是,"嵊州海田/21IIF03  VICTOR 1-101, GPN,0-7-W,MFA,MFN 宋/6290AC HARRIS生产计划单.doc"
嵊州海田,6290NFF-5,6290-5,1,丙烷割嘴 6290-NFF-5#,安宝公司,6.20,2023-04-21,跨客户（需甲方裁定是否可作通用价）,低,是,"嵊州海田/21IIF03  VICTOR 1-101, GPN,0-7-W,MFA,MFN 宋/6290AC HARRIS生产计划单.doc"
嵊州海田,6290NFF-6,6290-6,1,丙烷割嘴 6290-NFF-6#,安宝公司,6.20,2024-01-31,跨客户（需甲方裁定是否可作通用价）,低,是,"嵊州海田/21IIF03  VICTOR 1-101, GPN,0-7-W,MFA,MFN 宋/6290AC HARRIS生产计划单.doc"
嵊州海田,6290NFF-6,6290-6,1,丙烷割嘴 6290-NFF-6#,安宝公司,6.20,2023-04-21,跨客户（需甲方裁定是否可作通用价）,低,是,"嵊州海田/21IIF03  VICTOR 1-101, GPN,0-7-W,MFA,MFN 宋/6290AC HARRIS生产计划单.doc"
正恒公司,6290NX-0 0700-1600,6290-0-0700-1600,1,无候选,,,,,,是,正恒公司/VST0815小朱/6290NX生产计划单.doc
正恒公司,6290NX-1 0700-1601,6290-1-0700-1601,1,无候选,,,,,,是,正恒公司/VST0815小朱/6290NX生产计划单.doc
正恒公司,6290NX-2 0700-1602,6290-2-0700-1602,1,无候选,,,,,,是,正恒公司/VST0815小朱/6290NX生产计划单.doc
正恒公司,6290NX-3 0700-1603,6290-3-0700-1603,1,无候选,,,,,,是,正恒公司/VST0815小朱/6290NX生产计划单.doc
正恒公司,6290NX-4 0700-1604,6290-4-0700-1604,1,无候选,,,,,,是,正恒公司/VST0815小朱/6290NX生产计划单.doc
正恒公司,6290NX-5 0700-1605,6290-5-0700-1605,1,无候选,,,,,,是,正恒公司/VST0815小朱/6290NX生产计划单.doc
正恒公司,6290NX-6 07700-1606,6290-6-07700-1606,1,无候选,,,,,,是,正恒公司/VST0815小朱/6290NX生产计划单.doc
正恒公司,SC12-0,12-0,1,SC-12-0 乙炔割嘴,安宝公司,15.00,2022-05-31,跨客户（需甲方裁定是否可作通用价）,低,是,正恒公司/SC12生产计划单.doc
正恒公司,SC12-0,12-0,1,smith 乙炔割嘴 SC-12-0,安宝公司,12.60,,跨客户（需甲方裁定是否可作通用价）,低,是,正恒公司/SC12生产计划单.doc
正恒公司,SC50-6,50-6,1,无候选,,,,,,是,正恒公司/P D E/常规生产计划单.doc
正恒公司,PNME9 1/32,9-1-32,1,无候选,,,,,,是,正恒公司/enzo-sf PA字 毛/enzo-sf生产计划单1-2.doc
正恒公司,PNME9 1/16,9-1-16,1,无候选,,,,,,是,正恒公司/enzo-sf PA字 毛/enzo-sf生产计划单1-2.doc
正恒公司,PNME9 5/64,9-5-64,1,无候选,,,,,,是,正恒公司/enzo-sf PA字 毛/enzo-sf生产计划单1-2.doc
正恒公司,0-1-101,0-1-101,2,割嘴 #0-1-101 仿包装,安宝公司,12.80,2024-12-30,跨客户（需甲方裁定是否可作通用价）,低,是,正恒公司/BlacKset墨西哥订单有88/BlacKset生产计划单-2.doc
正恒公司,G1-P12/10,1-12-10,1,"割嘴 G1-P 12/10""",安宝公司,9.00,2024-04-08,跨客户（需甲方裁定是否可作通用价）,低,是,正恒公司/原装彩盒G1-P/原彩盒G1-P生产计划单.doc
正恒公司,G1-P12/10,1-12-10,1,"割嘴 G1-P 12/10""",安宝公司,8.80,2021-10-09,跨客户（需甲方裁定是否可作通用价）,低,是,正恒公司/原装彩盒G1-P/原彩盒G1-P生产计划单.doc
正恒公司,G1-A25/10,1-25-10,1,无候选,,,,,,是,正恒公司/原装彩盒G1-P/原彩盒G1-P生产计划单.doc
正恒公司,G1-A30/10,1-30-10,1,无候选,,,,,,是,正恒公司/原装彩盒G1-P/原彩盒G1-P生产计划单.doc
正恒公司,G1-P 10/10,1-10-10,2,"割嘴 G1-P 10/10""",安宝公司,8.80,2021-10-09,跨客户（需甲方裁定是否可作通用价）,低,是,正恒公司/白盒有字G1-P/G1-P生产计划单.doc
正恒公司,G1-P16/10,1-16-10,2,"割嘴 G1-P 16/10""",安宝公司,9.00,2024-04-08,跨客户（需甲方裁定是否可作通用价）,低,是,正恒公司/白盒有字G1-P/G1-P生产计划单.doc
正恒公司,G1-P16/10,1-16-10,2,"割嘴 G1-P 16/10""",安宝公司,8.50,2022-02-28,跨客户（需甲方裁定是否可作通用价）,低,是,正恒公司/白盒有字G1-P/G1-P生产计划单.doc
正恒公司,G1-P16/10,1-16-10,2,"割嘴 G1-P 16/10""",安宝公司,8.80,2021-10-09,跨客户（需甲方裁定是否可作通用价）,低,是,正恒公司/白盒有字G1-P/G1-P生产计划单.doc
正恒公司,6290-000,6290-000,1,无候选,,,,,,是,正恒公司/760 6290 张裕宁/常规生产计划单.doc
正恒公司,6290-00,6290-00,1,无候选,,,,,,是,正恒公司/760 6290 张裕宁/常规生产计划单.doc
正恒公司,6290AC-000,6290-000,1,无候选,,,,,,是,正恒公司/746字 袁豪东/常规生产计划单.doc
正恒公司,GPN-2 样品,2,1,无候选,,,,,,是,"正恒公司/732字 朱/732字 ,生产计划单.doc"
正恒公司,1-3-101,1-3-101,1,无候选,,,,,,是,正恒公司/697字 顾/常规生产计划单.doc
正恒公司,2-3-101,2-3-101,1,无候选,,,,,,是,正恒公司/692字 张裕宁/常规生产计划单.doc
正恒公司,2-3-GPN,2-3,1,无候选,,,,,,是,正恒公司/692字 张裕宁/常规生产计划单.doc
正恒公司,6290NX-000,6290-000,2,无候选,,,,,,是,"正恒公司/665字,有106D7,项高健/106D7镀铬,塑壳,生产计划单.doc"
正恒公司,106D7-000,106-7-000,1,无候选,,,,,,是,"正恒公司/665字,有106D7,项高健/106D7镀铬,塑壳,生产计划单.doc"
正恒公司,106HC-1 ZBT0297,106-1-0297,1,无候选,,,,,,是,正恒公司/584字 朱/584字样的生产计划单-2.doc
正恒公司,106HC-3 0299,106-3-0299,1,无候选,,,,,,是,正恒公司/584字 朱/584字样的生产计划单-2.doc
正恒公司,102HC-1 0300,102-1-0300,1,无候选,,,,,,是,正恒公司/584字 朱/584字样的生产计划单-2.doc
正恒公司,102HC-2 0301,102-2-0301,1,无候选,,,,,,是,正恒公司/584字 朱/584字样的生产计划单-2.doc
正恒公司,102HC-3 0302,102-3-0302,1,无候选,,,,,,是,正恒公司/584字 朱/584字样的生产计划单-2.doc
正恒公司,GPN-0 0283,0-0283,1,无候选,,,,,,是,正恒公司/584字 朱/584字样的生产计划单-2.doc
正恒公司,GPN-1 0284,1-0284,1,无候选,,,,,,是,正恒公司/584字 朱/584字样的生产计划单-2.doc
正恒公司,1-1-101 0291,1-1-101-0291,1,无候选,,,,,,是,正恒公司/584字 朱/584字样的生产计划单-2.doc
正恒公司,3-1-101 0293,3-1-101-0293,1,无候选,,,,,,是,正恒公司/584字 朱/584字样的生产计划单-2.doc
正恒公司,6290NX-0 ZBT0138,6290-0-0138,1,无候选,,,,,,是,正恒公司/584字 朱/584字样的生产计划单-1.doc
正恒公司,6290NX-1 0228,6290-1-0228,1,无候选,,,,,,是,正恒公司/584字 朱/584字样的生产计划单-1.doc
正恒公司,6290NX-2 0139,6290-2-0139,1,无候选,,,,,,是,正恒公司/584字 朱/584字样的生产计划单-1.doc
正恒公司,6290NX-3 0052,6290-3-0052,1,无候选,,,,,,是,正恒公司/584字 朱/584字样的生产计划单-1.doc
正恒公司,6290NX-4 0053,6290-4-0053,1,无候选,,,,,,是,正恒公司/584字 朱/584字样的生产计划单-1.doc
正恒公司,6290NX-5 JIT0011,6290-5-0011,1,无候选,,,,,,是,正恒公司/584字 朱/584字样的生产计划单-1.doc
正恒公司,6290NX-6 0367,6290-6-0367,1,无候选,,,,,,是,正恒公司/584字 朱/584字样的生产计划单-1.doc
正恒公司,6290-00 0256,6290-00-0256,1,无候选,,,,,,是,正恒公司/584字 朱/584字样的生产计划单-1.doc
正恒公司,6290-0 0137,6290-0-0137,1,无候选,,,,,,是,正恒公司/584字 朱/584字样的生产计划单-1.doc
正恒公司,6290-1 0004,6290-1-0004,1,无候选,,,,,,是,正恒公司/584字 朱/584字样的生产计划单-1.doc
正恒公司,6290-2 0005,6290-2-0005,1,无候选,,,,,,是,正恒公司/584字 朱/584字样的生产计划单-1.doc
正恒公司,6290-3 0051,6290-3-0051,1,无候选,,,,,,是,正恒公司/584字 朱/584字样的生产计划单-1.doc
正恒公司,6290-4 0227,6290-4-0227,1,无候选,,,,,,是,正恒公司/584字 朱/584字样的生产计划单-1.doc
正恒公司,6290-5 0229,6290-5-0229,1,无候选,,,,,,是,正恒公司/584字 朱/584字样的生产计划单-1.doc
正恒公司,6290-6 0230,6290-6-0230,1,无候选,,,,,,是,正恒公司/584字 朱/584字样的生产计划单-1.doc
正恒公司,2-1-101,2-1-101,4,割嘴 #2-1-101 仿包装,安宝公司,12.80,2024-12-30,跨客户（需甲方裁定是否可作通用价）,低,是,"正恒公司/439字,地球唛头, 小朱/常规生产计划单.doc"
正恒公司,2-1-101,2-1-101,4,Victor 乙炔割嘴 2-1-101,安宝公司,13.20,2025-07-25,跨客户（需甲方裁定是否可作通用价）,低,是,"正恒公司/439字,地球唛头, 小朱/常规生产计划单.doc"
正恒公司,3-1-101,3-1-101,4,割嘴 #3-1-101 仿包装,安宝公司,12.80,2024-12-30,跨客户（需甲方裁定是否可作通用价）,低,是,"正恒公司/439字,地球唛头, 小朱/常规生产计划单.doc"
正恒公司,3-1-101,3-1-101,4,Victor 乙炔割嘴 3-1-101,安宝公司,13.20,2025-07-25,跨客户（需甲方裁定是否可作通用价）,低,是,"正恒公司/439字,地球唛头, 小朱/常规生产计划单.doc"
正恒公司,4-1-101,4-1-101,2,割嘴 #4-1-101 仿包装,安宝公司,12.80,2024-12-30,跨客户（需甲方裁定是否可作通用价）,低,是,"正恒公司/439字,地球唛头, 小朱/常规生产计划单.doc"
正恒公司,4-1-101,4-1-101,2,Victor 乙炔割嘴 4-1-101,安宝公司,13.20,2025-07-25,跨客户（需甲方裁定是否可作通用价）,低,是,"正恒公司/439字,地球唛头, 小朱/常规生产计划单.doc"
正恒公司,5-1-101,5-1-101,2,无候选,,,,,,是,"正恒公司/439字,地球唛头, 小朱/常规生产计划单.doc"
正恒公司,1-1-101,1-1-101,4,割嘴 #1-1-101 仿包装,安宝公司,12.80,2024-12-30,跨客户（需甲方裁定是否可作通用价）,低,是,正恒公司/439字 1-101  朱/常规生产计划单.doc
正恒公司,1-1-101,1-1-101,4,Victor 乙炔割嘴 1-1-101,安宝公司,13.20,2025-07-25,跨客户（需甲方裁定是否可作通用价）,低,是,正恒公司/439字 1-101  朱/常规生产计划单.doc
正恒公司,ANME5/64,5-64,3,无候选,,,,,,是,正恒公司/409 ANME 顾/ANME 生产计划单.doc
正恒公司,ANME1/32,1-32,2,无候选,,,,,,是,正恒公司/409 ANME 顾/ANME 生产计划单.doc
正恒公司,ANME3/64,3-64,2,无候选,,,,,,是,正恒公司/409 ANME 顾/ANME 生产计划单.doc
正恒公司,ANME1/16,1-16,2,无候选,,,,,,是,正恒公司/409 ANME 顾/ANME 生产计划单.doc
正恒公司,ANME3/32,3-32,2,无候选,,,,,,是,正恒公司/409 ANME 顾/ANME 生产计划单.doc
正恒公司,ANME1/8,1-8,2,无候选,,,,,,是,正恒公司/409 ANME 顾/ANME 生产计划单.doc
正恒公司,G03-0,03-0,1,无候选,,,,,,是,正恒公司/407字 项高健/WelTec-6290生产计划单.doc
正恒公司,G03-1,03-1,1,无候选,,,,,,是,正恒公司/407字 项高健/WelTec-6290生产计划单.doc
正恒公司,106-2,106-2,2,无候选,,,,,,是,正恒公司/279 V ERSAL  小毛/生产计划单-2.doc
正恒公司,106-3,106-3,2,无候选,,,,,,是,正恒公司/279 V ERSAL  小毛/生产计划单-2.doc
正恒公司,106-1,106-1,1,无候选,,,,,,是,正恒公司/279 V ERSAL  小毛/生产计划单-2.doc
正恒公司,106-4,106-4,1,无候选,,,,,,是,正恒公司/279 V ERSAL  小毛/生产计划单-2.doc
正恒公司,106-6,106-6,1,无候选,,,,,,是,正恒公司/279 V ERSAL  小毛/生产计划单-2.doc
正恒公司,6290-00AC,6290-00,1,无候选,,,,,,是,正恒公司/279 V ERSAL  小毛/生产计划单-2.doc
正恒公司,6290-0AC,6290-0,1,无候选,,,,,,是,正恒公司/279 V ERSAL  小毛/生产计划单-2.doc
正恒公司,6290-1AC,6290-1,1,无候选,,,,,,是,正恒公司/279 V ERSAL  小毛/生产计划单-2.doc
正恒公司,6290-2AC,6290-2,1,无候选,,,,,,是,正恒公司/279 V ERSAL  小毛/生产计划单-2.doc
正恒公司,6290-3AC,6290-3,1,无候选,,,,,,是,正恒公司/279 V ERSAL  小毛/生产计划单-2.doc
正恒公司,6290-4AC,6290-4,1,无候选,,,,,,是,正恒公司/279 V ERSAL  小毛/生产计划单-2.doc
正恒公司,6290-5AC,6290-5,1,无候选,,,,,,是,正恒公司/279 V ERSAL  小毛/生产计划单-2.doc
正恒公司,6290-6AC,6290-6,1,无候选,,,,,,是,正恒公司/279 V ERSAL  小毛/生产计划单-2.doc
正恒公司,106HC-5,106-5,1,106HC   5#,安宝公司,6.50,2020-07-03,跨客户（需甲方裁定是否可作通用价）,低,是,正恒公司/279 V ERSAL  小毛/生产计划单-1.doc
正恒公司,6290AC-1,6290-1,1,无候选,,,,,,是,正恒公司/279 V ERSAL  小毛/生产计划单-1.doc
正恒公司,6290AC-2,6290-2,1,无候选,,,,,,是,正恒公司/279 V ERSAL  小毛/生产计划单-1.doc
正恒公司,1502-2,1502-2,2,无候选,,,,,,是,正恒公司/209 字 SMF 1502 顾/1502生产计划单.doc
正恒公司,1502-4,1502-4,2,"乙炔割嘴 1502 4#
包装+刻字：中性",安宝公司,16.40,2026-06-26,跨客户（需甲方裁定是否可作通用价）,低,是,正恒公司/209 字 SMF 1502 顾/1502生产计划单.doc
正恒公司,1502-6,1502-6,2,无候选,,,,,,是,正恒公司/209 字 SMF 1502 顾/1502生产计划单.doc
正恒公司,1502-8,1502-8,2,无候选,,,,,,是,正恒公司/209 字 SMF 1502 顾/1502生产计划单.doc
正恒公司,1502-10,1502-10,2,无候选,,,,,,是,正恒公司/209 字 SMF 1502 顾/1502生产计划单.doc
正恒公司,1502-12,1502-12,2,无候选,,,,,,是,正恒公司/209 字 SMF 1502 顾/1502生产计划单.doc
正恒公司,6290-5,6290-5,8,6290-5 乙炔割嘴,安宝公司,8.60,2022-05-31,跨客户（需甲方裁定是否可作通用价）,低,是,正恒公司/114字订单小朱/114字 小朱订单/114 生产计划单.doc
正恒公司,6290-5,6290-5,8,harris 乙炔割嘴 6290-5,安宝公司,7.50,,跨客户（需甲方裁定是否可作通用价）,低,是,正恒公司/114字订单小朱/114字 小朱订单/114 生产计划单.doc
正恒公司,6290-1,6290-1,16,harris 乙炔割嘴 6290-1,安宝公司,7.50,,跨客户（需甲方裁定是否可作通用价）,低,是,正恒公司/032字的106D7 袁毫东/210880320407生产计划单.doc
正恒公司,6290-1,6290-1,16,"乙炔割嘴 6290-1# 
包装：中性塑料盒",安宝公司,8.60,2025-11-25,跨客户（需甲方裁定是否可作通用价）,低,是,正恒公司/032字的106D7 袁毫东/210880320407生产计划单.doc
正恒公司,6290-1,6290-1,16,"乙炔割嘴 6290-1# 
包装：中性塑料盒",安宝公司,8.60,2024-01-31,跨客户（需甲方裁定是否可作通用价）,低,是,正恒公司/032字的106D7 袁毫东/210880320407生产计划单.doc
正恒公司,6290-1,6290-1,16,"乙炔割嘴 6290-1# 
刻字中性
包装：塑料盒",安宝公司,9.70,2025-04-17,跨客户（需甲方裁定是否可作通用价）,低,是,正恒公司/032字的106D7 袁毫东/210880320407生产计划单.doc
正恒公司,6290-1,6290-1,16,"乙炔割嘴 6290-1# 
刻字中性
包装：塑料盒",安宝公司,9.68,2024-10-15,跨客户（需甲方裁定是否可作通用价）,低,是,正恒公司/032字的106D7 袁毫东/210880320407生产计划单.doc
正恒公司,6290-3,6290-3,13,6290-3 乙炔割嘴,安宝公司,8.60,2022-05-31,跨客户（需甲方裁定是否可作通用价）,低,是,正恒公司/032字的106D7 袁毫东/210880320407生产计划单.doc
正恒公司,6290-3,6290-3,13,harris 乙炔割嘴 6290-3,安宝公司,7.50,,跨客户（需甲方裁定是否可作通用价）,低,是,正恒公司/032字的106D7 袁毫东/210880320407生产计划单.doc
正恒公司,6290-3,6290-3,13,"仿乙炔割嘴 6290-3#
包装：仿HARRIS",安宝公司,11.40,2025-12-12,跨客户（需甲方裁定是否可作通用价）,低,是,正恒公司/032字的106D7 袁毫东/210880320407生产计划单.doc
正恒公司,6290-3,6290-3,13,"仿乙炔割嘴 6290-3#
包装：仿HARRIS",安宝公司,9.20,2025-05-26,跨客户（需甲方裁定是否可作通用价）,低,是,正恒公司/032字的106D7 袁毫东/210880320407生产计划单.doc
正恒公司,6290-3,6290-3,13,"仿乙炔割嘴 6290-3#

包装：仿HARRIS",安宝公司,9.20,2024-12-18,跨客户（需甲方裁定是否可作通用价）,低,是,正恒公司/032字的106D7 袁毫东/210880320407生产计划单.doc
正恒公司,6290-4,6290-4,11,6290-4 乙炔割嘴,安宝公司,8.60,2022-05-31,跨客户（需甲方裁定是否可作通用价）,低,是,正恒公司/032字的106D7 袁毫东/210880320407生产计划单.doc
正恒公司,6290-0,6290-0,8,无候选,,,,,,是,正恒公司/032字的106D7 袁毫东/210880320407生产计划单.doc
正恒公司,6290NX-6,6290-6,5,丙烷割嘴 6290-NX-6#,安宝公司,6.20,2022-12-19,跨客户（需甲方裁定是否可作通用价）,低,是,正恒公司/032字的106D7 袁毫东/210880320407生产计划单.doc
正恒公司,6290-6,6290-6,2,6290-6 乙炔割嘴,安宝公司,8.60,2022-05-31,跨客户（需甲方裁定是否可作通用价）,低,是,正恒公司/032字的106D7 袁毫东/210880320407生产计划单.doc
正恒公司,GPN-3,3,4,割嘴 GPN-3,安宝公司,8.50,2022-02-22,跨客户（需甲方裁定是否可作通用价）,低,是,正恒公司/004字订单 项高健/192010040917-2计划单白盒.doc
正恒公司,GPN-3,3,4,"丙烷割嘴 GPN 3#

包装：塑料盒 不要贴 不干胶",安宝公司,8.60,2025-08-26,跨客户（需甲方裁定是否可作通用价）,低,是,正恒公司/004字订单 项高健/192010040917-2计划单白盒.doc
正恒公司,GPN-3,3,4,"丙烷割嘴 GPN 3#

包装：塑料盒 不要贴 不干胶",安宝公司,9.45,2024-08-08,跨客户（需甲方裁定是否可作通用价）,低,是,正恒公司/004字订单 项高健/192010040917-2计划单白盒.doc
正恒公司,GPN-3,3,4,"Victor 丙烷割嘴 GPN-3#
如右图所示",安宝公司,9.00,2022-12-19,跨客户（需甲方裁定是否可作通用价）,低,是,正恒公司/004字订单 项高健/192010040917-2计划单白盒.doc
正恒公司,GPN-3,3,4,"VICTOR 丙烷割嘴 GPN-3#
刻字：VICTOR中性刻字

包装：VICTOR塑料盒+不干胶",安宝公司,9.00,2023-01-14,跨客户（需甲方裁定是否可作通用价）,低,是,正恒公司/004字订单 项高健/192010040917-2计划单白盒.doc
正恒公司,GPN-0,0,3,割嘴 GPN-0,安宝公司,8.50,2022-02-22,跨客户（需甲方裁定是否可作通用价）,低,是,正恒公司/004字订单 项高健/192010040917-2计划单白盒.doc
正恒公司,GPN-0,0,3,"丙烷割嘴 GPN 0#

包装：塑料盒 不要贴 不干胶",安宝公司,8.60,2025-08-26,跨客户（需甲方裁定是否可作通用价）,低,是,正恒公司/004字订单 项高健/192010040917-2计划单白盒.doc
正恒公司,GPN-0,0,3,"丙烷割嘴 GPN 0#

包装：塑料盒 不要贴 不干胶",安宝公司,9.45,2024-08-08,跨客户（需甲方裁定是否可作通用价）,低,是,正恒公司/004字订单 项高健/192010040917-2计划单白盒.doc
正恒公司,GPN-5,5,3,割嘴 GPN-5,安宝公司,8.50,2022-02-22,跨客户（需甲方裁定是否可作通用价）,低,是,正恒公司/004字订单 项高健/192010040917-2计划单白盒.doc
正恒公司,GPN-4,4,2,"Victor 丙烷割嘴 GPN-4#
如右图所示",安宝公司,9.00,2022-12-19,跨客户（需甲方裁定是否可作通用价）,低,是,正恒公司/004字订单 项高健/192010040917-2计划单白盒.doc
正恒公司,106D7-0,106-7-0,1,无候选,,,,,,是,正恒公司/004字订单 项高健/192010040917-2计划单白盒.doc
正恒公司,106D7-4,106-7-4,1,无候选,,,,,,是,正恒公司/004字订单 项高健/192010040917-2计划单白盒.doc
正恒公司,PNME-2,2,1,无候选,,,,,,是,正恒公司/004字订单 项高健/192010040917-2计划单白盒 - 3.doc
正恒公司,PNME-3,3,1,无候选,,,,,,是,正恒公司/004字订单 项高健/192010040917-2计划单白盒 - 3.doc
正恒公司,PNME-4,4,1,无候选,,,,,,是,正恒公司/004字订单 项高健/192010040917-2计划单白盒 - 3.doc
正恒公司,PNME-5,5,1,无候选,,,,,,是,正恒公司/004字订单 项高健/192010040917-2计划单白盒 - 3.doc
正恒公司,PNME-6,6,1,无候选,,,,,,是,正恒公司/004字订单 项高健/192010040917-2计划单白盒 - 3.doc
正恒公司,164-6,164-6,1,无候选,,,,,,是,正恒公司/004字订单 项高健/192010040917-2计划单白盒 - 3.doc
正恒公司,164-7,164-7,1,无候选,,,,,,是,正恒公司/004字订单 项高健/192010040917-2计划单白盒 - 3.doc
正恒公司,6290-2,6290-2,15,割嘴6290-2,安宝公司,8.80,2024-04-09,跨客户（需甲方裁定是否可作通用价）,低,是,正恒公司/004字订单 项高健/192010040917-1计划单白盒.doc
正恒公司,6290-2,6290-2,15,6290-2 乙炔割嘴,安宝公司,8.60,2022-05-31,跨客户（需甲方裁定是否可作通用价）,低,是,正恒公司/004字订单 项高健/192010040917-1计划单白盒.doc
正恒公司,6290-2,6290-2,15,6290-2# 割嘴 乙炔嘴,安宝公司,8.50,2022-10-27,跨客户（需甲方裁定是否可作通用价）,低,是,正恒公司/004字订单 项高健/192010040917-1计划单白盒.doc
正恒公司,6290-2,6290-2,15,"仿乙炔割嘴 6290-2#
包装：仿HARRIS",安宝公司,11.40,2025-12-12,跨客户（需甲方裁定是否可作通用价）,低,是,正恒公司/004字订单 项高健/192010040917-1计划单白盒.doc
正恒公司,6290-2,6290-2,15,"仿乙炔割嘴 6290-2#
包装：仿HARRIS",安宝公司,9.20,2025-05-26,跨客户（需甲方裁定是否可作通用价）,低,是,正恒公司/004字订单 项高健/192010040917-1计划单白盒.doc
正恒公司,6290NX-3,6290-3,14,6290-NX-3割嘴,安宝公司,6.20,2024-04-09,跨客户（需甲方裁定是否可作通用价）,低,是,正恒公司/004字订单 项高健/192010040917-1计划单白盒.doc
正恒公司,6290NX-3,6290-3,14,6290-NX-3割嘴,安宝公司,6.00,2023-06-24,跨客户（需甲方裁定是否可作通用价）,低,是,正恒公司/004字订单 项高健/192010040917-1计划单白盒.doc
正恒公司,6290NX-3,6290-3,14,6290-NX-3割嘴,安宝公司,6.00,2022-10-27,跨客户（需甲方裁定是否可作通用价）,低,是,正恒公司/004字订单 项高健/192010040917-1计划单白盒.doc
正恒公司,6290NX-3,6290-3,14,丙烷割嘴 6290-NX-3,安宝公司,7.30,2026-08-26,跨客户（需甲方裁定是否可作通用价）,低,是,正恒公司/004字订单 项高健/192010040917-1计划单白盒.doc
正恒公司,6290NX-3,6290-3,14,丙烷割嘴 6290-NX-3,安宝公司,6.30,2025-05-06,跨客户（需甲方裁定是否可作通用价）,低,是,正恒公司/004字订单 项高健/192010040917-1计划单白盒.doc
正恒公司,6290NX-2,6290-2,13,6290-NX-2割嘴,安宝公司,6.20,2024-04-09,跨客户（需甲方裁定是否可作通用价）,低,是,正恒公司/004字订单 项高健/192010040917-1计划单白盒.doc
正恒公司,6290NX-2,6290-2,13,6290-NX-2割嘴,安宝公司,6.00,2023-06-24,跨客户（需甲方裁定是否可作通用价）,低,是,正恒公司/004字订单 项高健/192010040917-1计划单白盒.doc
正恒公司,6290NX-2,6290-2,13,丙烷割嘴 6290-NX-2,安宝公司,6.30,2025-05-06,跨客户（需甲方裁定是否可作通用价）,低,是,正恒公司/004字订单 项高健/192010040917-1计划单白盒.doc
正恒公司,6290NX-2,6290-2,13,6290 NX 2# 仿包装,安宝公司,6.00,2021-11-13,跨客户（需甲方裁定是否可作通用价）,低,是,正恒公司/004字订单 项高健/192010040917-1计划单白盒.doc
正恒公司,6290NX-2,6290-2,13,丙烷割嘴 6290-NX-2#,安宝公司,6.20,2022-12-19,跨客户（需甲方裁定是否可作通用价）,低,是,正恒公司/004字订单 项高健/192010040917-1计划单白盒.doc
正恒公司,6290NX-1,6290-1,12,6290-NX-1割嘴,安宝公司,6.50,2024-09-03,跨客户（需甲方裁定是否可作通用价）,低,是,正恒公司/004字订单 项高健/192010040917-1计划单白盒.doc
正恒公司,6290NX-1,6290-1,12,6290-NX-1割嘴,安宝公司,6.20,2024-04-09,跨客户（需甲方裁定是否可作通用价）,低,是,正恒公司/004字订单 项高健/192010040917-1计划单白盒.doc
正恒公司,6290NX-1,6290-1,12,6290-NX-1割嘴,安宝公司,6.00,2023-06-24,跨客户（需甲方裁定是否可作通用价）,低,是,正恒公司/004字订单 项高健/192010040917-1计划单白盒.doc
正恒公司,6290NX-1,6290-1,12,6290-NX-1割嘴,安宝公司,6.00,2022-10-27,跨客户（需甲方裁定是否可作通用价）,低,是,正恒公司/004字订单 项高健/192010040917-1计划单白盒.doc
正恒公司,6290NX-1,6290-1,12,丙烷割嘴 6290-NX-1,安宝公司,6.30,2025-03-11,跨客户（需甲方裁定是否可作通用价）,低,是,正恒公司/004字订单 项高健/192010040917-1计划单白盒.doc
正恒公司,6290NX-0,6290-0,10,丙烷割嘴 6290NX-0#,安宝公司,6.00,2022-10-29,跨客户（需甲方裁定是否可作通用价）,低,是,正恒公司/004字订单 项高健/192010040917-1计划单白盒.doc
正恒公司,6290NX-0,6290-0,10,HARRIS 丙烷割嘴6290-NX-0,安宝公司,5.25,,跨客户（需甲方裁定是否可作通用价）,低,是,正恒公司/004字订单 项高健/192010040917-1计划单白盒.doc
正恒公司,6290NX-0,6290-0,10,"丙烷割嘴6290NX 0# 刻字：中性常规

包装：如右图类似对应型号",安宝公司,6.00,2025-08-26,跨客户（需甲方裁定是否可作通用价）,低,是,正恒公司/004字订单 项高健/192010040917-1计划单白盒.doc
正恒公司,6290NX-4,6290-4,9,丙烷割嘴 6290-NX-4#,安宝公司,6.20,2022-12-19,跨客户（需甲方裁定是否可作通用价）,低,是,正恒公司/004字订单 项高健/192010040917-1计划单白盒.doc
正恒公司,6290NX-5,6290-5,8,丙烷割嘴 6290-NX-5#,安宝公司,6.20,2022-12-19,跨客户（需甲方裁定是否可作通用价）,低,是,正恒公司/004字订单 项高健/192010040917-1计划单白盒.doc
正恒公司,GPN-2,2,7,割嘴 GPN-2,安宝公司,8.50,2022-02-22,跨客户（需甲方裁定是否可作通用价）,低,是,正恒公司/004字订单 项高健/192010040917-1计划单白盒.doc
正恒公司,GPN-2,2,7,"仿丙烷割嘴 GPN-2

包装：仿VICTOR",安宝公司,9.20,2025-02-18,跨客户（需甲方裁定是否可作通用价）,低,是,正恒公司/004字订单 项高健/192010040917-1计划单白盒.doc
正恒公司,GPN-2,2,7,"GPN, 2#，原装VICTOR包装和标签",嵊州海田,8.50,2014-07-28,跨客户（需甲方裁定是否可作通用价）,低,是,正恒公司/004字订单 项高健/192010040917-1计划单白盒.doc
正恒公司,GPN-2,2,7,"丙烷割嘴 GPN 2#

包装：塑料盒 不要贴 不干胶",安宝公司,8.60,2025-08-26,跨客户（需甲方裁定是否可作通用价）,低,是,正恒公司/004字订单 项高健/192010040917-1计划单白盒.doc
正恒公司,GPN-2,2,7,"丙烷割嘴 GPN 2#

包装：塑料盒 不要贴 不干胶",安宝公司,9.45,2024-08-08,跨客户（需甲方裁定是否可作通用价）,低,是,正恒公司/004字订单 项高健/192010040917-1计划单白盒.doc
正恒公司,GPN-1,1,5,割嘴 GPN-1,安宝公司,8.50,2022-02-22,跨客户（需甲方裁定是否可作通用价）,低,是,正恒公司/004字订单 项高健/192010040917-1计划单白盒.doc
正恒公司,GPN-1,1,5,丙烷割嘴 GPN-1,安宝公司,8.60,2025-04-11,跨客户（需甲方裁定是否可作通用价）,低,是,正恒公司/004字订单 项高健/192010040917-1计划单白盒.doc
正恒公司,GPN-1,1,5,"丙烷割嘴 GPN 1#
包装+刻字：中性",安宝公司,9.50,2026-06-26,跨客户（需甲方裁定是否可作通用价）,低,是,正恒公司/004字订单 项高健/192010040917-1计划单白盒.doc
正恒公司,GPN-1,1,5,"仿丙烷割嘴 GPN-1

包装：仿VICTOR",安宝公司,9.20,2025-02-18,跨客户（需甲方裁定是否可作通用价）,低,是,正恒公司/004字订单 项高健/192010040917-1计划单白盒.doc
正恒公司,GPN-1,1,5,"GPN, 1#，原装VICTOR包装和标签",嵊州海田,8.50,2014-12-16,跨客户（需甲方裁定是否可作通用价）,低,是,正恒公司/004字订单 项高健/192010040917-1计划单白盒.doc
正恒公司,6290NX-00,6290-00,4,丙烷嘴 6290-NX 00#,安宝公司,6.20,2022-02-16,跨客户（需甲方裁定是否可作通用价）,低,是,正恒公司/004字订单 项高健/192010040917-1计划单白盒.doc
正恒公司,6290NX-00,6290-00,4,"丙烷割嘴6290NX 00# 刻字：中性常规

包装：如右图类似对应型号",安宝公司,6.00,2025-08-26,跨客户（需甲方裁定是否可作通用价）,低,是,正恒公司/004字订单 项高健/192010040917-1计划单白盒.doc
正恒公司,106D7-3,106-7-3,4,无候选,,,,,,是,正恒公司/004字订单 项高健/192010040917-1计划单白盒.doc
正恒公司,106D7-1,106-7-1,3,无候选,,,,,,是,正恒公司/004字订单 项高健/192010040917-1计划单白盒.doc
正恒公司,106D7-5,106-7-5,3,无候选,,,,,,是,正恒公司/004字订单 项高健/192010040917-1计划单白盒.doc
正恒公司,106D7-6,106-7-6,3,无候选,,,,,,是,正恒公司/004字订单 项高健/192010040917-1计划单白盒.doc
正恒公司,106D7-00,106-7-00,2,无候选,,,,,,是,正恒公司/004字订单 项高健/192010040917-1计划单白盒.doc
正恒公司,106D7-2,106-7-2,2,无候选,,,,,,是,正恒公司/004字订单 项高健/192010040917-1计划单白盒.doc
