客户文件夹,模板名,label内容,字符数,来源文件
安宝公司,"安宝公司-1-101,  GPN 唛头","MEXICO        MEXICO
Item No:VI-BB-14-1          Item No:VI-BB-14-1
Desc:VICTOR Tipo                Desc:VICTOR Tipo
Made in china                Made in china
Item No:VI-BA-14-3          Item No:VI-BA-14-3
Item No:VI-BA-14-4          Item No:VI-BA-14-4",857,"ziliao/安宝公司/INFAR不干胶/1-101,  GPN 唛头.doc"
安宝公司,"安宝公司-6290,6290NX唛头","MEXICO        MEXICO
Item No:6290-2              Item No:6290-2
Desc:HARRIS Tipo                Desc:HARRIS Tipo
Made in china              Made in china
MEXICO         MEXICO",781,"ziliao/安宝公司/INFAR不干胶/6290,6290NX唛头.doc"
安宝公司,"安宝公司-A,SH唛头","A.SH
MADE IN CHINA",134,"ziliao/安宝公司/A. SH  AIR - OXY 里卡多/A.SH/A,SH唛头.doc"
安宝公司,安宝公司-AB JP唛头,AB JP    AB JP,169,ziliao/安宝公司/旧订单资料/MUREX  PNME AB JP/MUREX(5排小字) PNME/AB JP唛头.doc
安宝公司,安宝公司-AB17619 cutting torch g02-200 正唛侧唛,"正唛									侧唛
“YAMATO”
CUTTING TORCH
QTY:
N.W:
G.W:
MEAS:
MODEL: G02-200
LOT NO: JH/1117",111,ziliao/安宝公司/旧订单资料/YAMATO-200/AB17619 cutting torch g02-200 正唛侧唛.docx
安宝公司,安宝公司-AB22748唛头,PO#22167-9   PO#22167-9,86,"ziliao/安宝公司/VICTOR-GPN, 1-101,6290AC/AB22748唛头.doc"
安宝公司,安宝公司-AB26430   贴纸要求  ,AB26430 一州的嘴 ，塑料壳包装，贴纸 如下，类似的,29,ziliao/安宝公司/VICTOR+BAYO/AB26430   贴纸要求  .docx
安宝公司,安宝公司-ANM  0# 中盒标贴,50PCS,5,ziliao/安宝公司/旧订单资料/俄罗斯 Geta  吉提  PNM ANM/ANM/ANM 0/ANM  0# 中盒标贴.doc
安宝公司,安宝公司-ANM 1# 外箱标贴,150PCS,44,ziliao/安宝公司/旧订单资料/俄罗斯 Geta  吉提  PNM ANM/ANM/ANM 1/ANM 1# 外箱标贴.doc
安宝公司,安宝公司-AOKO 唛头外 ANM 无商标,"PO#221051               PO#221051
ANM 1          ANM 1
PO#221051            PO#221051
ANM 1       ANM 1
PO#221051             PO#221051
ANM 2          ANM 2
ANM 2         ANM 2
ANM 3        ANM 3",382,ziliao/安宝公司/旧订单资料/REDIUS俄罗斯/DOKA PNM/DOKA 唛头/AOKO 唛头外 ANM 无商标.doc
安宝公司,安宝公司-AWH-19 唛头,"AWH-19   AWH-19
KICT PORT KARACHI   KICT PORT KARACHI",351,"ziliao/安宝公司/VICTOR-GPN, 1-101,6290AC/AWH-19 唛头.doc"
安宝公司,安宝公司-F 唛头,F  F  F,83,ziliao/安宝公司/12槽PNME俄罗斯嘴/F 唛头.doc
安宝公司,安宝公司-FORNEY 3GPN唛头,"ITEM#: RCTV-3101-1
QUANTITY: 100 PCS
PO#: PO61663
DESCRIPTION: CUTTING TIP: RCTV-3101-1
N.W.:  5  KGS
G.W.:  6  KGS
CASEVOLUME: 25X25X23 CM
CARTON:  5  0F  5
MADE IN CHINA",343,ziliao/安宝公司/美国FRONNY/泡壳包装文件/FORNEY 3GPN唛头.docx
安宝公司,安宝公司-FORNEY 6290NX 唛头,"ITEM#: 6028
QUANTITY: 200 PCS
PO#: PO66164
DESCRIPTION: CUTTING TIP: GPN-2
N.W.:  15   KGS
G.W.:  17   KGS
CASEVOLUME:26X22X28 CM
CARTON:  1  0F  2
MADE IN CHINA",325,ziliao/安宝公司/美国FRONNY/FORNEY 6290NX 唛头.docx
安宝公司,安宝公司-FORNEY LOGO 拼箱 唛头,"ITEM#: 6025
QUANTITY: 200 PCS
PO#: PO62395
DESCRIPTION: CUTTING TIP: 3-1-101
N.W.:  17   KGS
G.W.:  19   KGS
CASEVOLUME:26X22X28 CM
CARTON:  1  0F  2
MADE IN CHINA",327,ziliao/安宝公司/美国FRONNY/FORNEY LOGO 拼箱 唛头.docx
安宝公司,安宝公司-GIOCWELD 唛头,"GIOCWELD AMERICA
GUAYA
C/NO: 3-4
C/NO: 4-4",131,ziliao/安宝公司/旧订单资料/GICOWELD/GIOCWELD 唛头.doc
安宝公司,安宝公司-HQF 唛头,HQF HQF,52,ziliao/安宝公司/HQF 41 6290NX/HQF 唛头.doc
安宝公司,安宝公司-M Haseeb 唛头,"M Haseeb  M Haseeb
P0#45236        P0#45236",265,ziliao/安宝公司/M Haseeb  A.SH  106hc直通  80克/M Haseeb/M Haseeb 唛头.doc
安宝公司,安宝公司-MAXE 唛头,"DAMAVAND
MADE IN CHINA
MAXES
GAS CUTTING NOZZLE MAXES",424,"ziliao/安宝公司/MAXES 仿NX,106HC,GPN/MAXE 唛头.doc"
安宝公司,安宝公司-MESSER彩盒,"MESSER彩盒：
ANME II
3/64”                2000只
6-20mm
716.16123
1/16”               2000
20-75mm
716.16124
5/64”               1000
75-125mm
716.16125
3/32”               1000",482,ziliao/安宝公司/旧订单资料/MESSER/MESSER彩盒.doc
安宝公司,安宝公司-MEXICO 托唛,"MEXICO
CUTTING NOZZLE
35 CTNS
PALLET: 1-1",84,ziliao/安宝公司/INFAR不干胶/MEXICO 托唛.doc
安宝公司,安宝公司-MEXICO 托唛-2,"WELDSOLUTION
MEXICO CITY
CUTTING NOZZLE
26  CTNS
PALLET: 1-1",181,ziliao/安宝公司/Weldsolutions不干胶/MEXICO 托唛.doc
安宝公司,安宝公司-OKILA  OKILA -新托唛,"CRATE NO: 2/2
CUTTING NOZZLE:
53 CTN
N.W: 1070 KG
G.W: 1200 KG
VOLUME: 1.5 CBM",167,ziliao/安宝公司/INFAR不干胶/OKILA  OKILA -新托唛.doc
安宝公司,安宝公司-P# 唛头,"PO#2652
AIR-OXY",66,ziliao/安宝公司/A. SH  AIR - OXY 里卡多/P# 唛头.doc
安宝公司,安宝公司-PNM 0#内嘴 中盒标贴,100PCS,8,ziliao/安宝公司/旧订单资料/俄罗斯 Geta  吉提  PNM ANM/PNM 内嘴/PNM 0/PNM 0#内嘴 中盒标贴.doc
安宝公司,安宝公司-PNM 3#内嘴 中盒标贴,125PCS,27,ziliao/安宝公司/旧订单资料/俄罗斯 Geta  吉提  PNM ANM/ANM/PNM 3#内嘴 中盒标贴.doc
安宝公司,安宝公司-PNM 3#内嘴 外箱标贴,500PCS,41,ziliao/安宝公司/旧订单资料/俄罗斯 Geta  吉提  PNM ANM/ANM/PNM 3#内嘴 外箱标贴.doc
安宝公司,安宝公司-SB托唛,"SOLDAS BRASIL
COMERCIAL
IMPORTADORA LTDA
AV. PEDRO BUENO,
1757/1759 – PQ
JABAQUARA
SAO PAULO-SP-BRAZIL
-CEP-04342011
CNPJ05218030/0001-92",137,ziliao/安宝公司/旧订单资料/AB-SB/SB托唛.doc
安宝公司,安宝公司-SC12 有箱号唛头,"MEXICO    MEXICO
Item No:SC-12-4      Item No:SC-12-4
Desc:Smith’s Tipo    Desc:Smith’s Tipo
Made in china        Made in china
C-NO: 25-27           C-NO: 25-27
Item No:SC-12-4     Item No:SC-12-4
Desc:Smith’s Tipo    Desc:Smith;s Tipo
C-NO: 26-27          C-NO: 26-27
Desc:Smith’s Tipo    Desc:Smith’sTipo
C-NO: 27-27           C-NO: 27-27",481,ziliao/安宝公司/INFAR不干胶/SC12 有箱号唛头.doc
安宝公司,安宝公司-不干胶,"数量: 3000只, 3月6日交货
陈松炳 2/28",93,ziliao/安宝公司/G1-P/G1-P 大塑盒/不干胶.doc
安宝公司,安宝公司-不干胶规格和数量-1,"奉化一洲不干胶规格和数量1
需方:陈松炳
下单时间: 9/28              交货时间:
品名规格	数量	   刻字	   包装	   备注		SC-50-A-0
代码:4154	600
把2411改为2701		SC-50-A-1
代码:4157	400			SC-50-A-2
代码:4158	0			SC-50-A-3
代码:4161	800			SC-50-A-4
代码:4162	500			SC-50-A-5
代码:4163	500							SC-12-0
代码:4133	200			SC-12-1",408,ziliao/安宝公司/INFAR不干胶/不干胶规格和数量-1.doc
安宝公司,安宝公司-不干胶规格和数量-2,"奉化一洲不干胶规格和数量
需方:陈松炳
下单时间: 9/28                 交货时间:
品名规格	数量	   刻字	   包装	   备注		6290NX-0
代码:4184	200
2412改为2701		6290NX-1
代码:4186	1000			6290NX-2
代码:4187	1000			6290NX-3
代码:4188	750			VI-BA-14-2
代码:4191	500			VI-BA-14-3
4192	400			VI-BB-14-1
代码:4193	200			VI-BB-14-2",430,ziliao/安宝公司/INFAR不干胶/不干胶规格和数量-2.doc
安宝公司,安宝公司-唛头,"B.S.A.       B.S.A.
C-3065-03    C-3065-03
REP.DOMINICANA   REP.DOMINICANA
C/NO.1-4              C/NO.1-4
C/NO.1-4              C/NO. 1-4",462,"ziliao/安宝公司/B.S.A. 6290NX,6290,1-101,GPN/唛头.doc"
安宝公司,安宝公司-唛头-2,P0#222167 P0#222167,208,ziliao/安宝公司/EAGLEE CAJA 巴拉圭1503/唛头.doc
安宝公司,安宝公司-唛头-3,PO# NBAB230710     PO# NBAB230710,175,ziliao/安宝公司/NJ 6290NX/唛头.doc
安宝公司,安宝公司-唛头-4,Technical Welding,229,"ziliao/安宝公司/Technical Welding 1502,1503/唛头.doc"
安宝公司,安宝公司-唛头-5,"LL0006 Carton No：1-10
LL0006 Carton No：2-10
LL0006 Carton No：3-10
LL0006 Carton No：4-10
LL0006 Carton No：5-10
LL0006 Carton No：6-10",332,ziliao/安宝公司/旧订单资料/LL0006 Carton No (nx)/唛头.doc
安宝公司,安宝公司-托唛,"Karan
PO 2593
CUTTING NOZZLE
PALLET: 4-4",113,ziliao/安宝公司/MESSER/新建文件夹/托唛.doc
安宝公司,安宝公司-托唛-2,"CUTTING TIP
PO66757  34 CTNS
PALLET: 1-1",81,ziliao/安宝公司/美国FRONNY/托唛.docx
安宝公司,安宝公司-托唛-3,"CUTTING TIP
64 CTNS
PALLET:1-2",61,ziliao/安宝公司/美国FRONNY/外箱标签/托唛.docx
安宝公司,安宝公司-新 AIBO 唛头,PO#260836 A     P0#260836 A,174,ziliao/安宝公司/新 AIBO 唛头.doc
安宝公司,安宝公司-新 AIBO 唛头-2,PO#241233 A            PO#241233 A,229,ziliao/安宝公司/有焊嘴订单/新 AIBO 唛头.doc
安宝公司,安宝公司-新唛头,"MEXICO  MEXICO
Item No: 4137    Item No: 4137",301,ziliao/安宝公司/INFAR不干胶/新唛头.doc
安宝公司,安宝公司-无商标 正唛,"ITEM#: 6032
QUANTITY: 200 PCS
PO#: PO66952
DESCRIPTION: CUTTING TIP:2-3-GPN
N.W.:  10   KGS
G.W.:  12   KGS
CASEVOLUME:26X22X28 CM
CARTON:  1  0F  2
MADE IN CHINA",334,ziliao/安宝公司/美国FRONNY/无商标 正唛.doc
安宝公司,安宝公司-标签  唛头,"MEXICO  MEXICO
ITEM NO:4151   ITEM NO:4151
ITEM NO:4194   ITEM NO:4194
ITEM NO:4192   ITEM NO:4192
ITEM NO:4210   ITEM NO:4210",233,ziliao/安宝公司/INFAR不干胶/标签  唛头.doc
安宝公司,安宝公司-标签  唛头-2,"WELDSOLUTION
MEXICO CITY
LABEL",104,ziliao/安宝公司/Weldsolutions不干胶/标签  唛头.doc
安宝公司,安宝公司-正唛,"AR88   AR88
Liu 24/07    Liu 24/07",180,ziliao/安宝公司/AR88  GPN/正唛.doc
安宝公司,安宝公司-正唛-MEXICO CITY,"WELDSOLUTION     WELDSOLUTION
MEXICO CITY        MEXICO CITY
Item:WS6290NX-0      Item:WS6290NX-0
QTY: 200PCS          QTY: 200PCS
Item:WSG6290NX-1      Item:WS6290NX-1
QTY: 200PCS           QTY: 200PCS",553,ziliao/安宝公司/Weldsolutions不干胶/正唛-MEXICO CITY.doc
安宝公司,安宝公司-正唛-MONTERREY,"WELDSOLUTION
MEXICO CITY",152,ziliao/安宝公司/Weldsolutions不干胶/正唛-MONTERREY.doc
安宝公司,安宝公司-正唛下面贴产地,"Производитель: NINGBO AIBO INTERNATIONAL TRADE CO.,LTD
Адрес: RM. 1304 NO.98 Tiangao lane, Shounan street, Yinzhou, Ningbo, Zhejiang, Китай
Тел:0086 574 87291733
Дата производства: 07/2020",1322,ziliao/安宝公司/旧订单资料/REDIUS俄罗斯/正唛下面贴产地.doc
尤耐克,尤耐克-1-101 侧唛头,"METAWELD
CUTTING TIP  00-1-101
QTY: 200 PCS
W/G.W: 17/19 KGS
MEAS: 25X25X23 CM
N.W/G.W: 17/19 KGS",216,"ziliao/尤耐克/TACCTO METAWELD 1-101, GPN/1-101 侧唛头.doc"
尤耐克,尤耐克-10只装不干胶,"需方:陈松炳
下单时间: 3/7                   交货时间:
品名规格	数量	   	   	   		1502-2	50
ORDER NO. 2303改为2311, 其它不变
1502-4	0			1502-6	100			1502-10	0			1502-12	0							1503-2	0			1503-4	100			1503-6	100			1503-8	0			1503-10	0			1503-12	50			    								        				        	400",289,"ziliao/尤耐克/BARBOSA 1502,1503,NFF/10只装不干胶.doc"
尤耐克,尤耐克-6105唛头,"Importador Por:
Dipsolda Comercio e Representação de Ferramentas LTDA - ME
CNPJ: 20.390.384/0001-03
Fabricado na China",713,"ziliao/尤耐克/DipSoLda 1502,1503/6105唛头.docx"
尤耐克,尤耐克-6290-1唛头,"Мундштук 6290 AC ацетиленовый
№1  15-25мм
QTY: 200PCS",341,ziliao/尤耐克/新俄罗斯/6290/6290-1唛头.doc
尤耐克,"尤耐克-6290NX-3,3,3   侧唛","Sizes: 3-101-000,00,0
QTY: 20 set
Sizes: 6290NX-3,3,3",168,"ziliao/尤耐克/SUA/6290NX-3,3,3   侧唛.doc"
尤耐克,尤耐克-ANM-1唛头,"Мундштук к трехтрубному ацетиленовому резаку
№1-ANM 10-25мм
QTY: 200PCS",486,ziliao/尤耐克/新俄罗斯/ANM/ANM-1唛头.doc
尤耐克,尤耐克-BARBOSA唛头,BARBOSA BARBOSA,159,"ziliao/尤耐克/BARBOSA 1502,1503,NFF/BARBOSA唛头.doc"
尤耐克,尤耐克-DAIDEN 唛头,DAIDEN,43,ziliao/尤耐克/DAIDEN 叶/DAIDEN 唛头.doc
尤耐克,尤耐克-DIPSOLDA 唛头,"IMPORT POR:
DIPSOLDA COMERCIO E REPRESENTAÇÃO DE FERRAMENTAS LTDA
CNPJ: 20.390.384/0001-03
MADE IN CHINA",431,"ziliao/尤耐克/DipSoLda 1502,1503/DIPSOLDA 唛头.doc"
尤耐克,尤耐克-DIPSOLDA托盘 唛头 -,"IMPORTADO POR:
DIPSOLDA COMERCIO E REPRESENTAÇÃO DE FERRAMENTAS LTDA
CNPJ: 20.390.384/0001-03
MADE IN CHINA",227,"ziliao/尤耐克/DipSoLda 1502,1503/DIPSOLDA托盘 唛头 -.doc"
尤耐克,尤耐克-ECOSOLDA 唛头,"ECOSOLDA
NINGBO UNITED TOOLS CO.,LTD
(1282)",331,ziliao/尤耐克/ECOSOLDE-1502 应/ECOSOLDA 唛头.doc
尤耐克,尤耐克-FERROLAN唛头,FERROLAN BR,25,"ziliao/尤耐克/FERROLAN1502,1503/FERROLAN唛头.doc"
尤耐克,尤耐克-GPN 侧唛头,"METAWELD
0 GPN CUTTING TIP
QTY: 200 PCS
W/G.W: 15/17 KGS
MEAS: 25X25X23 CM
N.W/G.W: 15/17KGS",207,"ziliao/尤耐克/TACCTO METAWELD 1-101, GPN/GPN 侧唛头.doc"
尤耐克,尤耐克-GRANSOLDA唛头,"IMPORTADOR POR:
GRANSOLDA COMERCIO
DE FERRAMENTAS LTDA.
CNPJ 09.401.970/0001-73
Fabricado na China",685,ziliao/尤耐克/GRANSOLDA(1502.1503)/GRANSOLDA唛头.doc
尤耐克,尤耐克-IRON S.R.L唛头,IRON S.R.L   IRON S.R.L,337,ziliao/尤耐克/IRON S.R.L 双三角/IRON S.R.L唛头.doc
尤耐克,尤耐克-IRON S.R.L唛头-2,IRON S.R.L,76,ziliao/尤耐克/IRON S.R.L 双三角/GOLVER S.R.L/IRON S.R.L唛头.doc
尤耐克,尤耐克-JOVAL唛头,JOVAL,50,ziliao/尤耐克/JOVAL订单/JOVAL唛头.doc
尤耐克,尤耐克-KLIQ唛头,KLIQ KLIQ,61,ziliao/尤耐克/KLIQ NX 不干胶/KLIQ唛头.doc
尤耐克,尤耐克-LGC230222032唛头,"IMPORTADO POR FORNESOLDAS COMERCIO DE MATERIAIS E EQUIPAMENTOS PARA SOLDA EIRELI
CNPJ 30.302.284/0001-31
FABRICADO NA CHINA",638,ziliao/尤耐克/常规 1503/LGC230222032唛头.doc
尤耐克,尤耐克-MUN - 托唛,"MUN
CUTTING TIP
48 CTNS
PALLET: 1-1",89,ziliao/尤耐克/SUA/MUN - 托唛.doc
尤耐克,尤耐克-NX-1唛头,"Мундштук 6290 NX пропановый в сборе
№1  15-25мм
КОЛ-ВО：200
№2  25-50мм",363,ziliao/尤耐克/新俄罗斯/6290NX/NX-1唛头.doc
尤耐克,尤耐克-PNM-1唛头,"Мундштук к трехтрубному пропановому резаку
№2-PNM в сборе 25-75мм
КОЛ-ВО：200",516,ziliao/尤耐克/新俄罗斯/PNM/PNM-1唛头.doc
尤耐克,尤耐克-SUA 唛头,MUN MUN,47,ziliao/尤耐克/SUA/SUA 唛头.doc
尤耐克,尤耐克-TACCTO 不干胶,"品名规格
数量	 2025/09/08	   	   		000-1-101	0
覆膜
尺寸: 120X16
00-1-101	500			0-1-101	0			1-1-101	1600			2-1-101	1200			3-1-101	1000			4-1-101	0							00-GPN	200			0-GPN	400			1-GPN	600			2-GPN	400			3-GPN	600			4-GPN	200",215,"ziliao/尤耐克/TACCTO METAWELD 1-101, GPN/TACCTO 不干胶.doc"
尤耐克,尤耐克-UWELD1332唛头,UWELD01332,118,"ziliao/尤耐克/275 叶, 倪 363/UWELD1332唛头.doc"
尤耐克,尤耐克-WELDON 唛头,WELDON,54,ziliao/尤耐克/weldon/WELDON 唛头.doc
尤耐克,尤耐克-WESTON托盘唛头,"WESTON
CUTTING NOZZLE
43 CTNS
PALLET: 1-1",83,ziliao/尤耐克/WESTON-3/WESTON托盘唛头.doc
尤耐克,尤耐克-唛头,ARMOUR-SHJ,134,ziliao/尤耐克/CROSSWELD文件/唛头.doc
尤耐克,尤耐克-唛头-2,H.HOUSE 05589,162,ziliao/尤耐克/H HOUSE 6290NX/唛头.doc
尤耐克,尤耐克-唛头-3,"MTL   MTL
38#        38#",110,ziliao/尤耐克/MTL/唛头.doc
尤耐克,尤耐克-唛头-4,POWERHOUSE,94,ziliao/尤耐克/POWERHOUSE 6290/唛头.doc
尤耐克,尤耐克-外箱唛头,"6290NX 割嘴 1#
Мундштук 6290 NX пропановый  в сборе №1 15-25мм
КОЛ-ВО：200
6290NX 割嘴 2#
Мундштук 6290 NX пропановый в сборе №2 25-50мм
6290NX 割嘴 3#
Мундштук 6290 NX пропановый в сборе №3 50-75мм
6290NX 割嘴 4#
Мундштук 6290 NХ пропановый в сборе №4 75-150мм",285,ziliao/尤耐克/新俄罗斯/一洲(1)/外箱唛头.docx
尤耐克,尤耐克-常规1503 唛头,"IMPORTADO POR FORNESOLDAS
COMERCIO DE MATERIAIS E
EQUIPAMENTOS PAPA SOLDA EIRELI
CNPJ 30.302 284/0001-31
Fabricado na China",582,ziliao/尤耐克/常规1503 庆/常规1503 唛头.doc
尤耐克,尤耐克-托唛,"BARBOSA
CUTTING NOZZLE
33 CTNS
PALLET:1-1
33 PCS",117,"ziliao/尤耐克/BARBOSA 1502,1503,NFF/托唛.doc"
尤耐克,尤耐克-托唛-2,"ARMOUR-SHJ
CUTTING NOZZLE
27 CTNS
PALLET: 1-1
MADE IN CHINA",121,ziliao/尤耐克/CROSSWELD文件/托唛.doc
尤耐克,尤耐克-托唛-3,"CUTTING NOZZLE
26 CTNS
PALLET: 1-1",119,ziliao/尤耐克/CUTTWELD GPN 倪/托唛.doc
尤耐克,尤耐克-托盘唛头,"OKILA
CUTTTING NOZZLE
261: 27 CTNS
PALLET: 5-5",93,ziliao/尤耐克/OKILA改不干胶/托盘唛头.doc
尤耐克,尤耐克-西班牙文 侧唛,BICO DE CORTE 1503-06,263,"ziliao/尤耐克/FERROLAN1502,1503/西班牙文 侧唛.doc"
嵊州海田,嵊州海田-1-101  托唛,MADE IN CHINA,46,ziliao/嵊州海田/KGG 1-101/1-101  托唛.doc
嵊州海田,嵊州海田-21SFA03焊管割嘴外箱唛头,"合同号21SFA03，焊管的正唛和侧唛内容：（以此为准）
正唛：662/FS/21
侧唛：S-12778
ITEM NO: 47180-1 / 47180-2 /47180-3 /  47180-4（流水号1-4的顺序为焊管：0#1#2#5#）
QTY：100 PCS
MEAS：长*宽*高
G.W/N.W：毛净重
割嘴：S-12778
ITEM NO: 47180- 9 / 47180- 10 /47180- 11（流水号9-11的顺序为1-1-101，0-GPN,1-GPN）",322,ziliao/嵊州海田/SAF和SFA VICTOR 1-101订单/SFA/21SFA03焊管割嘴外箱唛头.docx
嵊州海田,嵊州海田-21SFA03焊管外箱唛头,"合同号21SFA03，焊管的正唛和侧唛内容：
正唛：662/FS/21
侧唛：S-12778
ITEM NO: 47180 0# 或  47180 1#或  47180 2#或  47180 5#
QTY：100 PCS
MEAS：长*宽*高
G.W/N.W：毛净重",156,ziliao/嵊州海田/SAF和SFA VICTOR 1-101订单/SAF/21SFA03焊管外箱唛头.docx
嵊州海田,嵊州海田-A-37 唛头,"A-38  A-38
MEXICO    MEXICO",153,"ziliao/嵊州海田/CJE, CJS, GPN, 1-101,新警告标志 邢/A-37 唛头.doc"
嵊州海田,嵊州海田-A.C.L 唛头,"A.C.L     A.C.L
MADE IN CHINA  MADE IN CHINA",269,"ziliao/嵊州海田/HOVU-HCM-VN,      A.C.L/A.C.L 唛头.doc"
嵊州海田,嵊州海田-A.SH MADE IN CHINA 唛头,"A.SH
MADE IN CHINA",80,"ziliao/嵊州海田/IAS T15,T20,106HC 加热嘴 宋/A.SH MADE IN CHINA 唛头.doc"
嵊州海田,嵊州海田-ABC 唛头,ABC  ABC,55,ziliao/嵊州海田/GDM GPN 宋/ABC 唛头.doc
嵊州海田,"嵊州海田-C,S.A 唛头","C.S.A
MADE IN CHINA",73,"ziliao/嵊州海田/TCN GPN MADE IN USA T20加热嘴/C,S.A 唛头.doc"
嵊州海田,嵊州海田-CBT88-SEA唛头,CBT88/SEA,79,"ziliao/嵊州海田/21IIF03  VICTOR 1-101, GPN,0-7-W,MFA,MFN 宋/CBT88-SEA唛头.doc"
嵊州海田,嵊州海田-F&G  唛头,F&G      F&G,64,"ziliao/嵊州海田/PFG,PGA, PGS GPN 1-101 宋/F&G  唛头.doc"
嵊州海田,嵊州海田-INDUSTRIAL CG 唛头,"INDUSTRIAL CG
MADE IN CHINA",192,ziliao/嵊州海田/EIC 订单/INDUSTRIAL CG 唛头.doc
嵊州海田,嵊州海田-ISHRAAQ COLOMBO 唛头,"IHSAAN COLOMBO
MADE IN CHINA",277,"ziliao/嵊州海田/PNME   MUREX包装/SMF PNME9, PNME18/ISHRAAQ COLOMBO 唛头.doc"
嵊州海田,嵊州海田-ISHRAAQ COLOMBO唛头,ISHRAAQ COLOMBO,191,"ziliao/嵊州海田/MZF,MKY, CHD 滑盖塑壳 WeldRo-I产品 邢/ISHRAAQ COLOMBO唛头.doc"
嵊州海田,嵊州海田-JZWELD  唛头,JZWELD,55,ziliao/嵊州海田/JZWELD  唛头.doc
嵊州海田,嵊州海田-JZWELD MADE IN CHINA唛头,"JZWELD
MADE IN CHINA",119,ziliao/嵊州海田/JZWELD MADE IN CHINA唛头.doc
嵊州海田,嵊州海田-MAK 唛头,"MAK
MADE DE CHINA",139,ziliao/嵊州海田/PSA 15-MFN/MAK 唛头.doc
嵊州海田,嵊州海田-MASTER侧唛,"MASTER-00#  MASTER-00#
MASTER-0#   MASTER-0#
MASTER-1#   MASTER-1#
MASTER-2#   MASTER-2#
MASTER-3#   MASTER-3#
17/15 17/15 17/15 17/15 17/15 17/15",490,"ziliao/嵊州海田/HOVU-HCM-VN,      A.C.L/MASTER侧唛.doc"
嵊州海田,嵊州海田-MAZSDK88SEA 唛头,MAZ/SDK88/SEA,160,"ziliao/嵊州海田/ISD 1-101, GPN/MAZSDK88SEA 唛头.doc"
嵊州海田,嵊州海田-MSCL唛头,MSCL  MSCL,112,"ziliao/嵊州海田/MZF,MKY, CHD 滑盖塑壳 WeldRo-I产品 邢/MSCL唛头.doc"
嵊州海田,嵊州海田-N.D 唛头,N.D  N.D,113,ziliao/嵊州海田/NND 1-101 MADE IN USA/N.D 唛头.doc
嵊州海田,嵊州海田-OXYNET 唛头,OXYNET,49,"ziliao/嵊州海田/PFG,PGA, PGS GPN 1-101 宋/OXYNET 唛头.doc"
嵊州海田,嵊州海田-PRIMROSE 唛头,"PRIMROSE   PRIMROSE
MADE IN CHINA       MADE IN CHINA",441,ziliao/嵊州海田/MADE IN CHHINA 106HC GPN 1-101/PRIMROSE 唛头.doc
嵊州海田,嵊州海田-RAPH 唛头,RAPH RAPH,75,"ziliao/嵊州海田/NNR, NBT 1-101/RAPH 唛头.doc"
嵊州海田,嵊州海田-SFA 唛头 MADE IN CHINA,"716/FS/2022    716/FS/2022
MADE IN CHINA       MADE  IN CHINA",465,ziliao/嵊州海田/SAF和SFA VICTOR 1-101订单/SFA 唛头 MADE IN CHINA.doc
嵊州海田,嵊州海田-SFA 唛头 无MADE IN CHINA,808/FS/24   808/FS/24,351,ziliao/嵊州海田/SAF和SFA VICTOR 1-101订单/SFA 唛头 无MADE IN CHINA.doc
嵊州海田,嵊州海田-WELDRO-I唛头,KHIN MAUNG OO,83,"ziliao/嵊州海田/MZF,MKY, CHD 滑盖塑壳 WeldRo-I产品 邢/WELDRO-I唛头.doc"
嵊州海田,嵊州海田-唛头,OXYWELD,55,ziliao/嵊州海田/AIR IMETAN Ricardo/唛头.doc
嵊州海田,嵊州海田-唛头 MADE IN CHINA,"OXYWELD
MADE IN CHINA",126,ziliao/嵊州海田/AIR IMETAN Ricardo/唛头 MADE IN CHINA.doc
嵊州海田,嵊州海田-唛头-2,"IMPORTSLEO-MAR
MADE IN CHINA",223,ziliao/嵊州海田/BOM GPN/唛头.doc
嵊州海田,嵊州海田-唛头-3,"CHONGQING FIGHTING
NO.19-20,  QTY: 200PCS
MADE IN CHINA
NO.20-20,  QTY: 200PCS",259,"ziliao/嵊州海田/CFT1-101,GPN   MADE MEXICO 邢/唛头.doc"
嵊州海田,嵊州海田-唛头-4,126/TJHIN1981,123,"ziliao/嵊州海田/CPT  GPN全紫铜 , 2290-3H/唛头.doc"
嵊州海田,嵊州海田-唛头-5,AD-WIA   AD-WIA,139,ziliao/嵊州海田/CTG NX 邢/唛头.doc
嵊州海田,嵊州海田-唛头-6,"C.E.O.A
MADE IN CHINA",153,ziliao/嵊州海田/ECG 订单/唛头.doc
嵊州海田,嵊州海田-唛头-7,"S&R    S&R
MADE IN CHINA     MADE IN CHINA",268,"ziliao/嵊州海田/TSR HARRIS 6290NX,T20加热嘴/唛头.doc"
嵊州海田,嵊州海田-唛头-8,MTM  MTM,119,ziliao/嵊州海田/YMM GPN 宋/唛头.doc
嵊州海田,嵊州海田-唛头HOVU-HCM-VN,HOVU-HCM-VN,140,"ziliao/嵊州海田/HOVU-HCM-VN,      A.C.L/唛头HOVU-HCM-VN.doc"
嵊州海田,嵊州海田-威盾地址小标贴,"收件人: 嵊州市威盾工具有限公司
浙江省嵊州市城东经济开发区纬一路68号
邢凯敏电话：15336771289
割嘴: 6 件
浙江省嵊州市城东经济开发区纬一路68号)",419,ziliao/嵊州海田/威盾地址小标贴.doc
嵊州海田,嵊州海田-托唛,"CBT88/SEA
CUTTING TIP
39 CTNS
PALLET: 1-1",127,"ziliao/嵊州海田/21IIF03  VICTOR 1-101, GPN,0-7-W,MFA,MFN 宋/托唛.doc"
正恒公司,正恒公司-407订单唛头,"SOLTEC Spa  SOLTEC Spa
PO #3682      PO #3682
CHILE        CHILE",297,ziliao/正恒公司/407字 项高健/407订单唛头.doc
正恒公司,正恒公司-6290 侧唛,"ZAC-23 CUTTING NOZZLE
6290 ACETYLENE
6290-3  200PCS
6290-4   200PCS",256,ziliao/正恒公司/692字 张裕宁/6290 侧唛.doc
正恒公司,正恒公司-FL CIMEX托盘唛头,"FL CIMEX
CUTTING NOZZLE
21 CTNS
PALLET:1-1",85,ziliao/正恒公司/114字订单小朱/114字 小朱订单/FL CIMEX托盘唛头.doc
正恒公司,正恒公司-Isonic 唛头,"Isonic   Isonic
CN: 6         CN: 6
CN: 7         CN: 7
CN: 8         CN: 8
CN: 9         CN: 9",187,ziliao/正恒公司/498字 袁豪东  Isonic/Isonic 唛头.doc
正恒公司,正恒公司-MGASES 唛头,"MGASES  MGASES
CN:1-7    CN:1-7",192,ziliao/正恒公司/760 6290 张裕宁/MGASES 唛头.doc
正恒公司,正恒公司-NX侧唛,"ZAC-24 CUTTING NOZZLE
6290NX PROPANE
6290NX-000  100PCS
6290NX-00   100PCS
6290NX-0   100PCS
6290NX-1   100PCS",342,ziliao/正恒公司/692字 张裕宁/NX侧唛.doc
正恒公司,正恒公司-SMF 唛头,"SMF   SMF
CN:59-71    CN:59-71
MADE IN CHINA     MADE IN CHINA",299,ziliao/正恒公司/209 字 SMF 1502 顾/SMF 唛头.doc
正恒公司,正恒公司-SMF 托唛头,"SMF
CUTTING TIP
1502  36 CTNS
MADE IN CHINA",155,ziliao/正恒公司/209 字 SMF 1502 顾/SMF 托唛头.doc
正恒公司,正恒公司-TECNO INDUSTRIAL S.A.唛头,"TECNO INDUSTRIAL S.A.
O. NO. 0123
GUATEMALA, GUATEMALA
CN: 1-18
P.O. NO. 0123",322,ziliao/正恒公司/GC字 张裕宁/TECNO INDUSTRIAL S.A.唛头.doc
正恒公司,正恒公司-ZEHEN 唛头,"ZEHEN ZEHEN
CN:482-484    CN:482-484
MADE IN CHINA       MADE IN CHINA
CN:482-484   CN:482-484
MADE IN CHINA     MADE IN CHINA
CN:485-485   CN:485-485",291,ziliao/正恒公司/ZEHEN 唛头.doc
正恒公司,正恒公司-ZEHEN唛,ZEHEN ZEHEN,151,ziliao/正恒公司/ZEHEN唛.doc
正恒公司,正恒公司-侧唛名称,"6290NX-1 (ZBT0228)
6290NX-2 (ZBT0139)
6290NX-5 (JIT0011)",322,ziliao/正恒公司/584字 朱/侧唛名称.doc
正恒公司,正恒公司-唛头,"CN: 479-493
CN: 497-493",127,ziliao/正恒公司/279 V ERSAL  小毛/唛头.doc
正恒公司,正恒公司-唛头-2,"DISFERGO, S.A.
CN: 1-3",138,ziliao/正恒公司/584字 朱/唛头.doc
正恒公司,正恒公司-唛头-3,"THOR PROFESSIONAL
CN: 1-5",210,ziliao/正恒公司/612 6290 袁豪东/唛头.doc
正恒公司,正恒公司-唛头-4,"FERWELD  FERWELD
CN:67       CN:67
CN:68       CN:68
CN:69       CN:69
CN:70       CN:70
CN:71       CN:71
CN:72       CN:72",251,ziliao/正恒公司/692字 张裕宁/唛头.doc
正恒公司,正恒公司-唛头-5,"Maquiservi,S.A.
CN:1-14",194,"ziliao/正恒公司/763 6290,NX 朱/唛头.doc"
正恒公司,正恒公司-唛头-6,"A.H.E ST   A.H.E ST
CN:31-40     CN:31-40",212,ziliao/正恒公司/白盒有字G1-P/唛头.doc
正恒公司,正恒公司-外箱唛头,"Importado por:
INDUSTRIAL VENDOR MÉXICO, S.A. DE C.V.
Calle Cuauhtémoc No. 320, Colonia Monclova Centro,
Monclova, Coahuila de Zaragoza, México. C.P. 25700
RFC: CGI6011216Y5 TEL: (866) 158 00 80
www.industrialvendor.com.mx
HECHO EN CHINA",496,ziliao/正恒公司/BlacKset墨西哥订单有88/外箱唛头.doc
正恒公司,正恒公司-托唛头,"DISFERGO, S.A.
CUTTING TIP
24 CTNS
PALLET:1-1
PALLET: 1-1",93,ziliao/正恒公司/584字 朱/托唛头.doc
