客户,计划单产品写法,缺价行数,来源文件数,原因,疑似对应价源（只作线索，未自动匹配）,来源示例文件
嵊州海田,1-1-101,86,86,命名不一致：其它客户文件夹有近似价源（需甲方裁定是否可作为通用价）,安宝公司 / Victor 乙炔割嘴 1-1-101 @13.20（2025-07-25）,"嵊州海田/21IIF03  VICTOR 1-101, GPN,0-7-W,MFA,MFN 宋/VICTOR GPN 生产计划单.doc"
嵊州海田,2-1-101,83,83,命名不一致：其它客户文件夹有近似价源（需甲方裁定是否可作为通用价）,安宝公司 / Victor 乙炔割嘴 2-1-101 @13.20（2025-07-25）,"嵊州海田/21IIF03  VICTOR 1-101, GPN,0-7-W,MFA,MFN 宋/VICTOR GPN 生产计划单.doc"
嵊州海田,3-1-101,74,74,命名不一致：其它客户文件夹有近似价源（需甲方裁定是否可作为通用价）,安宝公司 / Victor 乙炔割嘴 3-1-101 @13.20（2025-07-25）,嵊州海田/AIR IMETAN Ricardo/AIR IMETAN生产计划单-1.doc
嵊州海田,0-1-101,56,56,命名不一致：其它客户文件夹有近似价源（需甲方裁定是否可作为通用价）,安宝公司 / 割嘴 #0-1-101 仿包装 @12.80（2024-12-30）,"嵊州海田/21IIF03  VICTOR 1-101, GPN,0-7-W,MFA,MFN 宋/VICTOR GPN 生产计划单.doc"
嵊州海田,4-1-101,55,55,命名不一致：其它客户文件夹有近似价源（需甲方裁定是否可作为通用价）,安宝公司 / Victor 乙炔割嘴 4-1-101 @13.20（2025-07-25）,"嵊州海田/21IIF03  VICTOR 1-101, GPN,0-7-W,MFA,MFN 宋/VICTOR GPN 生产计划单.doc"
嵊州海田,GPN-1,39,39,命名不一致：同客户有近似价源（写法包含关系）,"嵊州海田 / GPN, 1#，原装VICTOR包装和标签 @8.50（2014-12-16）",嵊州海田/常规生产计划单.doc
嵊州海田,GPN-2,37,37,命名不一致：同客户有近似价源（写法包含关系）,"嵊州海田 / GPN, 2#，原装VICTOR包装和标签 @8.50（2014-07-28）","嵊州海田/伊朗106HC,GPN贴不干胶/106HC生产计划单MADE IN JAPAN.doc"
嵊州海田,2-GPN,36,36,命名不一致：其它客户文件夹有近似价源（需甲方裁定是否可作为通用价）,"安宝公司 / 丙烷割嘴 2-GPN

请注意：3只是样品单独装 @9.70（2026-08-26）","嵊州海田/21IIF03  VICTOR 1-101, GPN,0-7-W,MFA,MFN 宋/VICTOR GPN 生产计划单.doc"
嵊州海田,1-GPN,35,35,命名不一致：其它客户文件夹有近似价源（需甲方裁定是否可作为通用价）,"安宝公司 / victor 丙烷割嘴 GPN－1#
刻字：内嘴上1-GPN
外嘴上VICTOR 1-GPN

包装：VICTOR塑料盒+不干胶 @9.55（2026-06-04）","嵊州海田/21IIF03  VICTOR 1-101, GPN,0-7-W,MFA,MFN 宋/VICTOR GPN 生产计划单.doc"
嵊州海田,5-1-101,35,35,命名不一致：其它客户文件夹有近似价源（需甲方裁定是否可作为通用价）,"安宝公司 / victor乙炔割嘴 101-5# 
刻字：VICTOR 5-1-101 @12.00（2023-10-16）",嵊州海田/22 IAM   T20 106HC金色字  宋/VICTOR GPN 生产计划单.doc
嵊州海田,GPN-3,34,34,命名不一致：其它客户文件夹有近似价源（需甲方裁定是否可作为通用价）,"安宝公司 / 丙烷割嘴 GPN-3 71g
货号：4195 @9.80（2026-09-28）","嵊州海田/伊朗106HC,GPN贴不干胶/106HC生产计划单MADE IN JAPAN.doc"
嵊州海田,3-GPN,33,33,命名不一致：其它客户文件夹有近似价源（需甲方裁定是否可作为通用价）,"安宝公司 / 丙烷割嘴 3-GPN 3#

请注意：3只是样品单独装 @9.10（2026-08-26）","嵊州海田/21IIF03  VICTOR 1-101, GPN,0-7-W,MFA,MFN 宋/VICTOR GPN 生产计划单.doc"
嵊州海田,4-GPN,29,29,命名不一致：其它客户文件夹有近似价源（需甲方裁定是否可作为通用价）,"安宝公司 / victor 丙烷割嘴 GPN－4#
刻字：内嘴上4-GPN
外嘴上VICTOR 4-GPN

包装：VICTOR塑料盒+不干胶 @8.50（2022-06-27）","嵊州海田/21IIF03  VICTOR 1-101, GPN,0-7-W,MFA,MFN 宋/VICTOR GPN 生产计划单.doc"
嵊州海田,GPN-4,27,27,命名不一致：其它客户文件夹有近似价源（需甲方裁定是否可作为通用价）,安宝公司 / 丙烷割嘴 3-GPN 4# @7.90（2025-09-15）,"嵊州海田/伊朗106HC,GPN贴不干胶/106HC生产计划单MADE IN JAPAN.doc"
嵊州海田,0-GPN,24,24,命名不一致：其它客户文件夹有近似价源（需甲方裁定是否可作为通用价）,"安宝公司 / victor 丙烷割嘴 GPN－00#
刻字：内嘴上00-GPN
外嘴上VICTOR 00-GPN

包装：VICTOR塑料盒+不干胶 @8.50（2024-03-13）","嵊州海田/21IIF03  VICTOR 1-101, GPN,0-7-W,MFA,MFN 宋/VICTOR GPN 生产计划单.doc"
嵊州海田,GPN-0,21,21,命名不一致：其它客户文件夹有近似价源（需甲方裁定是否可作为通用价）,"安宝公司 / victor 丙烷割嘴3GPN－0#
刻字：内嘴上0-3-GPN
外嘴上VICTOR 0-3-GPN

包装：VICTOR塑料盒+不干胶 @8.90（2026-06-04）","嵊州海田/伊朗106HC,GPN贴不干胶/106HC生产计划单MADE IN JAPAN.doc"
嵊州海田,6290NX-2,19,19,命名不一致：其它客户文件夹有近似价源（需甲方裁定是否可作为通用价）,"安宝公司 / HARRIS 丙烷割嘴6290-NX-2 53g
货号：4187 @7.30（2026-09-28）",嵊州海田/22 IAM   T20 106HC金色字  宋/HARRIS 6290NX生产计划单.doc
嵊州海田,5-GPN,18,18,命名不一致：其它客户文件夹有近似价源（需甲方裁定是否可作为通用价）,"安宝公司 / victor 丙烷割嘴 GPN－5#
刻字：内嘴上5-GPN
外嘴上VICTOR 5-GPN

包装：VICTOR塑料盒+不干胶 @8.50（2022-06-27）","嵊州海田/21IIF03  VICTOR 1-101, GPN,0-7-W,MFA,MFN 宋/VICTOR GPN 生产计划单.doc"
嵊州海田,00-1-101,17,17,命名不一致：其它客户文件夹有近似价源（需甲方裁定是否可作为通用价）,安宝公司 / 割嘴 #00-1-101 仿包装 @12.80（2024-12-30）,"嵊州海田/21IIF03  VICTOR 1-101, GPN,0-7-W,MFA,MFN 宋/VICTOR GPN 生产计划单.doc"
嵊州海田,6290NX-1,16,16,命名不一致：同客户有近似价源（写法包含关系）,"嵊州海田 / 6290-NX, 1＃，原装HARRIS包装和刻字 @6.50（2014-07-28）",嵊州海田/22 IAM   T20 106HC金色字  宋/HARRIS 6290NX生产计划单.doc
正恒公司,6290-1,16,16,命名不一致：其它客户文件夹有近似价源（需甲方裁定是否可作为通用价）,"安宝公司 / HARRIS 乙炔割嘴6290-1 55g
货号：4208 @12.20（2026-09-28）",正恒公司/032字的106D7 袁毫东/210880320407生产计划单.doc
嵊州海田,6290NX-3,15,15,命名不一致：其它客户文件夹有近似价源（需甲方裁定是否可作为通用价）,"安宝公司 / HARRIS 丙烷割嘴6290-NX-3 53g
货号：4188 @7.30（2026-09-28）",嵊州海田/22 IAM   T20 106HC金色字  宋/HARRIS 6290NX生产计划单.doc
正恒公司,6290-2,15,14,命名不一致：其它客户文件夹有近似价源（需甲方裁定是否可作为通用价）,"安宝公司 / HARRIS 乙炔割嘴6290-2 55g
货号：4210 @12.20（2026-09-28）",正恒公司/004字订单 项高健/192010040917-1计划单白盒.doc
嵊州海田,00-GPN,14,14,命名不一致：其它客户文件夹有近似价源（需甲方裁定是否可作为通用价）,"安宝公司 / victor 丙烷割嘴 GPN－00#
刻字：内嘴上00-GPN
外嘴上VICTOR 00-GPN

包装：VICTOR塑料盒+不干胶 @8.50（2024-03-13）","嵊州海田/21IIF03  VICTOR 1-101, GPN,0-7-W,MFA,MFN 宋/VICTOR GPN 生产计划单.doc"
嵊州海田,GPN-5,14,14,命名不一致：其它客户文件夹有近似价源（需甲方裁定是否可作为通用价）,安宝公司 / 丙烷割嘴GPN #5  塑料盖贴：GPN-5 @8.00（2025-06-17）,"嵊州海田/CJE, CJS, GPN, 1-101,新警告标志 邢/VICTOR GPN 1-101生产计划单.doc"
正恒公司,6290NX-3,14,14,命名不一致：其它客户文件夹有近似价源（需甲方裁定是否可作为通用价）,"安宝公司 / HARRIS 丙烷割嘴6290-NX-3 53g
货号：4188 @7.30（2026-09-28）",正恒公司/004字订单 项高健/192010040917-1计划单白盒.doc
正恒公司,6290NX-2,13,13,命名不一致：其它客户文件夹有近似价源（需甲方裁定是否可作为通用价）,"安宝公司 / HARRIS 丙烷割嘴6290-NX-2 53g
货号：4187 @7.30（2026-09-28）",正恒公司/004字订单 项高健/192010040917-1计划单白盒.doc
正恒公司,6290-3,13,13,命名不一致：其它客户文件夹有近似价源（需甲方裁定是否可作为通用价）,安宝公司 / WS62903乙炔割嘴 6290-3 @11.60（2026-07-14）,正恒公司/032字的106D7 袁毫东/210880320407生产计划单.doc
正恒公司,6290NX-1,12,12,命名不一致：其它客户文件夹有近似价源（需甲方裁定是否可作为通用价）,"安宝公司 / HARRIS 丙烷割嘴6290-NX-1 53g
货号：4186 @7.30（2026-09-28）",正恒公司/004字订单 项高健/192010040917-1计划单白盒.doc
嵊州海田,6-1-101,11,11,命名不一致：其它客户文件夹有近似价源（需甲方裁定是否可作为通用价）,"安宝公司 / victor 乙炔割嘴 101-6#
刻字：VICTOR 6-1-101

包装：VICTOR塑料盒+不干胶 @11.80（2022-06-27）",嵊州海田/AIR IMETAN Ricardo/AIR IMETAN生产计划单-2 (2).doc
正恒公司,6290-4,11,11,命名不一致：其它客户文件夹有近似价源（需甲方裁定是否可作为通用价）,"安宝公司 / 乙炔割嘴 6290-4# 重59.3克
刻字：规格型号 包装：塑料盒+贴纸 @8.60（2025-05-28）",正恒公司/032字的106D7 袁毫东/210880320407生产计划单.doc
正恒公司,6290NX-0,10,10,命名不一致：其它客户文件夹有近似价源（需甲方裁定是否可作为通用价）,"安宝公司 / HARRIS 丙烷割嘴6290-NX-0 53g
货号：4184 @7.30（2026-09-28）",正恒公司/004字订单 项高健/192010040917-1计划单白盒.doc
嵊州海田,GPN-00,9,9,命名不一致：其它客户文件夹有近似价源（需甲方裁定是否可作为通用价）,"安宝公司 / victor 丙烷割嘴3GPN－00#
刻字：内嘴上00-3-GPN
外嘴上VICTOR 00-3-GPN

包装：VICTOR塑料盒+不干胶 @8.90（2026-06-04）",嵊州海田/AIR IMETAN Ricardo/AIR IMETAN生产计划单-1.doc
正恒公司,6290NX-4,9,9,命名不一致：其它客户文件夹有近似价源（需甲方裁定是否可作为通用价）,"安宝公司 / HARRIS 丙烷割嘴6290-NX-4 53g
货号：4185 @7.00（2026-01-25）",正恒公司/004字订单 项高健/192010040917-1计划单白盒.doc
嵊州海田,6290NX-0,8,8,命名不一致：其它客户文件夹有近似价源（需甲方裁定是否可作为通用价）,"安宝公司 / HARRIS 丙烷割嘴6290-NX-0 53g
货号：4184 @7.30（2026-09-28）",嵊州海田/22 IAM   T20 106HC金色字  宋/HARRIS 6290NX生产计划单.doc
嵊州海田,6290NX-4,8,8,命名不一致：其它客户文件夹有近似价源（需甲方裁定是否可作为通用价）,"安宝公司 / HARRIS 丙烷割嘴6290-NX-4 53g
货号：4185 @7.00（2026-01-25）",嵊州海田/22 IAM   T20 106HC金色字  宋/HARRIS 6290NX生产计划单.doc
嵊州海田,6-GPN,8,8,命名不一致：其它客户文件夹有近似价源（需甲方裁定是否可作为通用价）,"安宝公司 / victor 丙烷割嘴 GPN－6#
刻字：内嘴上6-GPN
外嘴上VICTOR 6-GPN

包装：VICTOR塑料盒+不干胶 @8.50（2022-06-27）",嵊州海田/22 IAM   T20 106HC金色字  宋/VICTOR GPN 生产计划单.doc
嵊州海田,106HC-2,8,8,命名不一致：其它客户文件夹有近似价源（需甲方裁定是否可作为通用价）,"安宝公司 / 丙烷割嘴 106HC 2#
包装：彩卡+泡壳+说明书 @9.00（2026-07-31）","嵊州海田/伊朗106HC,GPN贴不干胶/106HC生产计划单MADE IN JAPAN.doc"
正恒公司,6290NX-5,8,8,命名不一致：其它客户文件夹有近似价源（需甲方裁定是否可作为通用价）,安宝公司 / WS6290NX5丙烷割嘴 6290-NX-5 @7.30（2026-08-20）,正恒公司/004字订单 项高健/192010040917-1计划单白盒.doc
正恒公司,6290-0,8,8,命名不一致：其它客户文件夹有近似价源（需甲方裁定是否可作为通用价）,安宝公司 / 割嘴 6290-0# 产品号码6009 @11.60（2026-07-22）,正恒公司/032字的106D7 袁毫东/210880320407生产计划单.doc
正恒公司,6290-5,8,8,命名不一致：其它客户文件夹有近似价源（需甲方裁定是否可作为通用价）,"安宝公司 / 乙炔割嘴 6290-5# 重59.3克
刻字：规格型号 包装：塑料盒+贴纸 @8.60（2025-05-28）",正恒公司/114字订单小朱/114字 小朱订单/114 生产计划单.doc
嵊州海田,6290-2AC,7,7,无任何可对应的价源（该型号族只出现在计划单里）,,"嵊州海田/21IIF03  VICTOR 1-101, GPN,0-7-W,MFA,MFN 宋/6290AC HARRIS生产计划单.doc"
嵊州海田,6290NX-5,7,7,命名不一致：其它客户文件夹有近似价源（需甲方裁定是否可作为通用价）,安宝公司 / WS6290NX5丙烷割嘴 6290-NX-5 @7.30（2026-08-20）,嵊州海田/22 IAM   T20 106HC金色字  宋/HARRIS 6290NX生产计划单.doc
嵊州海田,106HC-1,7,7,命名不一致：其它客户文件夹有近似价源（需甲方裁定是否可作为通用价）,"安宝公司 / 丙烷割嘴 106HC 1#
包装：彩卡+泡壳+说明书 @9.00（2026-07-31）","嵊州海田/伊朗106HC,GPN贴不干胶/106HC生产计划单MADE IN JAPAN.doc"
嵊州海田,106HC-3,7,7,命名不一致：其它客户文件夹有近似价源（需甲方裁定是否可作为通用价）,"安宝公司 / 丙烷割嘴 106HC 3#
包装：彩卡+泡壳+说明书 @9.00（2026-07-31）","嵊州海田/伊朗106HC,GPN贴不干胶/106HC生产计划单MADE IN JAPAN.doc"
嵊州海田,GPN-6,7,7,命名不一致：其它客户文件夹有近似价源（需甲方裁定是否可作为通用价）,安宝公司 / 丙烷割嘴 GPN #6  塑料盖贴：GPN-6 @8.80（2025-03-13）,嵊州海田/AIR IMETAN Ricardo/AIR IMETAN生产计划单-2 (2).doc
正恒公司,GPN-2,7,7,命名不一致：其它客户文件夹有近似价源（需甲方裁定是否可作为通用价）,"安宝公司 / 丙烷割嘴 GPN-2 71g
货号：4194 @9.80（2026-09-28）",正恒公司/004字订单 项高健/192010040917-1计划单白盒.doc
嵊州海田,6290NX-6,6,6,命名不一致：其它客户文件夹有近似价源（需甲方裁定是否可作为通用价）,安宝公司 / WS6290NX6丙烷割嘴 6290-NX-6 @7.30（2026-08-20）,嵊州海田/22 IAM   T20 106HC金色字  宋/HARRIS 6290NX生产计划单.doc
嵊州海田,106HC-0,6,6,命名不一致：其它客户文件夹有近似价源（需甲方裁定是否可作为通用价）,安宝公司 / WS202309丙烷割嘴 106HC-0号 74g @8.80（2026-04-15）,"嵊州海田/伊朗106HC,GPN贴不干胶/106HC生产计划单MADE IN JAPAN.doc"
嵊州海田,106HC-4,6,6,命名不一致：其它客户文件夹有近似价源（需甲方裁定是否可作为通用价）,"安宝公司 / 丙烷割嘴 106HC 4#
包装：彩卡+泡壳+说明书 @9.00（2026-07-31）","嵊州海田/伊朗106HC,GPN贴不干胶/106HC生产计划单MADE IN JAPAN.doc"
嵊州海田,106HC-5,6,6,命名不一致：其它客户文件夹有近似价源（需甲方裁定是否可作为通用价）,安宝公司 / KOIKE割嘴 106HC-5# 3孔-重足76g @7.50（2023-05-29）,"嵊州海田/伊朗106HC,GPN贴不干胶/106HC生产计划单MADE IN JAPAN.doc"
嵊州海田,G1-P20/10,5,5,命名不一致：其它客户文件夹有近似价源（需甲方裁定是否可作为通用价）,"安宝公司 / 割嘴 G1-P 20/10"" 重78g @8.80（2023-11-15）","嵊州海田/CEY ,CSD, 圆壳G1-A/邵云忠G1-P两头黑盖生产计划单.doc"
嵊州海田,6290-2,5,5,命名不一致：其它客户文件夹有近似价源（需甲方裁定是否可作为通用价）,"安宝公司 / HARRIS 乙炔割嘴6290-2 55g
货号：4210 @12.20（2026-09-28）","嵊州海田/CWX 1-101,2-W SC12,MC12,HARRIS NX,AC/6290HARRIS生产计划单.doc"
嵊州海田,106HC-00,5,4,命名不一致：其它客户文件夹有近似价源（需甲方裁定是否可作为通用价）,安宝公司 / 106HC   00# @6.50（2020-07-03）,"嵊州海田/HOVU-HCM-VN,      A.C.L/78克重PNME生产计划单-1.doc"
正恒公司,GPN-1,5,5,命名不一致：其它客户文件夹有近似价源（需甲方裁定是否可作为通用价）,"安宝公司 / 丙烷割嘴 GPN-1 71g
货号：4193 @9.80（2026-09-28）",正恒公司/004字订单 项高健/192010040917-1计划单白盒.doc
正恒公司,6290NX-6,5,5,命名不一致：其它客户文件夹有近似价源（需甲方裁定是否可作为通用价）,安宝公司 / WS6290NX6丙烷割嘴 6290-NX-6 @7.30（2026-08-20）,正恒公司/032字的106D7 袁毫东/210880320407生产计划单.doc
嵊州海田,102HC-2,4,4,命名不一致：其它客户文件夹有近似价源（需甲方裁定是否可作为通用价）,"安宝公司 / 乙炔割嘴 102HC-2#
包装：彩卡+泡壳+说明书 @14.80（2025-12-12）","嵊州海田/旧订单/102HC,不印产地/102HC生产计划单MADE IN JAPAN.doc"
嵊州海田,102HC-3,4,4,命名不一致：其它客户文件夹有近似价源（需甲方裁定是否可作为通用价）,"安宝公司 / 乙炔割嘴 102HC-3#
包装：彩卡+泡壳+说明书 @14.80（2025-12-12）","嵊州海田/旧订单/102HC,不印产地/102HC生产计划单MADE IN JAPAN.doc"
嵊州海田,PNME9 1/16,4,4,无任何可对应的价源（该型号族只出现在计划单里）,,"嵊州海田/旧订单/俄罗斯100C,PNME/PNME9生产计划单.doc"
嵊州海田,G1-P16/10,4,4,命名不一致：其它客户文件夹有近似价源（需甲方裁定是否可作为通用价）,"安宝公司 / 割嘴 G1-P 16/10"" @9.00（2024-04-08）","嵊州海田/CEY ,CSD, 圆壳G1-A/邵云忠G1-P两头黑盖生产计划单.doc"
嵊州海田,GPN-7,4,4,命名不一致：其它客户文件夹有近似价源（需甲方裁定是否可作为通用价）,"安宝公司 / victor 丙烷割嘴 GPN－7#
刻字：内嘴上7-GPN
外嘴上VICTOR 7-GPN

包装：VICTOR塑料盒+不干胶 @8.50（2024-03-13）",嵊州海田/CJH 订单/VICTOR1-101生产计划单.doc
嵊州海田,6290-1,4,4,命名不一致：其它客户文件夹有近似价源（需甲方裁定是否可作为通用价）,"安宝公司 / HARRIS 乙炔割嘴6290-1 55g
货号：4208 @12.20（2026-09-28）","嵊州海田/CWX 1-101,2-W SC12,MC12,HARRIS NX,AC/6290HARRIS生产计划单.doc"
嵊州海田,-0,4,3,命名不一致：同客户有近似价源（写法包含关系）,嵊州海田 / 0-W @16.00（2026-09-14）,"嵊州海田/HOVU-HCM-VN,      A.C.L/78克重PNME生产计划单-1.doc"
嵊州海田,-1,4,3,命名不一致：同客户有近似价源（写法包含关系）,嵊州海田 / 6-MFA-1 @28.60（2026-09-30）,"嵊州海田/HOVU-HCM-VN,      A.C.L/78克重PNME生产计划单-1.doc"
嵊州海田,-2,4,3,命名不一致：同客户有近似价源（写法包含关系）,嵊州海田 / 12-MFA @54.00（2026-09-14）,"嵊州海田/HOVU-HCM-VN,      A.C.L/78克重PNME生产计划单-1.doc"
嵊州海田,-3,4,3,命名不一致：同客户有近似价源（写法包含关系）,嵊州海田 / 3-W @20.00（2026-09-14）,"嵊州海田/HOVU-HCM-VN,      A.C.L/78克重PNME生产计划单-1.doc"
嵊州海田,106-1/64,4,4,无任何可对应的价源（该型号族只出现在计划单里）,,"嵊州海田/MZF,MKY, CHD 滑盖塑壳 WeldRo-I产品 邢/24CHD01/滑盖106HC生产计划单.doc"
嵊州海田,106-3/64,4,4,无任何可对应的价源（该型号族只出现在计划单里）,,"嵊州海田/MZF,MKY, CHD 滑盖塑壳 WeldRo-I产品 邢/24CHD01/滑盖106HC生产计划单.doc"
嵊州海田,106-1/16,4,4,无任何可对应的价源（该型号族只出现在计划单里）,,"嵊州海田/MZF,MKY, CHD 滑盖塑壳 WeldRo-I产品 邢/24CHD01/滑盖106HC生产计划单.doc"
正恒公司,6290NX-00,4,4,命名不一致：其它客户文件夹有近似价源（需甲方裁定是否可作为通用价）,"安宝公司 / 丙烷割嘴6290NX 00# 刻字：中性常规

包装：如右图类似对应型号 @6.00（2025-08-26）",正恒公司/004字订单 项高健/192010040917-1计划单白盒.doc
正恒公司,106D7-3,4,4,无任何可对应的价源（该型号族只出现在计划单里）,,正恒公司/004字订单 项高健/192010040917-1计划单白盒.doc
正恒公司,GPN-3,4,4,命名不一致：其它客户文件夹有近似价源（需甲方裁定是否可作为通用价）,"安宝公司 / 丙烷割嘴 GPN-3 71g
货号：4195 @9.80（2026-09-28）",正恒公司/004字订单 项高健/192010040917-2计划单白盒.doc
正恒公司,1-1-101,4,4,命名不一致：其它客户文件夹有近似价源（需甲方裁定是否可作为通用价）,安宝公司 / Victor 乙炔割嘴 1-1-101 @13.20（2025-07-25）,正恒公司/439字 1-101  朱/常规生产计划单.doc
正恒公司,2-1-101,4,4,命名不一致：其它客户文件夹有近似价源（需甲方裁定是否可作为通用价）,安宝公司 / Victor 乙炔割嘴 2-1-101 @13.20（2025-07-25）,"正恒公司/439字,地球唛头, 小朱/常规生产计划单.doc"
正恒公司,3-1-101,4,4,命名不一致：其它客户文件夹有近似价源（需甲方裁定是否可作为通用价）,安宝公司 / Victor 乙炔割嘴 3-1-101 @13.20（2025-07-25）,"正恒公司/439字,地球唛头, 小朱/常规生产计划单.doc"
嵊州海田,6290-1AC,3,3,无任何可对应的价源（该型号族只出现在计划单里）,,"嵊州海田/21IIF03  VICTOR 1-101, GPN,0-7-W,MFA,MFN 宋/6290AC HARRIS生产计划单.doc"
嵊州海田,6290-3AC,3,3,无任何可对应的价源（该型号族只出现在计划单里）,,"嵊州海田/21IIF03  VICTOR 1-101, GPN,0-7-W,MFA,MFN 宋/6290AC HARRIS生产计划单.doc"
嵊州海田,8-GPN,3,3,命名不一致：其它客户文件夹有近似价源（需甲方裁定是否可作为通用价）,"安宝公司 / victor 丙烷割嘴 GPN－8#
刻字：内嘴上8-GPN
外嘴上VICTOR 8-GPN

包装：VICTOR塑料盒+不干胶 @8.50（2024-03-13）",嵊州海田/22 IAM   T20 106HC金色字  宋/VICTOR GPN 生产计划单.doc
嵊州海田,102HC-1,3,3,命名不一致：其它客户文件夹有近似价源（需甲方裁定是否可作为通用价）,"安宝公司 / 乙炔割嘴 102HC-1#
包装：彩卡+泡壳+说明书 @14.80（2025-12-12）",嵊州海田/CCN 1-101  102HC 不印产地/102HC 生产计划单.doc
嵊州海田,G1-P10/10,3,3,命名不一致：其它客户文件夹有近似价源（需甲方裁定是否可作为通用价）,安宝公司 / Cutting nozzle G1-P 10/10 84g @8.50（2023-02-28）,"嵊州海田/CEY ,CSD, 圆壳G1-A/邵云忠G1-P两头黑盖生产计划单.doc"
嵊州海田,G1-A16/10,3,3,无任何可对应的价源（该型号族只出现在计划单里）,,"嵊州海田/CEY ,CSD, 圆壳G1-A/G1-P生产计划单.doc"
嵊州海田,6290-3,3,3,命名不一致：其它客户文件夹有近似价源（需甲方裁定是否可作为通用价）,安宝公司 / WS62903乙炔割嘴 6290-3 @11.60（2026-07-14）,"嵊州海田/CWX 1-101,2-W SC12,MC12,HARRIS NX,AC/6290HARRIS生产计划单.doc"
嵊州海田,106-1/32,3,3,无任何可对应的价源（该型号族只出现在计划单里）,,"嵊州海田/MZF,MKY, CHD 滑盖塑壳 WeldRo-I产品 邢/24CHD01/滑盖106HC生产计划单.doc"
嵊州海田,PNME9 1/32,3,3,无任何可对应的价源（该型号族只出现在计划单里）,,"嵊州海田/MZF,MKY, CHD 滑盖塑壳 WeldRo-I产品 邢/WeldRo-I彩盆生产计划单.doc"
嵊州海田,PNME9 3/64,3,3,无任何可对应的价源（该型号族只出现在计划单里）,,"嵊州海田/MZF,MKY, CHD 滑盖塑壳 WeldRo-I产品 邢/WeldRo-I彩盆生产计划单.doc"
正恒公司,106D7-1,3,3,无任何可对应的价源（该型号族只出现在计划单里）,,正恒公司/004字订单 项高健/192010040917-1计划单白盒.doc
正恒公司,106D7-5,3,3,无任何可对应的价源（该型号族只出现在计划单里）,,正恒公司/004字订单 项高健/192010040917-1计划单白盒.doc
正恒公司,106D7-6,3,3,无任何可对应的价源（该型号族只出现在计划单里）,,正恒公司/004字订单 项高健/192010040917-1计划单白盒.doc
正恒公司,GPN-0,3,3,命名不一致：其它客户文件夹有近似价源（需甲方裁定是否可作为通用价）,"安宝公司 / victor 丙烷割嘴3GPN－0#
刻字：内嘴上0-3-GPN
外嘴上VICTOR 0-3-GPN

包装：VICTOR塑料盒+不干胶 @8.90（2026-06-04）",正恒公司/004字订单 项高健/192010040917-2计划单白盒.doc
正恒公司,GPN-5,3,3,命名不一致：其它客户文件夹有近似价源（需甲方裁定是否可作为通用价）,安宝公司 / 丙烷割嘴GPN #5  塑料盖贴：GPN-5 @8.00（2025-06-17）,正恒公司/004字订单 项高健/192010040917-2计划单白盒.doc
正恒公司,ANME5/64,3,3,无任何可对应的价源（该型号族只出现在计划单里）,,正恒公司/409 ANME 顾/ANME 生产计划单.doc
嵊州海田,000-GPN,2,2,无任何可对应的价源（该型号族只出现在计划单里）,,"嵊州海田/21IIF03  VICTOR 1-101, GPN,0-7-W,MFA,MFN 宋/VICTOR GPN 生产计划单.doc"
嵊州海田,000-1-101,2,2,无任何可对应的价源（该型号族只出现在计划单里）,,"嵊州海田/21IIF03  VICTOR 1-101, GPN,0-7-W,MFA,MFN 宋/VICTOR GPN 生产计划单.doc"
嵊州海田,GPN-8,2,2,命名不一致：其它客户文件夹有近似价源（需甲方裁定是否可作为通用价）,安宝公司 / 丙烷割嘴GPN #8  塑料盖贴：GPN-8 @8.60（2025-10-28）,嵊州海田/AIR IMETAN Ricardo/AIR IMETAN生产计划单-2 (2).doc
嵊州海田,0-3-101,2,2,无任何可对应的价源（该型号族只出现在计划单里）,,嵊州海田/AMZ  1-101 JZWELD牌子/常规生产计划单.doc
嵊州海田,1-3-101,2,2,无任何可对应的价源（该型号族只出现在计划单里）,,嵊州海田/AMZ  1-101 JZWELD牌子/常规生产计划单.doc
嵊州海田,2-3-101,2,2,无任何可对应的价源（该型号族只出现在计划单里）,,嵊州海田/AMZ  1-101 JZWELD牌子/常规生产计划单.doc
嵊州海田,3-3-101,2,2,命名不一致：其它客户文件夹有近似价源（需甲方裁定是否可作为通用价）,"安宝公司 / 割嘴3-3-101
产品号码6021 @8.80（2023-03-23）",嵊州海田/AMZ  1-101 JZWELD牌子/常规生产计划单.doc
嵊州海田,G1-A 20/10,2,2,无任何可对应的价源（该型号族只出现在计划单里）,,嵊州海田/BKV G1-A/G1-A 生产计划单.doc
嵊州海田,102HC-4,2,2,无任何可对应的价源（该型号族只出现在计划单里）,,嵊州海田/CCN 1-101  102HC 不印产地/102HC 生产计划单.doc
嵊州海田,GPN-10,2,2,命名不一致：其它客户文件夹有近似价源（需甲方裁定是否可作为通用价）,安宝公司 / 乙炔割嘴3-GPN1 0# 产品号码6030 @9.10（2026-08-20）,"嵊州海田/CDX GPN-10直通, HARRIS 6290NX, 229-5H 邢/HARRIS NX 生产计划单.doc"
嵊州海田,G1-A 10/10,2,2,无任何可对应的价源（该型号族只出现在计划单里）,,"嵊州海田/CEY ,CSD, 圆壳G1-A/G1-P生产计划单.doc"
嵊州海田,102HC-0,2,2,命名不一致：其它客户文件夹有近似价源（需甲方裁定是否可作为通用价）,"安宝公司 / WS202305乙炔割嘴 102HC-0
全铜 重86.5g @15.00（2024-07-03）","嵊州海田/CFT1-101,GPN   MADE MEXICO 邢/102HC 生产计划单.doc"
嵊州海田,W,2,2,命名不一致：同客户有近似价源（写法包含关系）,嵊州海田 / 0-W @16.00（2026-09-14）,嵊州海田/CMR  CMY  1-101 GPN W MFA/VICTOR 生产计划单.doc
嵊州海田,6290NX-00,2,2,命名不一致：其它客户文件夹有近似价源（需甲方裁定是否可作为通用价）,"安宝公司 / 丙烷割嘴6290NX 00# 刻字：中性常规

包装：如右图类似对应型号 @6.00（2025-08-26）",嵊州海田/CTG NX 邢/常规生产计划单.doc
嵊州海田,ANME 3/64,2,2,命名不一致：其它客户文件夹有近似价源（需甲方裁定是否可作为通用价）,安宝公司 / 乙炔割嘴 ANME 3/64 92g @16.70（2026-05-15）,嵊州海田/CYJ ANME  1-101 MADE IN MEXICO/ANME 生产计划单.doc
嵊州海田,ANME 1/16,2,2,命名不一致：其它客户文件夹有近似价源（需甲方裁定是否可作为通用价）,安宝公司 / 乙炔割嘴 ANME 1/16 92g @16.70（2026-05-15）,嵊州海田/CYJ ANME  1-101 MADE IN MEXICO/ANME 生产计划单.doc
嵊州海田,229-2,2,2,命名不一致：其它客户文件夹有近似价源（需甲方裁定是否可作为通用价）,安宝公司 / PNME割嘴 229 #2 塑料盖贴：229-2 @9.30（2026-03-18）,"嵊州海田/ECG 订单/1-101,GPN,NX, 229 生产计划单.doc"
嵊州海田,3-W焊杆,2,2,命名不一致：同客户有近似价源（写法包含关系）,嵊州海田 / 3-W @20.00（2026-09-14）,嵊州海田/ECG 订单/VICTOR GPN HARRIS NX生产计划单.doc
嵊州海田,4732P 10-25 106-1 1.2,2,2,无任何可对应的价源（该型号族只出现在计划单里）,,"嵊州海田/GEG GLOOR ANME PNME G1-A, G1-P/海田GLOOR/GLOOR(102,106)生产计划单.doc"
嵊州海田,4733P 25-50 106-3 1.6,2,2,无任何可对应的价源（该型号族只出现在计划单里）,,"嵊州海田/GEG GLOOR ANME PNME G1-A, G1-P/海田GLOOR/GLOOR(102,106)生产计划单.doc"
嵊州海田,4734P 50-100 106-5 2.0,2,2,无任何可对应的价源（该型号族只出现在计划单里）,,"嵊州海田/GEG GLOOR ANME PNME G1-A, G1-P/海田GLOOR/GLOOR(102,106)生产计划单.doc"
嵊州海田,G1-A10/10 10-25,2,2,无任何可对应的价源（该型号族只出现在计划单里）,,"嵊州海田/GEG GLOOR ANME PNME G1-A, G1-P/GLOOR(G1-A,G1-P)生产计划单.doc"
嵊州海田,G1-A16/10 25-50,2,2,无任何可对应的价源（该型号族只出现在计划单里）,,"嵊州海田/GEG GLOOR ANME PNME G1-A, G1-P/GLOOR(G1-A,G1-P)生产计划单.doc"
嵊州海田,G1-A20/10 50-100,2,2,无任何可对应的价源（该型号族只出现在计划单里）,,"嵊州海田/GEG GLOOR ANME PNME G1-A, G1-P/GLOOR(G1-A,G1-P)生产计划单.doc"
嵊州海田,G1-P7/10 5-10,2,2,无任何可对应的价源（该型号族只出现在计划单里）,,"嵊州海田/GEG GLOOR ANME PNME G1-A, G1-P/GLOOR(G1-A,G1-P)生产计划单.doc"
嵊州海田,G1-P10/10 10-25,2,2,无任何可对应的价源（该型号族只出现在计划单里）,,"嵊州海田/GEG GLOOR ANME PNME G1-A, G1-P/GLOOR(G1-A,G1-P)生产计划单.doc"
嵊州海田,106HC-6,2,2,命名不一致：其它客户文件夹有近似价源（需甲方裁定是否可作为通用价）,安宝公司 / 106HC  6# 4.0mm  79g @10.00（2020-07-03）,"嵊州海田/HOVU-HCM-VN,      A.C.L/ACL生产计划单-2.doc"
嵊州海田,PNME9 1/8,2,2,无任何可对应的价源（该型号族只出现在计划单里）,,"嵊州海田/MZF,MKY, CHD 滑盖塑壳 WeldRo-I产品 邢/WeldRo-I彩盆生产计划单.doc"
嵊州海田,PNME18 3/64,2,2,无任何可对应的价源（该型号族只出现在计划单里）,,"嵊州海田/MZF,MKY, CHD 滑盖塑壳 WeldRo-I产品 邢/WeldRo-I彩盆生产计划单.doc"
正恒公司,106D7-00,2,2,无任何可对应的价源（该型号族只出现在计划单里）,,正恒公司/004字订单 项高健/192010040917-1计划单白盒.doc
正恒公司,106D7-2,2,2,无任何可对应的价源（该型号族只出现在计划单里）,,正恒公司/004字订单 项高健/192010040917-1计划单白盒.doc
正恒公司,GPN-4,2,2,命名不一致：其它客户文件夹有近似价源（需甲方裁定是否可作为通用价）,安宝公司 / 丙烷割嘴 3-GPN 4# @7.90（2025-09-15）,正恒公司/004字订单 项高健/192010040917-2计划单白盒.doc
正恒公司,6290-6,2,2,命名不一致：其它客户文件夹有近似价源（需甲方裁定是否可作为通用价）,安宝公司 / 6290-6 乙炔割嘴 @8.60（2022-05-31）,正恒公司/032字的106D7 袁毫东/210880320407生产计划单.doc
正恒公司,1502-2,2,2,无任何可对应的价源（该型号族只出现在计划单里）,,正恒公司/209 字 SMF 1502 顾/1502生产计划单.doc
正恒公司,1502-4,2,2,命名不一致：其它客户文件夹有近似价源（需甲方裁定是否可作为通用价）,"安宝公司 / 乙炔割嘴 1502 4#
包装+刻字：中性 @16.40（2026-06-26）",正恒公司/209 字 SMF 1502 顾/1502生产计划单.doc
正恒公司,1502-6,2,2,无任何可对应的价源（该型号族只出现在计划单里）,,正恒公司/209 字 SMF 1502 顾/1502生产计划单.doc
正恒公司,1502-8,2,2,无任何可对应的价源（该型号族只出现在计划单里）,,正恒公司/209 字 SMF 1502 顾/1502生产计划单.doc
正恒公司,1502-10,2,2,无任何可对应的价源（该型号族只出现在计划单里）,,正恒公司/209 字 SMF 1502 顾/1502生产计划单.doc
正恒公司,1502-12,2,2,无任何可对应的价源（该型号族只出现在计划单里）,,正恒公司/209 字 SMF 1502 顾/1502生产计划单.doc
正恒公司,106-2,2,2,无任何可对应的价源（该型号族只出现在计划单里）,,正恒公司/279 V ERSAL  小毛/生产计划单-2.doc
正恒公司,106-3,2,2,无任何可对应的价源（该型号族只出现在计划单里）,,正恒公司/279 V ERSAL  小毛/生产计划单-2.doc
正恒公司,ANME1/32,2,2,命名不一致：其它客户文件夹有近似价源（需甲方裁定是否可作为通用价）,安宝公司 / 乙炔割嘴 ANME 1/32 92g @16.70（2026-05-15）,正恒公司/409 ANME 顾/ANME 生产计划单.doc
正恒公司,ANME3/64,2,2,命名不一致：其它客户文件夹有近似价源（需甲方裁定是否可作为通用价）,安宝公司 / 乙炔割嘴 ANME 3/64 92g @16.70（2026-05-15）,正恒公司/409 ANME 顾/ANME 生产计划单.doc
正恒公司,ANME1/16,2,2,命名不一致：其它客户文件夹有近似价源（需甲方裁定是否可作为通用价）,安宝公司 / 乙炔割嘴 ANME 1/16 92g @16.70（2026-05-15）,正恒公司/409 ANME 顾/ANME 生产计划单.doc
正恒公司,ANME3/32,2,2,无任何可对应的价源（该型号族只出现在计划单里）,,正恒公司/409 ANME 顾/ANME 生产计划单.doc
正恒公司,ANME1/8,2,2,命名不一致：其它客户文件夹有近似价源（需甲方裁定是否可作为通用价）,"安宝公司 / 乙炔割嘴ANME 1/8  重量：85g
包装：塑料盒+中性不干胶 @13.20（2025-07-30）",正恒公司/409 ANME 顾/ANME 生产计划单.doc
正恒公司,4-1-101,2,2,命名不一致：其它客户文件夹有近似价源（需甲方裁定是否可作为通用价）,安宝公司 / Victor 乙炔割嘴 4-1-101 @13.20（2025-07-25）,"正恒公司/439字,地球唛头, 小朱/常规生产计划单.doc"
正恒公司,5-1-101,2,2,命名不一致：其它客户文件夹有近似价源（需甲方裁定是否可作为通用价）,"安宝公司 / victor乙炔割嘴 101-5# 
刻字：VICTOR 5-1-101 @12.00（2023-10-16）","正恒公司/439字,地球唛头, 小朱/常规生产计划单.doc"
正恒公司,6290NX-000,2,2,无任何可对应的价源（该型号族只出现在计划单里）,,"正恒公司/665字,有106D7,项高健/106D7镀铬,塑壳,生产计划单.doc"
正恒公司,G1-P 10/10,2,2,命名不一致：其它客户文件夹有近似价源（需甲方裁定是否可作为通用价）,安宝公司 / Cutting nozzle G1-P 10/10 84g @8.50（2023-02-28）,正恒公司/白盒有字G1-P/G1-P生产计划单.doc
正恒公司,G1-P16/10,2,2,命名不一致：其它客户文件夹有近似价源（需甲方裁定是否可作为通用价）,"安宝公司 / 割嘴 G1-P 16/10"" @9.00（2024-04-08）",正恒公司/白盒有字G1-P/G1-P生产计划单.doc
正恒公司,0-1-101,2,2,命名不一致：其它客户文件夹有近似价源（需甲方裁定是否可作为通用价）,安宝公司 / 割嘴 #0-1-101 仿包装 @12.80（2024-12-30）,正恒公司/BlacKset墨西哥订单有88/BlacKset生产计划单-2.doc
嵊州海田,6290NFF-00,1,1,无任何可对应的价源（该型号族只出现在计划单里）,,"嵊州海田/21IIF03  VICTOR 1-101, GPN,0-7-W,MFA,MFN 宋/6290AC HARRIS生产计划单.doc"
嵊州海田,6290NFF-0,1,1,无任何可对应的价源（该型号族只出现在计划单里）,,"嵊州海田/21IIF03  VICTOR 1-101, GPN,0-7-W,MFA,MFN 宋/6290AC HARRIS生产计划单.doc"
嵊州海田,6290NFF-1,1,1,命名不一致：其它客户文件夹有近似价源（需甲方裁定是否可作为通用价）,安宝公司 / 丙烷割嘴 6290-NFF-1# 重51g足量 @6.20（2023-06-27）,"嵊州海田/21IIF03  VICTOR 1-101, GPN,0-7-W,MFA,MFN 宋/6290AC HARRIS生产计划单.doc"
嵊州海田,6290NFF-2,1,1,命名不一致：其它客户文件夹有近似价源（需甲方裁定是否可作为通用价）,安宝公司 / 丙烷割嘴 6290-NFF-2# @6.20（2024-01-31）,"嵊州海田/21IIF03  VICTOR 1-101, GPN,0-7-W,MFA,MFN 宋/6290AC HARRIS生产计划单.doc"
嵊州海田,6290NFF-5,1,1,命名不一致：其它客户文件夹有近似价源（需甲方裁定是否可作为通用价）,安宝公司 / 丙烷割嘴 6290-NFF-5# @6.20（2024-01-31）,"嵊州海田/21IIF03  VICTOR 1-101, GPN,0-7-W,MFA,MFN 宋/6290AC HARRIS生产计划单.doc"
嵊州海田,6290NFF-6,1,1,命名不一致：其它客户文件夹有近似价源（需甲方裁定是否可作为通用价）,安宝公司 / 丙烷割嘴 6290-NFF-6# @6.20（2024-01-31）,"嵊州海田/21IIF03  VICTOR 1-101, GPN,0-7-W,MFA,MFN 宋/6290AC HARRIS生产计划单.doc"
嵊州海田,7-GPN直通,1,1,无任何可对应的价源（该型号族只出现在计划单里）,,嵊州海田/22 IAM   T20 106HC金色字  宋/VICTOR GPN 生产计划单.doc
嵊州海田,100CL 105,1,1,无任何可对应的价源（该型号族只出现在计划单里）,,"嵊州海田/旧订单/俄罗斯100C,PNME/100C割炬生产计划单.doc"
嵊州海田,106HC-6 3.2,1,1,无任何可对应的价源（该型号族只出现在计划单里）,,"嵊州海田/伊朗106HC,GPN贴不干胶/106HC生产计划单MADE IN JAPAN.doc"
嵊州海田,106HC-7 3.6,1,1,无任何可对应的价源（该型号族只出现在计划单里）,,"嵊州海田/伊朗106HC,GPN贴不干胶/106HC生产计划单MADE IN JAPAN.doc"
嵊州海田,106HC-8 4.0,1,1,无任何可对应的价源（该型号族只出现在计划单里）,,"嵊州海田/伊朗106HC,GPN贴不干胶/106HC生产计划单MADE IN JAPAN.doc"
嵊州海田,229-1 (PNME),1,1,无任何可对应的价源（该型号族只出现在计划单里）,,嵊州海田/AIR IMETAN Ricardo/AIR IMETAN生产计划单-2 (2).doc
嵊州海田,229-0(PNME),1,1,无任何可对应的价源（该型号族只出现在计划单里）,,嵊州海田/AIR IMETAN Ricardo/AIR IMETAN生产计划单-3.doc
嵊州海田,164-4,1,1,命名不一致：其它客户文件夹有近似价源（需甲方裁定是否可作为通用价）,"安宝公司 / 乙炔割嘴 164 #4
塑料盖贴：164-4 @14.50（2023-12-12）",嵊州海田/AIR IMETAN Ricardo/AIR IMETAN生产计划单-3.doc
嵊州海田,1502-4,1,1,命名不一致：其它客户文件夹有近似价源（需甲方裁定是否可作为通用价）,"安宝公司 / 乙炔割嘴 1502 4#
包装+刻字：中性 @16.40（2026-06-26）",嵊州海田/CCN 1-101  102HC 不印产地/1502 生产计划单.doc
嵊州海田,1502-6,1,1,无任何可对应的价源（该型号族只出现在计划单里）,,嵊州海田/CCN 1-101  102HC 不印产地/1502 生产计划单.doc
嵊州海田,"0,1,2,3,5-W",1,1,命名不一致：同客户有近似价源（写法包含关系）,嵊州海田 / 5-W @26.40（2026-08-25）,嵊州海田/CCN 1-101  102HC 不印产地/VICTOR1-101生产计划单.doc
嵊州海田,GPN-8 直通,1,1,无任何可对应的价源（该型号族只出现在计划单里）,,"嵊州海田/CDX GPN-10直通, HARRIS 6290NX, 229-5H 邢/HARRIS NX 生产计划单.doc"
嵊州海田,2290-3H,1,1,无任何可对应的价源（该型号族只出现在计划单里）,,"嵊州海田/CDX GPN-10直通, HARRIS 6290NX, 229-5H 邢/HARRIS NX 生产计划单.doc"
嵊州海田,2290-4H,1,1,无任何可对应的价源（该型号族只出现在计划单里）,,"嵊州海田/CDX GPN-10直通, HARRIS 6290NX, 229-5H 邢/HARRIS NX 生产计划单.doc"
嵊州海田,2290-5H,1,1,无任何可对应的价源（该型号族只出现在计划单里）,,"嵊州海田/CDX GPN-10直通, HARRIS 6290NX, 229-5H 邢/HARRIS NX 生产计划单.doc"
嵊州海田,41-8,1,1,命名不一致：其它客户文件夹有近似价源（需甲方裁定是否可作为通用价）,"安宝公司 / HARRIS 丙烷割嘴6290-NX-0 53g
货号：4184 @7.30（2026-09-28）",嵊州海田/CDY 41 邢/常规生产计划单.doc
嵊州海田,41-12,1,1,命名不一致：其它客户文件夹有近似价源（需甲方裁定是否可作为通用价）,"安宝公司 / 澳大利亚款式乙炔 割嘴 41-12
刻字内容：如右图所示41  12 @16.20（2026-07-31）",嵊州海田/CDY 41 邢/常规生产计划单.doc
嵊州海田,41-15,1,1,命名不一致：其它客户文件夹有近似价源（需甲方裁定是否可作为通用价）,"安宝公司 / 澳大利亚款式乙炔 割嘴 41-15
刻字内容如图所示41  15 @16.20（2026-07-31）",嵊州海田/CDY 41 邢/常规生产计划单.doc
嵊州海田,41-20,1,1,命名不一致：其它客户文件夹有近似价源（需甲方裁定是否可作为通用价）,"安宝公司 / 仿澳大利亚款式乙炔 割嘴 41-20

包装：塑料盒+不干胶 @16.20（2026-07-15）",嵊州海田/CDY 41 邢/常规生产计划单.doc
嵊州海田,41-32,1,1,无任何可对应的价源（该型号族只出现在计划单里）,,嵊州海田/CDY 41 邢/常规生产计划单.doc
嵊州海田,G1-A30/10,1,1,无任何可对应的价源（该型号族只出现在计划单里）,,"嵊州海田/CEY ,CSD, 圆壳G1-A/G1-P生产计划单.doc"
嵊州海田,G1-P30/10,1,1,命名不一致：其它客户文件夹有近似价源（需甲方裁定是否可作为通用价）,"安宝公司 / 割嘴 G1-P 30/10"" 重78g @8.80（2022-02-14）","嵊州海田/CEY ,CSD, 圆壳G1-A/G1-P生产计划单.doc"
嵊州海田,7-GPN,1,1,命名不一致：其它客户文件夹有近似价源（需甲方裁定是否可作为通用价）,"安宝公司 / victor 丙烷割嘴 GPN－7#
刻字：内嘴上7-GPN
外嘴上VICTOR 7-GPN

包装：VICTOR塑料盒+不干胶 @8.50（2024-03-13）",嵊州海田/CGT  GPN直通/VICTOR 生产计划单.doc
嵊州海田,1-3-GPN,1,1,命名不一致：其它客户文件夹有近似价源（需甲方裁定是否可作为通用价）,"安宝公司 / victor 丙烷割嘴3GPN－1#
刻字：内嘴上1-3-GPN
外嘴上VICTOR 1-3-GPN

包装：VICTOR塑料盒+不干胶 @8.90（2026-06-04）","嵊州海田/CJE, CJS, GPN, 1-101,新警告标志 邢/常规生产计划单.doc"
嵊州海田,2-3-GPN,1,1,命名不一致：其它客户文件夹有近似价源（需甲方裁定是否可作为通用价）,"安宝公司 / victor 丙烷割嘴3GPN－2#
刻字：内嘴上2-3-GPN
外嘴上VICTOR 2-3-GPN

包装：VICTOR塑料盒+不干胶 @8.90（2026-06-04）","嵊州海田/CJE, CJS, GPN, 1-101,新警告标志 邢/常规生产计划单.doc"
嵊州海田,3-3-GPN,1,1,命名不一致：其它客户文件夹有近似价源（需甲方裁定是否可作为通用价）,安宝公司 / 割嘴3-3-GPN @7.80（2024-04-09）,"嵊州海田/CJE, CJS, GPN, 1-101,新警告标志 邢/常规生产计划单.doc"
嵊州海田,4-3-GPN,1,1,无任何可对应的价源（该型号族只出现在计划单里）,,"嵊州海田/CJE, CJS, GPN, 1-101,新警告标志 邢/常规生产计划单.doc"
嵊州海田,5-3-GPN,1,1,无任何可对应的价源（该型号族只出现在计划单里）,,"嵊州海田/CJE, CJS, GPN, 1-101,新警告标志 邢/常规生产计划单.doc"
嵊州海田,"0.1,3,4,5-W",1,1,命名不一致：同客户有近似价源（写法包含关系）,嵊州海田 / 5-W @26.40（2026-08-25）,"嵊州海田/CJE, CJS, GPN, 1-101,新警告标志 邢/VICTOR GPN 1-101生产计划单.doc"
嵊州海田,塑壳 红盖 不干胶 50只/中盒,1,1,无任何可对应的价源（该型号族只出现在计划单里）,,嵊州海田/CKT 1-101/常规生产计划单.doc
嵊州海田,W焊管,1,1,无任何可对应的价源（该型号族只出现在计划单里）,,"嵊州海田/CMR  CMY  1-101 GPN W MFA/CMY 1-101,GPN/VICTOR 生产计划单.doc"
嵊州海田,MFA,1,1,命名不一致：同客户有近似价源（写法包含关系）,嵊州海田 / 6-MFA-1 @28.60（2026-09-30）,"嵊州海田/CMR  CMY  1-101 GPN W MFA/CMY 1-101,GPN/VICTOR 生产计划单.doc"
嵊州海田,GPN-1 全紫铜,1,1,无任何可对应的价源（该型号族只出现在计划单里）,,"嵊州海田/CPT  GPN全紫铜 , 2290-3H/VICTOR GPN 全紫铜生产计划单.doc"
嵊州海田,GPN-2 全紫铜,1,1,无任何可对应的价源（该型号族只出现在计划单里）,,"嵊州海田/CPT  GPN全紫铜 , 2290-3H/VICTOR GPN 全紫铜生产计划单.doc"
嵊州海田,"1#,3#,5#",1,1,无任何可对应的价源（该型号族只出现在计划单里）,,"嵊州海田/CWX 1-101,2-W SC12,MC12,HARRIS NX,AC/6290HARRIS生产计划单.doc"
嵊州海田,6290-4,1,1,命名不一致：其它客户文件夹有近似价源（需甲方裁定是否可作为通用价）,"安宝公司 / 乙炔割嘴 6290-4# 重59.3克
刻字：规格型号 包装：塑料盒+贴纸 @8.60（2025-05-28）","嵊州海田/CWX 1-101,2-W SC12,MC12,HARRIS NX,AC/HARRIS NX 生产计划单.doc"
嵊州海田,MC12-0,1,1,命名不一致：其它客户文件夹有近似价源（需甲方裁定是否可作为通用价）,安宝公司 / 割嘴 MC12-0# 产品号码6002 @17.40（2026-05-08）,"嵊州海田/CWX 1-101,2-W SC12,MC12,HARRIS NX,AC/SC12 生产计划单.doc"
嵊州海田,MC12-2,1,1,命名不一致：其它客户文件夹有近似价源（需甲方裁定是否可作为通用价）,安宝公司 / 割嘴 MC-12-2# 产品号码6004 @18.50（2026-09-24）,"嵊州海田/CWX 1-101,2-W SC12,MC12,HARRIS NX,AC/SC12 生产计划单.doc"
嵊州海田,MC12-3,1,1,命名不一致：其它客户文件夹有近似价源（需甲方裁定是否可作为通用价）,安宝公司 / 割嘴 MC12-3# 产品号码6005 @17.40（2026-07-22）,"嵊州海田/CWX 1-101,2-W SC12,MC12,HARRIS NX,AC/SC12 生产计划单.doc"
嵊州海田,SC12-0,1,1,命名不一致：其它客户文件夹有近似价源（需甲方裁定是否可作为通用价）,"安宝公司 / smith 乙炔割嘴 SC-12-0 103g
货号：4133 @19.00（2026-09-28）","嵊州海田/CWX 1-101,2-W SC12,MC12,HARRIS NX,AC/SC12 生产计划单.doc"
嵊州海田,"6290-1,2,3,4",1,1,无任何可对应的价源（该型号族只出现在计划单里）,,"嵊州海田/CWX 1-101,2-W SC12,MC12,HARRIS NX,AC/VICTOR 1-101生产计划单.doc"
嵊州海田,"6290NX-1,2,3,4",1,1,无任何可对应的价源（该型号族只出现在计划单里）,,"嵊州海田/CWX 1-101,2-W SC12,MC12,HARRIS NX,AC/VICTOR 1-101生产计划单.doc"
嵊州海田,"0,4,5-W",1,1,命名不一致：同客户有近似价源（写法包含关系）,嵊州海田 / 5-W @26.40（2026-08-25）,嵊州海田/CYJ ANME  1-101 MADE IN MEXICO/3-101 生产计划单.doc
嵊州海田,229-1,1,1,命名不一致：其它客户文件夹有近似价源（需甲方裁定是否可作为通用价）,"安宝公司 / PNME割嘴 229 #1 塑料盖贴：229-1
重74克 @8.15（2025-10-28）","嵊州海田/ECG 订单/1-101,GPN,NX, 229 生产计划单.doc"
嵊州海田,PNME1/16,1,1,命名不一致：其它客户文件夹有近似价源（需甲方裁定是否可作为通用价）,"安宝公司 / 丙烷割嘴 PNME 1/16 一体式
不要螺纹拧 重量要75克

包装+刻字：常规中性 @8.40（2024-09-24）",嵊州海田/ECG 订单/22ECG01生产计划单.doc
嵊州海田,PNME5/64,1,1,命名不一致：其它客户文件夹有近似价源（需甲方裁定是否可作为通用价）,安宝公司 / 割嘴 PNME 5/64 (MUREX彩盒，18槽） 75克 @6.80（2021-07-07）,嵊州海田/ECG 订单/22ECG01生产计划单.doc
嵊州海田,229-1老款式,1,1,无任何可对应的价源（该型号族只出现在计划单里）,,"嵊州海田/ECG C.E.O.A GPN  AGA NX 1-W/1-101,GPN,NX, 229 生产计划单.doc"
嵊州海田,G03-1,1,1,无任何可对应的价源（该型号族只出现在计划单里）,,嵊州海田/EIC 订单/VICTOR GPN  GO3  生产计划单.doc
嵊州海田,G03-2,1,1,无任何可对应的价源（该型号族只出现在计划单里）,,嵊州海田/EIC 订单/VICTOR GPN  GO3  生产计划单.doc
嵊州海田,4712A 10-25 1.2,1,1,无任何可对应的价源（该型号族只出现在计划单里）,,"嵊州海田/GEG GLOOR ANME PNME G1-A, G1-P/海田GLOOR/GLOOR(102,106)白盒包装生产计划单.doc"
嵊州海田,4713A 25-50 1.6,1,1,无任何可对应的价源（该型号族只出现在计划单里）,,"嵊州海田/GEG GLOOR ANME PNME G1-A, G1-P/海田GLOOR/GLOOR(102,106)白盒包装生产计划单.doc"
嵊州海田,4714A 50-100 2.0,1,1,无任何可对应的价源（该型号族只出现在计划单里）,,"嵊州海田/GEG GLOOR ANME PNME G1-A, G1-P/海田GLOOR/GLOOR(102,106)白盒包装生产计划单.doc"
嵊州海田,4715A 100-150 102- 2.4,1,1,无任何可对应的价源（该型号族只出现在计划单里）,,"嵊州海田/GEG GLOOR ANME PNME G1-A, G1-P/海田GLOOR/GLOOR(102,106)白盒包装生产计划单.doc"
嵊州海田,4716A 150-200 102 2.8,1,1,无任何可对应的价源（该型号族只出现在计划单里）,,"嵊州海田/GEG GLOOR ANME PNME G1-A, G1-P/海田GLOOR/GLOOR(102,106)白盒包装生产计划单.doc"
嵊州海田,4732P 10-25 106 1.2,1,1,无任何可对应的价源（该型号族只出现在计划单里）,,"嵊州海田/GEG GLOOR ANME PNME G1-A, G1-P/海田GLOOR/GLOOR(102,106)白盒包装生产计划单.doc"
嵊州海田,4733P 25-50 106 1.6,1,1,无任何可对应的价源（该型号族只出现在计划单里）,,"嵊州海田/GEG GLOOR ANME PNME G1-A, G1-P/海田GLOOR/GLOOR(102,106)白盒包装生产计划单.doc"
嵊州海田,4734P 50-100 106 2.0,1,1,无任何可对应的价源（该型号族只出现在计划单里）,,"嵊州海田/GEG GLOOR ANME PNME G1-A, G1-P/海田GLOOR/GLOOR(102,106)白盒包装生产计划单.doc"
嵊州海田,4735P 100-150 106 2.4,1,1,无任何可对应的价源（该型号族只出现在计划单里）,,"嵊州海田/GEG GLOOR ANME PNME G1-A, G1-P/海田GLOOR/GLOOR(102,106)白盒包装生产计划单.doc"
嵊州海田,4736P 150-200 106 2.8,1,1,无任何可对应的价源（该型号族只出现在计划单里）,,"嵊州海田/GEG GLOOR ANME PNME G1-A, G1-P/海田GLOOR/GLOOR(102,106)白盒包装生产计划单.doc"
嵊州海田,4737P 200-300 106 3.2,1,1,无任何可对应的价源（该型号族只出现在计划单里）,,"嵊州海田/GEG GLOOR ANME PNME G1-A, G1-P/海田GLOOR/GLOOR(102,106)白盒包装生产计划单.doc"
嵊州海田,4712A 10-25 102-1 1.2,1,1,无任何可对应的价源（该型号族只出现在计划单里）,,"嵊州海田/GEG GLOOR ANME PNME G1-A, G1-P/海田GLOOR/GLOOR(102,106)生产计划单.doc"
嵊州海田,4713A 25-50 102-2 1.6,1,1,无任何可对应的价源（该型号族只出现在计划单里）,,"嵊州海田/GEG GLOOR ANME PNME G1-A, G1-P/海田GLOOR/GLOOR(102,106)生产计划单.doc"
嵊州海田,4714A 50-100 102-3 2.0,1,1,无任何可对应的价源（该型号族只出现在计划单里）,,"嵊州海田/GEG GLOOR ANME PNME G1-A, G1-P/海田GLOOR/GLOOR(102,106)生产计划单.doc"
嵊州海田,4715A 100-150 102-6 2.4,1,1,无任何可对应的价源（该型号族只出现在计划单里）,,"嵊州海田/GEG GLOOR ANME PNME G1-A, G1-P/海田GLOOR/GLOOR(102,106)生产计划单.doc"
嵊州海田,4735P 100-150 106-6 2.4,1,1,无任何可对应的价源（该型号族只出现在计划单里）,,"嵊州海田/GEG GLOOR ANME PNME G1-A, G1-P/海田GLOOR/GLOOR(102,106)生产计划单.doc"
嵊州海田,4736P 150-200 106-7 2.8,1,1,无任何可对应的价源（该型号族只出现在计划单里）,,"嵊州海田/GEG GLOOR ANME PNME G1-A, G1-P/海田GLOOR/GLOOR(102,106)生产计划单.doc"
嵊州海田,4737P 200-300 106-8 3.2,1,1,无任何可对应的价源（该型号族只出现在计划单里）,,"嵊州海田/GEG GLOOR ANME PNME G1-A, G1-P/海田GLOOR/GLOOR(102,106)生产计划单.doc"
嵊州海田,G1-A25/10 100-150,1,1,无任何可对应的价源（该型号族只出现在计划单里）,,"嵊州海田/GEG GLOOR ANME PNME G1-A, G1-P/GLOOR(G1-A,G1-P)生产计划单.doc"
嵊州海田,G1-P12/10 25-50,1,1,无任何可对应的价源（该型号族只出现在计划单里）,,"嵊州海田/GEG GLOOR ANME PNME G1-A, G1-P/GLOOR(G1-A,G1-P)生产计划单.doc"
嵊州海田,G1-P16/10 50-100,1,1,无任何可对应的价源（该型号族只出现在计划单里）,,"嵊州海田/GEG GLOOR ANME PNME G1-A, G1-P/GLOOR(G1-A,G1-P)生产计划单.doc"
嵊州海田,G1-P20/10 100-150,1,1,无任何可对应的价源（该型号族只出现在计划单里）,,"嵊州海田/GEG GLOOR ANME PNME G1-A, G1-P/GLOOR(G1-A,G1-P)生产计划单.doc"
嵊州海田,G1-P25/10 150-200,1,1,无任何可对应的价源（该型号族只出现在计划单里）,,"嵊州海田/GEG GLOOR ANME PNME G1-A, G1-P/GLOOR(G1-A,G1-P)生产计划单.doc"
嵊州海田,G1-P30/10 200-300,1,1,无任何可对应的价源（该型号族只出现在计划单里）,,"嵊州海田/GEG GLOOR ANME PNME G1-A, G1-P/GLOOR(G1-A,G1-P)生产计划单.doc"
嵊州海田,G1-A7/10 5-10,1,1,无任何可对应的价源（该型号族只出现在计划单里）,,"嵊州海田/GEG GLOOR ANME PNME G1-A, G1-P/GLOOR生产计划单.doc"
嵊州海田,G1-P16/10 25-50,1,1,无任何可对应的价源（该型号族只出现在计划单里）,,"嵊州海田/GEG GLOOR ANME PNME G1-A, G1-P/GLOOR生产计划单.doc"
嵊州海田,G1-P20/10 50-100,1,1,无任何可对应的价源（该型号族只出现在计划单里）,,"嵊州海田/GEG GLOOR ANME PNME G1-A, G1-P/GLOOR生产计划单.doc"
嵊州海田,4712A 5-10 102-0 0.8,1,1,无任何可对应的价源（该型号族只出现在计划单里）,,"嵊州海田/GEG GLOOR ANME PNME G1-A, G1-P/GLOOR生产计划单.doc"
嵊州海田,4731P 5-10 106-0 0.8,1,1,无任何可对应的价源（该型号族只出现在计划单里）,,"嵊州海田/GEG GLOOR ANME PNME G1-A, G1-P/GLOOR生产计划单.doc"
嵊州海田,6290VVC-000,1,1,命名不一致：其它客户文件夹有近似价源（需甲方裁定是否可作为通用价）,"安宝公司 / 丙烷割嘴6290VVC 000 重47g
6-9mm   刻字：中性 @7.55（2026-09-07）",嵊州海田/HARRIS VVC 生产计划单.doc
嵊州海田,6290VVC-00,1,1,命名不一致：其它客户文件夹有近似价源（需甲方裁定是否可作为通用价）,"安宝公司 / 丙烷割嘴6290VVC 00 重47g
9-12.5mm   刻字：中性 @7.55（2026-09-07）",嵊州海田/HARRIS VVC 生产计划单.doc
嵊州海田,6290VVC-0,1,1,命名不一致：其它客户文件夹有近似价源（需甲方裁定是否可作为通用价）,"安宝公司 / 丙烷割嘴6290VVC 0 重47g
12.5-20mm   刻字：中性 @7.55（2026-09-07）",嵊州海田/HARRIS VVC 生产计划单.doc
嵊州海田,6290VVC-01/2,1,1,无任何可对应的价源（该型号族只出现在计划单里）,,嵊州海田/HARRIS VVC 生产计划单.doc
嵊州海田,6290VVC-1,1,1,命名不一致：其它客户文件夹有近似价源（需甲方裁定是否可作为通用价）,"安宝公司 / 丙烷割嘴6290VVC 1 重47g
35-60mm   刻字：中性 @7.55（2026-09-07）",嵊州海田/HARRIS VVC 生产计划单.doc
嵊州海田,6290VVC-1 1/2,1,1,命名不一致：其它客户文件夹有近似价源（需甲方裁定是否可作为通用价）,"安宝公司 / 丙烷割嘴6290VVC 11/2 重47g
60-75mm   刻字：中性 @7.55（2026-09-07）",嵊州海田/HARRIS VVC 生产计划单.doc
嵊州海田,6290VVC-2,1,1,命名不一致：其它客户文件夹有近似价源（需甲方裁定是否可作为通用价）,"安宝公司 / 丙烷割嘴6290VVC 2 重47g
75-125mm   刻字：中性 @7.55（2026-09-07）",嵊州海田/HARRIS VVC 生产计划单.doc
嵊州海田,-4,1,1,命名不一致：同客户有近似价源（写法包含关系）,嵊州海田 / 4-W @20.60（2026-09-14）,"嵊州海田/HOVU-HCM-VN,      A.C.L/ACL生产计划单-1.doc"
嵊州海田,-5,1,1,命名不一致：同客户有近似价源（写法包含关系）,嵊州海田 / 5-W @26.40（2026-08-25）,"嵊州海田/HOVU-HCM-VN,      A.C.L/ACL生产计划单-1.doc"
嵊州海田,-6,1,1,命名不一致：同客户有近似价源（写法包含关系）,嵊州海田 / 6-MFA-1 @28.60（2026-09-30）,"嵊州海田/HOVU-HCM-VN,      A.C.L/ACL生产计划单-1.doc"
嵊州海田,-7,1,1,命名不一致：同客户有近似价源（写法包含关系）,嵊州海田 / 7-W @29.10（2026-08-25）,"嵊州海田/HOVU-HCM-VN,      A.C.L/ACL生产计划单-1.doc"
嵊州海田,-8,1,1,命名不一致：同客户有近似价源（写法包含关系）,嵊州海田 / 8-MFA-1 @28.60（2026-09-30）,"嵊州海田/HOVU-HCM-VN,      A.C.L/ACL生产计划单-1.doc"
嵊州海田,106HC-7,1,1,命名不一致：其它客户文件夹有近似价源（需甲方裁定是否可作为通用价）,安宝公司 / 106HC  7# 3.2mm  79g @10.00（2020-08-07）,"嵊州海田/HOVU-HCM-VN,      A.C.L/ACL生产计划单-2.doc"
嵊州海田,106HC-8,1,1,命名不一致：其它客户文件夹有近似价源（需甲方裁定是否可作为通用价）,安宝公司 / 106HC  8# 4.0mm  79g @10.00（2020-08-07）,"嵊州海田/HOVU-HCM-VN,      A.C.L/ACL生产计划单-2.doc"
嵊州海田,T20杆子+连接器,1,1,命名不一致：同客户有近似价源（写法包含关系）,嵊州海田 / T20 @103.00（2025-06-02）,"嵊州海田/IAS T15,T20,106HC 加热嘴 宋/VICTOR 1-101, T20 生产计划单.doc"
嵊州海田,10-GPN,1,1,无任何可对应的价源（该型号族只出现在计划单里）,,"嵊州海田/IAS T15,T20,106HC 加热嘴 宋/VICTOR GPN 生产计划单.doc"
嵊州海田,106HC-6直通,1,1,无任何可对应的价源（该型号族只出现在计划单里）,,"嵊州海田/IAS T15,T20,106HC 加热嘴 宋/VICTOR GPN 生产计划单.doc"
嵊州海田,106HC-7直通,1,1,无任何可对应的价源（该型号族只出现在计划单里）,,"嵊州海田/IAS T15,T20,106HC 加热嘴 宋/VICTOR GPN 生产计划单.doc"
嵊州海田,106HC-8直通,1,1,无任何可对应的价源（该型号族只出现在计划单里）,,"嵊州海田/IAS T15,T20,106HC 加热嘴 宋/VICTOR GPN 生产计划单.doc"
嵊州海田,106-1/64 3-6,1,1,无任何可对应的价源（该型号族只出现在计划单里）,,"嵊州海田/MZF,MKY, CHD 滑盖塑壳 WeldRo-I产品 邢/雷梁山106生产计划单.doc"
嵊州海田,106-1/32 3-6,1,1,无任何可对应的价源（该型号族只出现在计划单里）,,"嵊州海田/MZF,MKY, CHD 滑盖塑壳 WeldRo-I产品 邢/雷梁山106生产计划单.doc"
嵊州海田,106-3/64 5-12,1,1,无任何可对应的价源（该型号族只出现在计划单里）,,"嵊州海田/MZF,MKY, CHD 滑盖塑壳 WeldRo-I产品 邢/雷梁山106生产计划单.doc"
嵊州海田,106-1/16 10-75,1,1,无任何可对应的价源（该型号族只出现在计划单里）,,"嵊州海田/MZF,MKY, CHD 滑盖塑壳 WeldRo-I产品 邢/雷梁山106生产计划单.doc"
嵊州海田,106-1/32 (3孔),1,1,无任何可对应的价源（该型号族只出现在计划单里）,,"嵊州海田/MZF,MKY, CHD 滑盖塑壳 WeldRo-I产品 邢/WeldRo-I彩盆生产计划单.doc"
嵊州海田,PNME9 3/32,1,1,无任何可对应的价源（该型号族只出现在计划单里）,,"嵊州海田/MZF,MKY, CHD 滑盖塑壳 WeldRo-I产品 邢/WeldRo-I彩盆生产计划单.doc"
嵊州海田,PNME18 5/64,1,1,无任何可对应的价源（该型号族只出现在计划单里）,,"嵊州海田/MZF,MKY, CHD 滑盖塑壳 WeldRo-I产品 邢/WeldRo-I彩盆生产计划单.doc"
嵊州海田,"1,3,5-W",1,1,命名不一致：同客户有近似价源（写法包含关系）,嵊州海田 / 5-W @26.40（2026-08-25）,"嵊州海田/NVA 1-101,GPN 6290/VICTOR 生产计划单.doc"
嵊州海田,000-3-W,1,1,命名不一致：同客户有近似价源（写法包含关系）,嵊州海田 / 3-W @20.00（2026-09-14）,"嵊州海田/PFG,PGA, PGS GPN 1-101 宋/VICTOR GPN 生产计划单.doc"
嵊州海田,PNME18 1/32,1,1,无任何可对应的价源（该型号族只出现在计划单里）,,嵊州海田/PNME   MUREX包装/MUREX 塑壳 生产计划单.doc
嵊州海田,PNME18 1/16,1,1,无任何可对应的价源（该型号族只出现在计划单里）,,嵊州海田/PNME   MUREX包装/MUREX 塑壳 生产计划单.doc
嵊州海田,PNME9 5/64,1,1,无任何可对应的价源（该型号族只出现在计划单里）,,嵊州海田/PNME   MUREX包装/MUREXPNME9生产计划单.doc
嵊州海田,1503-4,1,1,命名不一致：其它客户文件夹有近似价源（需甲方裁定是否可作为通用价）,"安宝公司 / 丙烷割嘴 1503 4#
包装+刻字：中性 @9.40（2026-06-26）",嵊州海田/RYD 1503 宋/常规生产计划单.doc
嵊州海田,1503-6,1,1,无任何可对应的价源（该型号族只出现在计划单里）,,嵊州海田/RYD 1503 宋/常规生产计划单.doc
嵊州海田,102HC-5,1,1,无任何可对应的价源（该型号族只出现在计划单里）,,"嵊州海田/SNH ,UMA 1-101,GPN 宋/102HC生产计划单MADE IN JAPAN.doc"
嵊州海田,102HC-6,1,1,无任何可对应的价源（该型号族只出现在计划单里）,,"嵊州海田/SNH ,UMA 1-101,GPN 宋/102HC生产计划单MADE IN JAPAN.doc"
嵊州海田,T20+后部,1,1,命名不一致：同客户有近似价源（写法包含关系）,嵊州海田 / T20 @103.00（2025-06-02）,嵊州海田/TCN GPN MADE IN USA T20加热嘴/VICTOR1-101生产计划单.doc
嵊州海田,HARRIS彩盒 不干胶 10只/中盒,1,1,无任何可对应的价源（该型号族只出现在计划单里）,,"嵊州海田/TSR HARRIS 6290NX,T20加热嘴/HARRIS NX 生产计划单.doc"
嵊州海田,106D7-2,1,1,无任何可对应的价源（该型号族只出现在计划单里）,,嵊州海田/VICTOR GPN HARRIS NX生产计划单.doc
嵊州海田,106D7-4,1,1,无任何可对应的价源（该型号族只出现在计划单里）,,嵊州海田/VICTOR GPN HARRIS NX生产计划单.doc
嵊州海田,0-GPP,1,1,无任何可对应的价源（该型号族只出现在计划单里）,,嵊州海田/VICTOR GPP 生产计划单.doc
嵊州海田,1-GPP,1,1,无任何可对应的价源（该型号族只出现在计划单里）,,嵊州海田/VICTOR GPP 生产计划单.doc
正恒公司,PNME-2,1,1,命名不一致：其它客户文件夹有近似价源（需甲方裁定是否可作为通用价）,"安宝公司 / 丙烷割嘴 PNME 2#
塑料盖贴：PNME 2 @7.50（2022-06-29）",正恒公司/004字订单 项高健/192010040917-2计划单白盒 - 3.doc
正恒公司,PNME-3,1,1,命名不一致：其它客户文件夹有近似价源（需甲方裁定是否可作为通用价）,"安宝公司 / 丙烷割嘴PNME (3/64”)
客人要12个槽 74克 @7.20（2025-09-08）",正恒公司/004字订单 项高健/192010040917-2计划单白盒 - 3.doc
正恒公司,PNME-4,1,1,命名不一致：其它客户文件夹有近似价源（需甲方裁定是否可作为通用价）,"安宝公司 / 丙烷割嘴 PNME 4#
塑料盖贴：PNME 4 @7.50（2022-06-29）",正恒公司/004字订单 项高健/192010040917-2计划单白盒 - 3.doc
正恒公司,PNME-5,1,1,命名不一致：其它客户文件夹有近似价源（需甲方裁定是否可作为通用价）,安宝公司 / 割嘴 PNME 5/64 (MUREX彩盒，18槽） 75克 @6.80（2021-07-07）,正恒公司/004字订单 项高健/192010040917-2计划单白盒 - 3.doc
正恒公司,PNME-6,1,1,无任何可对应的价源（该型号族只出现在计划单里）,,正恒公司/004字订单 项高健/192010040917-2计划单白盒 - 3.doc
正恒公司,164-6,1,1,无任何可对应的价源（该型号族只出现在计划单里）,,正恒公司/004字订单 项高健/192010040917-2计划单白盒 - 3.doc
正恒公司,164-7,1,1,无任何可对应的价源（该型号族只出现在计划单里）,,正恒公司/004字订单 项高健/192010040917-2计划单白盒 - 3.doc
正恒公司,106D7-0,1,1,无任何可对应的价源（该型号族只出现在计划单里）,,正恒公司/004字订单 项高健/192010040917-2计划单白盒.doc
正恒公司,106D7-4,1,1,无任何可对应的价源（该型号族只出现在计划单里）,,正恒公司/004字订单 项高健/192010040917-2计划单白盒.doc
正恒公司,106HC-5,1,1,命名不一致：其它客户文件夹有近似价源（需甲方裁定是否可作为通用价）,安宝公司 / KOIKE割嘴 106HC-5# 3孔-重足76g @7.50（2023-05-29）,正恒公司/279 V ERSAL  小毛/生产计划单-1.doc
正恒公司,6290AC-1,1,1,无任何可对应的价源（该型号族只出现在计划单里）,,正恒公司/279 V ERSAL  小毛/生产计划单-1.doc
正恒公司,6290AC-2,1,1,无任何可对应的价源（该型号族只出现在计划单里）,,正恒公司/279 V ERSAL  小毛/生产计划单-1.doc
正恒公司,106-1,1,1,无任何可对应的价源（该型号族只出现在计划单里）,,正恒公司/279 V ERSAL  小毛/生产计划单-2.doc
正恒公司,106-4,1,1,无任何可对应的价源（该型号族只出现在计划单里）,,正恒公司/279 V ERSAL  小毛/生产计划单-2.doc
正恒公司,106-6,1,1,无任何可对应的价源（该型号族只出现在计划单里）,,正恒公司/279 V ERSAL  小毛/生产计划单-2.doc
正恒公司,6290-00AC,1,1,无任何可对应的价源（该型号族只出现在计划单里）,,正恒公司/279 V ERSAL  小毛/生产计划单-2.doc
正恒公司,6290-0AC,1,1,无任何可对应的价源（该型号族只出现在计划单里）,,正恒公司/279 V ERSAL  小毛/生产计划单-2.doc
正恒公司,6290-1AC,1,1,无任何可对应的价源（该型号族只出现在计划单里）,,正恒公司/279 V ERSAL  小毛/生产计划单-2.doc
正恒公司,6290-2AC,1,1,无任何可对应的价源（该型号族只出现在计划单里）,,正恒公司/279 V ERSAL  小毛/生产计划单-2.doc
正恒公司,6290-3AC,1,1,无任何可对应的价源（该型号族只出现在计划单里）,,正恒公司/279 V ERSAL  小毛/生产计划单-2.doc
正恒公司,6290-4AC,1,1,无任何可对应的价源（该型号族只出现在计划单里）,,正恒公司/279 V ERSAL  小毛/生产计划单-2.doc
正恒公司,6290-5AC,1,1,无任何可对应的价源（该型号族只出现在计划单里）,,正恒公司/279 V ERSAL  小毛/生产计划单-2.doc
正恒公司,6290-6AC,1,1,无任何可对应的价源（该型号族只出现在计划单里）,,正恒公司/279 V ERSAL  小毛/生产计划单-2.doc
正恒公司,G03-0,1,1,无任何可对应的价源（该型号族只出现在计划单里）,,正恒公司/407字 项高健/WelTec-6290生产计划单.doc
正恒公司,G03-1,1,1,无任何可对应的价源（该型号族只出现在计划单里）,,正恒公司/407字 项高健/WelTec-6290生产计划单.doc
正恒公司,6290NX-0 ZBT0138,1,1,无任何可对应的价源（该型号族只出现在计划单里）,,正恒公司/584字 朱/584字样的生产计划单-1.doc
正恒公司,6290NX-1 0228,1,1,无任何可对应的价源（该型号族只出现在计划单里）,,正恒公司/584字 朱/584字样的生产计划单-1.doc
正恒公司,6290NX-2 0139,1,1,无任何可对应的价源（该型号族只出现在计划单里）,,正恒公司/584字 朱/584字样的生产计划单-1.doc
正恒公司,6290NX-3 0052,1,1,无任何可对应的价源（该型号族只出现在计划单里）,,正恒公司/584字 朱/584字样的生产计划单-1.doc
正恒公司,6290NX-4 0053,1,1,无任何可对应的价源（该型号族只出现在计划单里）,,正恒公司/584字 朱/584字样的生产计划单-1.doc
正恒公司,6290NX-5 JIT0011,1,1,无任何可对应的价源（该型号族只出现在计划单里）,,正恒公司/584字 朱/584字样的生产计划单-1.doc
正恒公司,6290NX-6 0367,1,1,无任何可对应的价源（该型号族只出现在计划单里）,,正恒公司/584字 朱/584字样的生产计划单-1.doc
正恒公司,6290-00 0256,1,1,无任何可对应的价源（该型号族只出现在计划单里）,,正恒公司/584字 朱/584字样的生产计划单-1.doc
正恒公司,6290-0 0137,1,1,无任何可对应的价源（该型号族只出现在计划单里）,,正恒公司/584字 朱/584字样的生产计划单-1.doc
正恒公司,6290-1 0004,1,1,无任何可对应的价源（该型号族只出现在计划单里）,,正恒公司/584字 朱/584字样的生产计划单-1.doc
正恒公司,6290-2 0005,1,1,无任何可对应的价源（该型号族只出现在计划单里）,,正恒公司/584字 朱/584字样的生产计划单-1.doc
正恒公司,6290-3 0051,1,1,无任何可对应的价源（该型号族只出现在计划单里）,,正恒公司/584字 朱/584字样的生产计划单-1.doc
正恒公司,6290-4 0227,1,1,无任何可对应的价源（该型号族只出现在计划单里）,,正恒公司/584字 朱/584字样的生产计划单-1.doc
正恒公司,6290-5 0229,1,1,无任何可对应的价源（该型号族只出现在计划单里）,,正恒公司/584字 朱/584字样的生产计划单-1.doc
正恒公司,6290-6 0230,1,1,无任何可对应的价源（该型号族只出现在计划单里）,,正恒公司/584字 朱/584字样的生产计划单-1.doc
正恒公司,106HC-1 ZBT0297,1,1,无任何可对应的价源（该型号族只出现在计划单里）,,正恒公司/584字 朱/584字样的生产计划单-2.doc
正恒公司,106HC-3 0299,1,1,无任何可对应的价源（该型号族只出现在计划单里）,,正恒公司/584字 朱/584字样的生产计划单-2.doc
正恒公司,102HC-1 0300,1,1,无任何可对应的价源（该型号族只出现在计划单里）,,正恒公司/584字 朱/584字样的生产计划单-2.doc
正恒公司,102HC-2 0301,1,1,无任何可对应的价源（该型号族只出现在计划单里）,,正恒公司/584字 朱/584字样的生产计划单-2.doc
正恒公司,102HC-3 0302,1,1,无任何可对应的价源（该型号族只出现在计划单里）,,正恒公司/584字 朱/584字样的生产计划单-2.doc
正恒公司,GPN-0 0283,1,1,无任何可对应的价源（该型号族只出现在计划单里）,,正恒公司/584字 朱/584字样的生产计划单-2.doc
正恒公司,GPN-1 0284,1,1,无任何可对应的价源（该型号族只出现在计划单里）,,正恒公司/584字 朱/584字样的生产计划单-2.doc
正恒公司,1-1-101 0291,1,1,无任何可对应的价源（该型号族只出现在计划单里）,,正恒公司/584字 朱/584字样的生产计划单-2.doc
正恒公司,3-1-101 0293,1,1,无任何可对应的价源（该型号族只出现在计划单里）,,正恒公司/584字 朱/584字样的生产计划单-2.doc
正恒公司,106D7-000,1,1,无任何可对应的价源（该型号族只出现在计划单里）,,"正恒公司/665字,有106D7,项高健/106D7镀铬,塑壳,生产计划单.doc"
正恒公司,2-3-101,1,1,无任何可对应的价源（该型号族只出现在计划单里）,,正恒公司/692字 张裕宁/常规生产计划单.doc
正恒公司,2-3-GPN,1,1,命名不一致：其它客户文件夹有近似价源（需甲方裁定是否可作为通用价）,"安宝公司 / victor 丙烷割嘴3GPN－2#
刻字：内嘴上2-3-GPN
外嘴上VICTOR 2-3-GPN

包装：VICTOR塑料盒+不干胶 @8.90（2026-06-04）",正恒公司/692字 张裕宁/常规生产计划单.doc
正恒公司,1-3-101,1,1,无任何可对应的价源（该型号族只出现在计划单里）,,正恒公司/697字 顾/常规生产计划单.doc
正恒公司,GPN-2 样品,1,1,无任何可对应的价源（该型号族只出现在计划单里）,,"正恒公司/732字 朱/732字 ,生产计划单.doc"
正恒公司,6290AC-000,1,1,无任何可对应的价源（该型号族只出现在计划单里）,,正恒公司/746字 袁豪东/常规生产计划单.doc
正恒公司,6290-000,1,1,无任何可对应的价源（该型号族只出现在计划单里）,,正恒公司/760 6290 张裕宁/常规生产计划单.doc
正恒公司,6290-00,1,1,命名不一致：其它客户文件夹有近似价源（需甲方裁定是否可作为通用价）,"安宝公司 / 割嘴 6290-00#
产品号码6008 @8.80（2022-08-31）",正恒公司/760 6290 张裕宁/常规生产计划单.doc
正恒公司,G1-P12/10,1,1,命名不一致：其它客户文件夹有近似价源（需甲方裁定是否可作为通用价）,"安宝公司 / 割嘴 G1-P 12/10"" @9.00（2024-04-08）",正恒公司/原装彩盒G1-P/原彩盒G1-P生产计划单.doc
正恒公司,G1-A25/10,1,1,无任何可对应的价源（该型号族只出现在计划单里）,,正恒公司/原装彩盒G1-P/原彩盒G1-P生产计划单.doc
正恒公司,G1-A30/10,1,1,无任何可对应的价源（该型号族只出现在计划单里）,,正恒公司/原装彩盒G1-P/原彩盒G1-P生产计划单.doc
正恒公司,PNME9 1/32,1,1,无任何可对应的价源（该型号族只出现在计划单里）,,正恒公司/enzo-sf PA字 毛/enzo-sf生产计划单1-2.doc
正恒公司,PNME9 1/16,1,1,无任何可对应的价源（该型号族只出现在计划单里）,,正恒公司/enzo-sf PA字 毛/enzo-sf生产计划单1-2.doc
正恒公司,PNME9 5/64,1,1,无任何可对应的价源（该型号族只出现在计划单里）,,正恒公司/enzo-sf PA字 毛/enzo-sf生产计划单1-2.doc
正恒公司,SC50-6,1,1,无任何可对应的价源（该型号族只出现在计划单里）,,正恒公司/P D E/常规生产计划单.doc
正恒公司,SC12-0,1,1,命名不一致：其它客户文件夹有近似价源（需甲方裁定是否可作为通用价）,"安宝公司 / smith 乙炔割嘴 SC-12-0 103g
货号：4133 @19.00（2026-09-28）",正恒公司/SC12生产计划单.doc
正恒公司,6290NX-0 0700-1600,1,1,无任何可对应的价源（该型号族只出现在计划单里）,,正恒公司/VST0815小朱/6290NX生产计划单.doc
正恒公司,6290NX-1 0700-1601,1,1,无任何可对应的价源（该型号族只出现在计划单里）,,正恒公司/VST0815小朱/6290NX生产计划单.doc
正恒公司,6290NX-2 0700-1602,1,1,无任何可对应的价源（该型号族只出现在计划单里）,,正恒公司/VST0815小朱/6290NX生产计划单.doc
正恒公司,6290NX-3 0700-1603,1,1,无任何可对应的价源（该型号族只出现在计划单里）,,正恒公司/VST0815小朱/6290NX生产计划单.doc
正恒公司,6290NX-4 0700-1604,1,1,无任何可对应的价源（该型号族只出现在计划单里）,,正恒公司/VST0815小朱/6290NX生产计划单.doc
正恒公司,6290NX-5 0700-1605,1,1,无任何可对应的价源（该型号族只出现在计划单里）,,正恒公司/VST0815小朱/6290NX生产计划单.doc
正恒公司,6290NX-6 07700-1606,1,1,无任何可对应的价源（该型号族只出现在计划单里）,,正恒公司/VST0815小朱/6290NX生产计划单.doc
