分组指纹,数字指纹（逐字符）,写法,出现次数,来源文件数,来源示例文件,建议合并后的标准名,建议动作
乙炔割嘴1101,1-101,"乙炔割嘴
1-101",12,2,ziliao/安宝公司/1-101常规250409/AB25293 出口产品供需合同-一洲.xls,"乙炔割嘴
1-101",同尺寸（数字指纹逐字符一致）的纯文本差异 → 可合并候选，待人工确认（脚本不自动合并）
乙炔割嘴1101,1-101,"乙炔割嘴
1-101

刻字：
中性


包装：塑料盒+定制不干胶
【不干胶我司提供】",5,1,ziliao/安宝公司/MOUNT WELD  1-101  ANME/2026/AB26761   1-101.xls,"乙炔割嘴
1-101",同尺寸（数字指纹逐字符一致）的纯文本差异 → 可合并候选，待人工确认（脚本不自动合并）
1502割嘴,1502-4,1502 割嘴 4#,11,11,"ziliao/尤耐克/BARBOSA 1502,1503,NFF/订单/LGC230307107宁波一洲.xlsx",1502 割嘴 4#,同尺寸（数字指纹逐字符一致）的纯文本差异 → 可合并候选，待人工确认（脚本不自动合并）
1502割嘴,1502-4,1502割嘴#4,1,1,"ziliao/安宝公司/Technical Welding 1502,1503/订单/AB21790 出口产品供需合同-奉化一洲.xls",1502 割嘴 4#,同尺寸（数字指纹逐字符一致）的纯文本差异 → 可合并候选，待人工确认（脚本不自动合并）
1502割嘴,1502-6,1502 割嘴 6#,5,5,ziliao/尤耐克/ECOSOLDE-1502 应/uw230601282宁波一洲.xlsx,1502 割嘴 6#,同尺寸（数字指纹逐字符一致）的纯文本差异 → 可合并候选，待人工确认（脚本不自动合并）
1502割嘴,1502-6,1502割嘴#6,1,1,"ziliao/安宝公司/Technical Welding 1502,1503/订单/AB21790 出口产品供需合同-奉化一洲.xls",1502 割嘴 6#,同尺寸（数字指纹逐字符一致）的纯文本差异 → 可合并候选，待人工确认（脚本不自动合并）
澳大利亚款式乙炔割嘴4112,41-12-41-12,"澳大利亚款式乙炔 割嘴 41-12
刻字内容：如右图所示41  12",7,7,"ziliao/安宝公司/HARRIS 6290-2AC, 41 原装/41合同/AB21902 出口产品供需合同-奉化一洲(1).xls","澳大利亚款式乙炔 割嘴 41-12
刻字内容：如右图所示41  12",同尺寸（数字指纹逐字符一致）的纯文本差异 → 可合并候选，待人工确认（脚本不自动合并）
澳大利亚款式乙炔割嘴4112,41-12-41-12,"澳大利亚款式乙炔 割嘴 41-12
刻字内容如图所示41  12",1,1,"ziliao/安宝公司/HARRIS 6290-2AC, 41 原装/41合同/AB251284 出口产品供需合同-奉化一洲.xls","澳大利亚款式乙炔 割嘴 41-12
刻字内容：如右图所示41  12",同尺寸（数字指纹逐字符一致）的纯文本差异 → 可合并候选，待人工确认（脚本不自动合并）
乙炔割嘴anm,1,"乙炔割嘴 ANM 1# 
刻字内容：规格与型号
包装：常规-中性",6,6,ziliao/安宝公司/旧订单资料/REDIUS俄罗斯/DOKA PNM/DOKA 订单/AB22819 出口产品供需合同-一洲.xls,"乙炔割嘴 ANM 1# 
刻字内容：规格与型号
包装：常规-中性",同尺寸（数字指纹逐字符一致）的纯文本差异 → 可合并候选，待人工确认（脚本不自动合并）
乙炔割嘴anm,1,"乙炔割嘴 ANM 1# 
刻字内容：规格与型号",1,1,ziliao/安宝公司/旧订单资料/REDIUS俄罗斯/DOKA PNM/DOKA 订单/AB251096.xls,"乙炔割嘴 ANM 1# 
刻字内容：规格与型号
包装：常规-中性",同尺寸（数字指纹逐字符一致）的纯文本差异 → 可合并候选，待人工确认（脚本不自动合并）
乙炔割嘴anm,2,"乙炔割嘴 ANM 2# 
刻字内容：规格与型号
包装：常规-中性",3,3,ziliao/安宝公司/旧订单资料/REDIUS俄罗斯/DOKA PNM/DOKA 订单/AB22819 出口产品供需合同-一洲.xls,"乙炔割嘴 ANM 2# 
刻字内容：规格与型号
包装：常规-中性",同尺寸（数字指纹逐字符一致）的纯文本差异 → 可合并候选，待人工确认（脚本不自动合并）
乙炔割嘴anm,2,"乙炔割嘴 ANM 2# 
刻字内容：规格与型号",1,1,ziliao/安宝公司/旧订单资料/REDIUS俄罗斯/DOKA PNM/DOKA 订单/AB251096.xls,"乙炔割嘴 ANM 2# 
刻字内容：规格与型号
包装：常规-中性",同尺寸（数字指纹逐字符一致）的纯文本差异 → 可合并候选，待人工确认（脚本不自动合并）
乙炔割嘴anm,3,"乙炔割嘴 ANM 3# 
刻字内容：规格与型号
包装：常规-中性",3,3,ziliao/安宝公司/旧订单资料/REDIUS俄罗斯/DOKA PNM/DOKA 订单/AB22819 出口产品供需合同-一洲.xls,"乙炔割嘴 ANM 3# 
刻字内容：规格与型号
包装：常规-中性",同尺寸（数字指纹逐字符一致）的纯文本差异 → 可合并候选，待人工确认（脚本不自动合并）
乙炔割嘴anm,3,"乙炔割嘴 ANM 3# 
刻字内容：规格与型号",1,1,ziliao/安宝公司/旧订单资料/REDIUS俄罗斯/DOKA PNM/DOKA 订单/AB251096.xls,"乙炔割嘴 ANM 3# 
刻字内容：规格与型号
包装：常规-中性",同尺寸（数字指纹逐字符一致）的纯文本差异 → 可合并候选，待人工确认（脚本不自动合并）
乙炔割嘴anm,5,"乙炔割嘴 ANM 5# 
刻字内容：规格与型号
包装：常规-中性",2,2,ziliao/安宝公司/旧订单资料/REDIUS俄罗斯/DOKA PNM/DOKA 订单/AB22819 出口产品供需合同-一洲.xls,"乙炔割嘴 ANM 5# 
刻字内容：规格与型号
包装：常规-中性",同尺寸（数字指纹逐字符一致）的纯文本差异 → 可合并候选，待人工确认（脚本不自动合并）
乙炔割嘴anm,5,"乙炔割嘴 ANM 5# 
刻字内容：规格与型号",1,1,ziliao/安宝公司/旧订单资料/REDIUS俄罗斯/DOKA PNM/DOKA 订单/AB251096.xls,"乙炔割嘴 ANM 5# 
刻字内容：规格与型号
包装：常规-中性",同尺寸（数字指纹逐字符一致）的纯文本差异 → 可合并候选，待人工确认（脚本不自动合并）
1503丙烷割嘴,1503-6,"1503丙烷割嘴 #6
包装：塑料盒贴型号",5,5,"ziliao/安宝公司/Technical Welding 1502,1503/订单/AB22315 出口产品供需合同-奉化一洲.xls","1503丙烷割嘴 #6
包装：塑料盒贴型号",同尺寸（数字指纹逐字符一致）的纯文本差异 → 可合并候选，待人工确认（脚本不自动合并）
1503丙烷割嘴,1503-6,"1503丙烷割嘴 #6
包装：塑料盒+型号不干胶",1,1,ziliao/安宝公司/有焊嘴订单/订单/AB22879 出口产品供需合同-奉化一洲(1).xls,"1503丙烷割嘴 #6
包装：塑料盒贴型号",同尺寸（数字指纹逐字符一致）的纯文本差异 → 可合并候选，待人工确认（脚本不自动合并）
1503丙烷割嘴,1503-4,"1503丙烷割嘴 #4
包装：塑料盒贴型号",4,4,"ziliao/安宝公司/Technical Welding 1502,1503/订单/AB22315 出口产品供需合同-奉化一洲.xls","1503丙烷割嘴 #4
包装：塑料盒贴型号",同尺寸（数字指纹逐字符一致）的纯文本差异 → 可合并候选，待人工确认（脚本不自动合并）
1503丙烷割嘴,1503-4,"1503丙烷割嘴 #4
包装：塑料盒+型号不干胶",1,1,ziliao/安宝公司/有焊嘴订单/订单/AB22879 出口产品供需合同-奉化一洲(1).xls,"1503丙烷割嘴 #4
包装：塑料盒贴型号",同尺寸（数字指纹逐字符一致）的纯文本差异 → 可合并候选，待人工确认（脚本不自动合并）
1503丙烷割嘴,1503-8,"1503丙烷割嘴 #8
包装：塑料盒贴型号",4,4,"ziliao/安宝公司/Technical Welding 1502,1503/订单/AB22315 出口产品供需合同-奉化一洲.xls","1503丙烷割嘴 #8
包装：塑料盒贴型号",同尺寸（数字指纹逐字符一致）的纯文本差异 → 可合并候选，待人工确认（脚本不自动合并）
1503丙烷割嘴,1503-8,"1503丙烷割嘴 #8
包装：塑料盒+型号不干胶",1,1,ziliao/安宝公司/有焊嘴订单/订单/AB22879 出口产品供需合同-奉化一洲(1).xls,"1503丙烷割嘴 #8
包装：塑料盒贴型号",同尺寸（数字指纹逐字符一致）的纯文本差异 → 可合并候选，待人工确认（脚本不自动合并）
1503割嘴,1503-4,1503 割嘴 4#,4,4,ziliao/尤耐克/常规 1503/LGC22822290宁波一洲.xlsx,1503 割嘴 4#,同尺寸（数字指纹逐字符一致）的纯文本差异 → 可合并候选，待人工确认（脚本不自动合并）
1503割嘴,1503-4,1503割嘴#4,1,1,"ziliao/安宝公司/Technical Welding 1502,1503/订单/AB21790 出口产品供需合同-奉化一洲.xls",1503 割嘴 4#,同尺寸（数字指纹逐字符一致）的纯文本差异 → 可合并候选，待人工确认（脚本不自动合并）
1503割嘴,1503-6,1503 割嘴 6#,3,3,"ziliao/尤耐克/FERROLAN1502,1503/订单/LGC230307126宁波一洲.xlsx",1503 割嘴 6#,同尺寸（数字指纹逐字符一致）的纯文本差异 → 可合并候选，待人工确认（脚本不自动合并）
1503割嘴,1503-6,1503割嘴#6,1,1,"ziliao/安宝公司/Technical Welding 1502,1503/订单/AB21790 出口产品供需合同-奉化一洲.xls",1503 割嘴 6#,同尺寸（数字指纹逐字符一致）的纯文本差异 → 可合并候选，待人工确认（脚本不自动合并）
外嘴pnm,1-500-32,"外嘴 PNM 1# 刻字内容规格与型号 如图
单只塑料袋包装 500只/箱 重32G",4,4,ziliao/安宝公司/旧订单资料/REDIUS俄罗斯/DOKA PNM/DOKA 订单/AB22560 出口产品供需合同-一洲.xls,"外嘴 PNM 1# 刻字内容规格与型号 如图
单只塑料袋包装 500只/箱 重32G",同尺寸（数字指纹逐字符一致）的纯文本差异 → 可合并候选，待人工确认（脚本不自动合并）
外嘴pnm,1-500-32,"外嘴 PNM 1# 刻字内容规格与型号 
单只塑料袋包装 500只/箱 重32G",1,1,ziliao/安宝公司/旧订单资料/REDIUS俄罗斯/DOKA PNM/DOKA 订单/AB22345 出口产品供需合同-奉化一洲.xls,"外嘴 PNM 1# 刻字内容规格与型号 如图
单只塑料袋包装 500只/箱 重32G",同尺寸（数字指纹逐字符一致）的纯文本差异 → 可合并候选，待人工确认（脚本不自动合并）
外嘴pnm,2-500-32,"外嘴 PNM 2# 刻字内容规格与型号 
单只塑料袋包装 500只/箱 重32G",2,2,ziliao/安宝公司/旧订单资料/REDIUS俄罗斯/DOKA PNM/DOKA 订单/AB22153 出口产品供需合同-奉化一洲.xls,"外嘴 PNM 2# 刻字内容规格与型号 
单只塑料袋包装 500只/箱 重32G",同尺寸（数字指纹逐字符一致）的纯文本差异 → 可合并候选，待人工确认（脚本不自动合并）
外嘴pnm,2-500-32,"外嘴 PNM 2# 刻字内容规格与型号 如图
单只塑料袋包装 500只/箱 重32G",2,2,ziliao/安宝公司/旧订单资料/REDIUS俄罗斯/DOKA PNM/DOKA 订单/AB22819 出口产品供需合同-一洲.xls,"外嘴 PNM 2# 刻字内容规格与型号 
单只塑料袋包装 500只/箱 重32G",同尺寸（数字指纹逐字符一致）的纯文本差异 → 可合并候选，待人工确认（脚本不自动合并）
2wx11n丙烷割嘴g,2-11-11-2,"2W-X11N 丙烷割嘴 G11 2#

包装+刻字：常规中性",3,3,ziliao/安宝公司/有焊嘴订单/订单/2026/AB26539.xls,"2W-X11N 丙烷割嘴 G11 2#

包装+刻字：常规中性",同尺寸（数字指纹逐字符一致）的纯文本差异 → 可合并候选，待人工确认（脚本不自动合并）
2wx11n丙烷割嘴g,2-11-11-2,2W-X11N 丙烷割嘴 G11 2#,2,2,ziliao/安宝公司/有焊嘴订单/订单/AB22879 出口产品供需合同-奉化一洲(1).xls,"2W-X11N 丙烷割嘴 G11 2#

包装+刻字：常规中性",同尺寸（数字指纹逐字符一致）的纯文本差异 → 可合并候选，待人工确认（脚本不自动合并）
2wx11n丙烷割嘴g,2-11-11-1,2W-X11N 丙烷割嘴 G11 1#,1,1,ziliao/安宝公司/有焊嘴订单/订单/AB22879 出口产品供需合同-奉化一洲(1).xls,2W-X11N 丙烷割嘴 G11 1#,同尺寸（数字指纹逐字符一致）的纯文本差异 → 可合并候选，待人工确认（脚本不自动合并）
2wx11n丙烷割嘴g,2-11-11-1,"2W-X11N 丙烷割嘴 G11 1#

包装+刻字：常规中性",1,1,ziliao/安宝公司/有焊嘴订单/订单/2026/AB26539.xls,2W-X11N 丙烷割嘴 G11 1#,同尺寸（数字指纹逐字符一致）的纯文本差异 → 可合并候选，待人工确认（脚本不自动合并）
仿澳大利亚款式丙烷割嘴4412,44-12,"仿澳大利亚款式丙烷割嘴 44-12

包装：塑料盒+不干胶",3,3,"ziliao/安宝公司/HQF 41 6290NX/41, NX, 6290/2026/AB26560.xls","仿澳大利亚款式丙烷割嘴 44-12

包装：塑料盒+不干胶",同尺寸（数字指纹逐字符一致）的纯文本差异 → 可合并候选，待人工确认（脚本不自动合并）
仿澳大利亚款式丙烷割嘴4412,44-12,"仿澳大利亚款式丙烷割嘴 44-12

包装：不干胶+塑料盒",1,1,"ziliao/安宝公司/HQF 41 6290NX/41, NX, 6290/ab241160 出口产品供需合同-一洲.xls","仿澳大利亚款式丙烷割嘴 44-12

包装：塑料盒+不干胶",同尺寸（数字指纹逐字符一致）的纯文本差异 → 可合并候选，待人工确认（脚本不自动合并）
仿澳大利亚款式丙烷割嘴4415,44-15,"仿澳大利亚款式丙烷割嘴 44-15

包装：塑料盒+不干胶",3,3,"ziliao/安宝公司/HQF 41 6290NX/41, NX, 6290/2026/AB26560.xls","仿澳大利亚款式丙烷割嘴 44-15

包装：塑料盒+不干胶",同尺寸（数字指纹逐字符一致）的纯文本差异 → 可合并候选，待人工确认（脚本不自动合并）
仿澳大利亚款式丙烷割嘴4415,44-15,"仿澳大利亚款式丙烷割嘴 44-15

包装：不干胶+塑料盒",1,1,"ziliao/安宝公司/HQF 41 6290NX/41, NX, 6290/ab241160 出口产品供需合同-一洲.xls","仿澳大利亚款式丙烷割嘴 44-15

包装：塑料盒+不干胶",同尺寸（数字指纹逐字符一致）的纯文本差异 → 可合并候选，待人工确认（脚本不自动合并）
仿澳大利亚款式丙烷割嘴448,44-8,"仿澳大利亚款式丙烷割嘴 44-8

包装：塑料盒+不干胶",3,3,"ziliao/安宝公司/HQF 41 6290NX/41, NX, 6290/2026/AB26560.xls","仿澳大利亚款式丙烷割嘴 44-8

包装：塑料盒+不干胶",同尺寸（数字指纹逐字符一致）的纯文本差异 → 可合并候选，待人工确认（脚本不自动合并）
仿澳大利亚款式丙烷割嘴448,44-8,"仿澳大利亚款式丙烷割嘴 44-8

包装：不干胶+塑料盒",1,1,"ziliao/安宝公司/HQF 41 6290NX/41, NX, 6290/ab241160 出口产品供需合同-一洲.xls","仿澳大利亚款式丙烷割嘴 44-8

包装：塑料盒+不干胶",同尺寸（数字指纹逐字符一致）的纯文本差异 → 可合并候选，待人工确认（脚本不自动合并）
内嘴p1,1-500-42,"内嘴 P1 刻字内容规格与型号 如右图
单只塑料袋包装 500只/箱 重42G",3,3,ziliao/安宝公司/旧订单资料/REDIUS俄罗斯/DOKA PNM/DOKA 订单/AB22560 出口产品供需合同-一洲.xls,"内嘴 P1 刻字内容规格与型号 如右图
单只塑料袋包装 500只/箱 重42G",同尺寸（数字指纹逐字符一致）的纯文本差异 → 可合并候选，待人工确认（脚本不自动合并）
内嘴p1,1-500-42,"内嘴 P1 刻字内容规格与型号 
单只塑料袋包装 500只/箱 重42G",1,1,ziliao/安宝公司/旧订单资料/REDIUS俄罗斯/DOKA PNM/DOKA 订单/AB22345 出口产品供需合同-奉化一洲.xls,"内嘴 P1 刻字内容规格与型号 如右图
单只塑料袋包装 500只/箱 重42G",同尺寸（数字指纹逐字符一致）的纯文本差异 → 可合并候选，待人工确认（脚本不自动合并）
内嘴p2,2-500-42,"内嘴 P2 刻字内容规格与型号 如右图
单只塑料袋包装 500只/箱 重42G",3,3,ziliao/安宝公司/旧订单资料/REDIUS俄罗斯/DOKA PNM/DOKA 订单/AB22560 出口产品供需合同-一洲.xls,"内嘴 P2 刻字内容规格与型号 如右图
单只塑料袋包装 500只/箱 重42G",同尺寸（数字指纹逐字符一致）的纯文本差异 → 可合并候选，待人工确认（脚本不自动合并）
内嘴p2,2-500-42,"内嘴 P2 刻字内容规格与型号 
单只塑料袋包装 500只/箱 重42G",1,1,ziliao/安宝公司/旧订单资料/REDIUS俄罗斯/DOKA PNM/DOKA 订单/AB22345 出口产品供需合同-奉化一洲.xls,"内嘴 P2 刻字内容规格与型号 如右图
单只塑料袋包装 500只/箱 重42G",同尺寸（数字指纹逐字符一致）的纯文本差异 → 可合并候选，待人工确认（脚本不自动合并）
内嘴p3,3-500-42,"内嘴 P3 刻字内容规格与型号 如右图
单只塑料袋包装 500只/箱 重42G",3,3,ziliao/安宝公司/旧订单资料/REDIUS俄罗斯/DOKA PNM/DOKA 订单/AB22560 出口产品供需合同-一洲.xls,"内嘴 P3 刻字内容规格与型号 如右图
单只塑料袋包装 500只/箱 重42G",同尺寸（数字指纹逐字符一致）的纯文本差异 → 可合并候选，待人工确认（脚本不自动合并）
内嘴p3,3-500-42,"内嘴 P3 刻字内容规格与型号 
单只塑料袋包装 500只/箱 重42G",1,1,ziliao/安宝公司/旧订单资料/REDIUS俄罗斯/DOKA PNM/DOKA 订单/AB22345 出口产品供需合同-奉化一洲.xls,"内嘴 P3 刻字内容规格与型号 如右图
单只塑料袋包装 500只/箱 重42G",同尺寸（数字指纹逐字符一致）的纯文本差异 → 可合并候选，待人工确认（脚本不自动合并）
乙炔割嘴,1-101-1,乙炔割嘴 1-101 1#,3,3,"ziliao/安宝公司/B.S.A. 6290NX,6290,1-101,GPN/AB23568 出口产品供需合同-一洲(1).xls",乙炔割嘴 1-101 1#,同尺寸（数字指纹逐字符一致）的纯文本差异 → 可合并候选，待人工确认（脚本不自动合并）
乙炔割嘴,1-101-1,"乙炔割嘴1-101 1#

包装：塑料盒 不要贴 不干胶",2,2,ziliao/安宝公司/WT 6290NX/AB24747 出口产品供需合同-奉化一洲.xls,乙炔割嘴 1-101 1#,同尺寸（数字指纹逐字符一致）的纯文本差异 → 可合并候选，待人工确认（脚本不自动合并）
乙炔割嘴,1-101-1,"乙炔割嘴 1-101 1#
刻字中性如右图所示

包装：中性塑料盒+中性不干胶",2,1,ziliao/安宝公司/F&G 订单/ab23779 出口产品供需合同-一洲(1).xls,乙炔割嘴 1-101 1#,同尺寸（数字指纹逐字符一致）的纯文本差异 → 可合并候选，待人工确认（脚本不自动合并）
乙炔割嘴,6290-1,"乙炔割嘴 6290-1# 
包装：中性塑料盒",2,2,"ziliao/安宝公司/HQF 41 6290NX/41, NX, 6290/106HC, NX/ab24076 106HC NX.xls","乙炔割嘴 6290-1# 
包装：中性塑料盒",同尺寸（数字指纹逐字符一致）的纯文本差异 → 可合并候选，待人工确认（脚本不自动合并）
乙炔割嘴,6290-1,"乙炔割嘴 6290-1# 
刻字中性
包装：塑料盒",2,2,"ziliao/安宝公司/常规1-101,GPN 6290NX,G1-P,NFF/AB25330.xls","乙炔割嘴 6290-1# 
包装：中性塑料盒",同尺寸（数字指纹逐字符一致）的纯文本差异 → 可合并候选，待人工确认（脚本不自动合并）
乙炔割嘴,1-101-2,"乙炔割嘴1-101 2#

包装：塑料盒 不要贴 不干胶",2,2,ziliao/安宝公司/WT 6290NX/AB24747 出口产品供需合同-奉化一洲.xls,"乙炔割嘴1-101 2#

包装：塑料盒 不要贴 不干胶",同尺寸（数字指纹逐字符一致）的纯文本差异 → 可合并候选，待人工确认（脚本不自动合并）
乙炔割嘴,1-101-2,"乙炔割嘴 1-101 2#
刻字中性如右图所示

包装：中性塑料盒+中性不干胶",1,1,ziliao/安宝公司/F&G 订单/ab23779 出口产品供需合同-一洲(1).xls,"乙炔割嘴1-101 2#

包装：塑料盒 不要贴 不干胶",同尺寸（数字指纹逐字符一致）的纯文本差异 → 可合并候选，待人工确认（脚本不自动合并）
乙炔割嘴,1-101-3,"乙炔割嘴1-101 3#

包装：塑料盒 不要贴 不干胶",2,2,ziliao/安宝公司/WT 6290NX/AB24747 出口产品供需合同-奉化一洲.xls,"乙炔割嘴1-101 3#

包装：塑料盒 不要贴 不干胶",同尺寸（数字指纹逐字符一致）的纯文本差异 → 可合并候选，待人工确认（脚本不自动合并）
乙炔割嘴,1-101-3,"乙炔割嘴 1-101 3#
刻字中性如右图所示

包装：中性塑料盒+中性不干胶",1,1,ziliao/安宝公司/F&G 订单/ab23779 出口产品供需合同-一洲(1).xls,"乙炔割嘴1-101 3#

包装：塑料盒 不要贴 不干胶",同尺寸（数字指纹逐字符一致）的纯文本差异 → 可合并候选，待人工确认（脚本不自动合并）
丙烷割嘴106hc,106-2,"丙烷割嘴 106HC 2#
包装：彩卡+泡壳+说明书",2,2,"ziliao/安宝公司/HQF 41 6290NX/41, NX, 6290/2026/ab26699.xls","丙烷割嘴 106HC 2#
包装：彩卡+泡壳+说明书",同尺寸（数字指纹逐字符一致）的纯文本差异 → 可合并候选，待人工确认（脚本不自动合并）
丙烷割嘴106hc,106-2,"丙烷割嘴 106HC 2#  塑料盒包装
包装：彩卡+泡壳+说明书",1,1,"ziliao/安宝公司/HQF 41 6290NX/41, NX, 6290/AB25453 出口产品供需合同-一洲(1).xls","丙烷割嘴 106HC 2#
包装：彩卡+泡壳+说明书",同尺寸（数字指纹逐字符一致）的纯文本差异 → 可合并候选，待人工确认（脚本不自动合并）
丙烷割嘴106hc,106-4,"丙烷割嘴 106HC 4#
包装：彩卡+泡壳+说明书",2,2,"ziliao/安宝公司/HQF 41 6290NX/41, NX, 6290/2026/ab26699.xls","丙烷割嘴 106HC 4#
包装：彩卡+泡壳+说明书",同尺寸（数字指纹逐字符一致）的纯文本差异 → 可合并候选，待人工确认（脚本不自动合并）
丙烷割嘴106hc,106-4,"丙烷割嘴 106HC 4#  塑料盒包装
包装：彩卡+泡壳+说明书",1,1,"ziliao/安宝公司/HQF 41 6290NX/41, NX, 6290/AB25453 出口产品供需合同-一洲(1).xls","丙烷割嘴 106HC 4#
包装：彩卡+泡壳+说明书",同尺寸（数字指纹逐字符一致）的纯文本差异 → 可合并候选，待人工确认（脚本不自动合并）
丙烷割嘴gpn,1,"丙烷割嘴 GPN 1#

包装：塑料盒 不要贴 不干胶",2,2,ziliao/安宝公司/WT 6290NX/AB24747 出口产品供需合同-奉化一洲.xls,"丙烷割嘴 GPN 1#

包装：塑料盒 不要贴 不干胶",同尺寸（数字指纹逐字符一致）的纯文本差异 → 可合并候选，待人工确认（脚本不自动合并）
丙烷割嘴gpn,1,"丙烷割嘴 GPN 1#
包装+刻字：中性",1,1,ziliao/安宝公司/有焊嘴订单/订单/2026/AB26572.xls,"丙烷割嘴 GPN 1#

包装：塑料盒 不要贴 不干胶",同尺寸（数字指纹逐字符一致）的纯文本差异 → 可合并候选，待人工确认（脚本不自动合并）
丙烷割嘴gpn,1,"丙烷割嘴 GPN-1#
刻字中性如右图所示

包装：中性塑料盒+中性不干胶",1,1,ziliao/安宝公司/F&G 订单/ab23779 出口产品供需合同-一洲(1).xls,"丙烷割嘴 GPN 1#

包装：塑料盒 不要贴 不干胶",同尺寸（数字指纹逐字符一致）的纯文本差异 → 可合并候选，待人工确认（脚本不自动合并）
丙烷割嘴gpn,2,"丙烷割嘴 GPN 2#

包装：塑料盒 不要贴 不干胶",2,2,ziliao/安宝公司/WT 6290NX/AB24747 出口产品供需合同-奉化一洲.xls,"丙烷割嘴 GPN 2#

包装：塑料盒 不要贴 不干胶",同尺寸（数字指纹逐字符一致）的纯文本差异 → 可合并候选，待人工确认（脚本不自动合并）
丙烷割嘴gpn,2,"丙烷割嘴 GPN 2#
刻字：带logo

包装：塑料盒+不干胶",1,1,"ziliao/安宝公司/KARLEN  SC50,GPN/AB26854.xls","丙烷割嘴 GPN 2#

包装：塑料盒 不要贴 不干胶",同尺寸（数字指纹逐字符一致）的纯文本差异 → 可合并候选，待人工确认（脚本不自动合并）
仿澳大利亚款式乙炔割嘴4112,41-12,"仿澳大利亚款式乙炔 割嘴 41-12

包装：塑料盒+不干胶",2,2,"ziliao/安宝公司/HQF 41 6290NX/41, NX, 6290/2026/AB26560.xls","仿澳大利亚款式乙炔 割嘴 41-12

包装：塑料盒+不干胶",同尺寸（数字指纹逐字符一致）的纯文本差异 → 可合并候选，待人工确认（脚本不自动合并）
仿澳大利亚款式乙炔割嘴4112,41-12,"仿澳大利亚款式乙炔割嘴 41-12

包装：塑料挂钩盒+不干胶",1,1,"ziliao/安宝公司/HQF 41 6290NX/41, NX, 6290/AB241049 出口产品供需合同-奉化一洲.xls","仿澳大利亚款式乙炔 割嘴 41-12

包装：塑料盒+不干胶",同尺寸（数字指纹逐字符一致）的纯文本差异 → 可合并候选，待人工确认（脚本不自动合并）
仿澳大利亚款式乙炔割嘴4115,41-15,"仿澳大利亚款式乙炔 割嘴 41-15

包装：塑料盒+不干胶",2,2,"ziliao/安宝公司/HQF 41 6290NX/41, NX, 6290/2026/AB26560.xls","仿澳大利亚款式乙炔 割嘴 41-15

包装：塑料盒+不干胶",同尺寸（数字指纹逐字符一致）的纯文本差异 → 可合并候选，待人工确认（脚本不自动合并）
仿澳大利亚款式乙炔割嘴4115,41-15,"仿澳大利亚款式乙炔割嘴 41-15

包装：塑料挂钩盒+不干胶",2,2,"ziliao/安宝公司/HQF 41 6290NX/41, NX, 6290/AB241049 出口产品供需合同-奉化一洲.xls","仿澳大利亚款式乙炔 割嘴 41-15

包装：塑料盒+不干胶",同尺寸（数字指纹逐字符一致）的纯文本差异 → 可合并候选，待人工确认（脚本不自动合并）
仿澳大利亚款式乙炔割嘴4120,41-20,"仿澳大利亚款式乙炔 割嘴 41-20

包装：塑料盒+不干胶",2,2,"ziliao/安宝公司/HQF 41 6290NX/41, NX, 6290/2026/AB26560.xls","仿澳大利亚款式乙炔 割嘴 41-20

包装：塑料盒+不干胶",同尺寸（数字指纹逐字符一致）的纯文本差异 → 可合并候选，待人工确认（脚本不自动合并）
仿澳大利亚款式乙炔割嘴4120,41-20,"仿澳大利亚款式乙炔割嘴 41-20

包装：塑料挂钩盒+不干胶",2,2,"ziliao/安宝公司/HQF 41 6290NX/41, NX, 6290/AB241049 出口产品供需合同-奉化一洲.xls","仿澳大利亚款式乙炔 割嘴 41-20

包装：塑料盒+不干胶",同尺寸（数字指纹逐字符一致）的纯文本差异 → 可合并候选，待人工确认（脚本不自动合并）
仿澳大利亚款式乙炔割嘴418,41-8,"仿澳大利亚款式乙炔 割嘴 41-8

包装：塑料盒+不干胶",2,2,"ziliao/安宝公司/HQF 41 6290NX/41, NX, 6290/2026/AB26560.xls","仿澳大利亚款式乙炔 割嘴 41-8

包装：塑料盒+不干胶",同尺寸（数字指纹逐字符一致）的纯文本差异 → 可合并候选，待人工确认（脚本不自动合并）
仿澳大利亚款式乙炔割嘴418,41-8,"仿澳大利亚款式乙炔割嘴 41-8

包装：塑料挂钩盒+不干胶",2,2,"ziliao/安宝公司/HQF 41 6290NX/41, NX, 6290/AB241049 出口产品供需合同-奉化一洲.xls","仿澳大利亚款式乙炔 割嘴 41-8

包装：塑料盒+不干胶",同尺寸（数字指纹逐字符一致）的纯文本差异 → 可合并候选，待人工确认（脚本不自动合并）
割嘴gpn产品号码6029,3-6029,割嘴GPN 3# 产品号码6029,2,2,ziliao/安宝公司/美国FRONNY/订单/2026/AB26327.xls,割嘴GPN 3# 产品号码6029,同尺寸（数字指纹逐字符一致）的纯文本差异 → 可合并候选，待人工确认（脚本不自动合并）
割嘴gpn产品号码6029,3-6029,"割嘴 3#-GPN 
产品号码6029",1,1,ziliao/安宝公司/美国FRONNY/订单/2023/ab23198 出口产品供需合同-一洲p060178.xls,割嘴GPN 3# 产品号码6029,同尺寸（数字指纹逐字符一致）的纯文本差异 → 可合并候选，待人工确认（脚本不自动合并）
victor乙炔割嘴,101-1-1-1-101,"victor乙炔割嘴 101-1# 
刻字：VICTOR 1-1-101",2,2,ziliao/安宝公司/M Haseeb  A.SH  106hc直通  80克/M Haseeb/ab22831 出口产品供需合同-奉化一洲.xls,"victor乙炔割嘴 101-1# 
刻字：VICTOR 1-1-101",同尺寸（数字指纹逐字符一致）的纯文本差异 → 可合并候选，待人工确认（脚本不自动合并）
victor乙炔割嘴,101-1-1-1-101,"victor 乙炔割嘴 101-1#
刻字：VICTOR 1-1-101

包装：VICTOR塑料盒+不干胶",1,1,ziliao/安宝公司/VICTOR+BAYO/订单/AB22466 出口产品供需合同-一州(1).xls,"victor乙炔割嘴 101-1# 
刻字：VICTOR 1-1-101",同尺寸（数字指纹逐字符一致）的纯文本差异 → 可合并候选，待人工确认（脚本不自动合并）
victor乙炔割嘴,101-2-2-1-101,"victor乙炔割嘴 101-2# 
刻字：VICTOR 2-1-101",2,2,ziliao/安宝公司/M Haseeb  A.SH  106hc直通  80克/M Haseeb/ab22831 出口产品供需合同-奉化一洲.xls,"victor乙炔割嘴 101-2# 
刻字：VICTOR 2-1-101",同尺寸（数字指纹逐字符一致）的纯文本差异 → 可合并候选，待人工确认（脚本不自动合并）
victor乙炔割嘴,101-2-2-1-101,"victor 乙炔割嘴 101-2#
刻字：VICTOR 2-1-101

包装：VICTOR塑料盒+不干胶",1,1,ziliao/安宝公司/VICTOR+BAYO/订单/AB22466 出口产品供需合同-一州(1).xls,"victor乙炔割嘴 101-2# 
刻字：VICTOR 2-1-101",同尺寸（数字指纹逐字符一致）的纯文本差异 → 可合并候选，待人工确认（脚本不自动合并）
victor乙炔割嘴,101-3-3-1-101,"victor乙炔割嘴 101-3# 
刻字：VICTOR 3-1-101",2,2,ziliao/安宝公司/M Haseeb  A.SH  106hc直通  80克/M Haseeb/ab22831 出口产品供需合同-奉化一洲.xls,"victor乙炔割嘴 101-3# 
刻字：VICTOR 3-1-101",同尺寸（数字指纹逐字符一致）的纯文本差异 → 可合并候选，待人工确认（脚本不自动合并）
victor乙炔割嘴,101-3-3-1-101,"victor 乙炔割嘴 101-3#
刻字：VICTOR 3-1-101

包装：VICTOR塑料盒+不干胶",1,1,ziliao/安宝公司/VICTOR+BAYO/订单/AB22466 出口产品供需合同-一州(1).xls,"victor乙炔割嘴 101-3# 
刻字：VICTOR 3-1-101",同尺寸（数字指纹逐字符一致）的纯文本差异 → 可合并候选，待人工确认（脚本不自动合并）
victor乙炔割嘴,101-4-4-1-101,"victor乙炔割嘴 101-4# 
刻字：VICTOR 4-1-101",2,2,ziliao/安宝公司/M Haseeb  A.SH  106hc直通  80克/M Haseeb/ab22831 出口产品供需合同-奉化一洲.xls,"victor乙炔割嘴 101-4# 
刻字：VICTOR 4-1-101",同尺寸（数字指纹逐字符一致）的纯文本差异 → 可合并候选，待人工确认（脚本不自动合并）
victor乙炔割嘴,101-4-4-1-101,"victor 乙炔割嘴 101-4#
刻字：VICTOR 4-1-101

包装：VICTOR塑料盒+不干胶",1,1,ziliao/安宝公司/VICTOR+BAYO/订单/AB22466 出口产品供需合同-一州(1).xls,"victor乙炔割嘴 101-4# 
刻字：VICTOR 4-1-101",同尺寸（数字指纹逐字符一致）的纯文本差异 → 可合并候选，待人工确认（脚本不自动合并）
victor乙炔割嘴,101-5-5-1-101,"victor乙炔割嘴 101-5# 
刻字：VICTOR 5-1-101",2,2,ziliao/安宝公司/M Haseeb  A.SH  106hc直通  80克/M Haseeb/ab22831 出口产品供需合同-奉化一洲.xls,"victor乙炔割嘴 101-5# 
刻字：VICTOR 5-1-101",同尺寸（数字指纹逐字符一致）的纯文本差异 → 可合并候选，待人工确认（脚本不自动合并）
victor乙炔割嘴,101-5-5-1-101,"victor 乙炔割嘴 101-5#
刻字：VICTOR 5-1-101

包装：VICTOR塑料盒+不干胶",1,1,ziliao/安宝公司/VICTOR+BAYO/订单/AB22466 出口产品供需合同-一州(1).xls,"victor乙炔割嘴 101-5# 
刻字：VICTOR 5-1-101",同尺寸（数字指纹逐字符一致）的纯文本差异 → 可合并候选，待人工确认（脚本不自动合并）
丙烷割嘴3gpn,3-1,丙烷割嘴 3-GPN #1,1,1,ziliao/安宝公司/A. SH  AIR - OXY 里卡多/合同/2025/AB25565 出口产品供需合同-奉化一洲.xls,丙烷割嘴 3-GPN #1,同尺寸（数字指纹逐字符一致）的纯文本差异 → 可合并候选，待人工确认（脚本不自动合并）
丙烷割嘴3gpn,3-1,丙烷割嘴 3-GPN 1#,1,1,"ziliao/安宝公司/常规1-101,GPN 6290NX,G1-P,NFF/AB25951 出口产品供需合同-一洲(1).xls",丙烷割嘴 3-GPN #1,同尺寸（数字指纹逐字符一致）的纯文本差异 → 可合并候选，待人工确认（脚本不自动合并）
丙烷割嘴3gpn,3-2,丙烷割嘴 3-GPN #2,1,1,ziliao/安宝公司/A. SH  AIR - OXY 里卡多/合同/2025/AB25565 出口产品供需合同-奉化一洲.xls,丙烷割嘴 3-GPN #2,同尺寸（数字指纹逐字符一致）的纯文本差异 → 可合并候选，待人工确认（脚本不自动合并）
丙烷割嘴3gpn,3-2,丙烷割嘴 3-GPN 2#,1,1,"ziliao/安宝公司/常规1-101,GPN 6290NX,G1-P,NFF/AB25951 出口产品供需合同-一洲(1).xls",丙烷割嘴 3-GPN #2,同尺寸（数字指纹逐字符一致）的纯文本差异 → 可合并候选，待人工确认（脚本不自动合并）
丙烷割嘴6290nx,6290-1,"丙烷割嘴 6290-NX 1#
刻字：中性常规

包装：如右图所示",1,1,ziliao/安宝公司/NJ 6290NX/AB23534 出口产品供需合同-奉化一洲.xls,"丙烷割嘴 6290-NX 1#
刻字：中性常规

包装：如右图所示",同尺寸（数字指纹逐字符一致）的纯文本差异 → 可合并候选，待人工确认（脚本不自动合并）
丙烷割嘴6290nx,6290-1,"丙烷割嘴 6290NX-1#
刻字中性

包装：中性塑料盒+中性不干胶",1,1,ziliao/安宝公司/F&G 订单/ab23779 出口产品供需合同-一洲(1).xls,"丙烷割嘴 6290-NX 1#
刻字：中性常规

包装：如右图所示",同尺寸（数字指纹逐字符一致）的纯文本差异 → 可合并候选，待人工确认（脚本不自动合并）
丙烷割嘴6290nx,6290-1,"丙烷割嘴6290NX 1# 刻字：中性常规

包装：如右图类似对应型号",1,1,ziliao/安宝公司/WT 6290NX/ab25861 出口产品供需合同-奉化一洲(1).xls,"丙烷割嘴 6290-NX 1#
刻字：中性常规

包装：如右图所示",同尺寸（数字指纹逐字符一致）的纯文本差异 → 可合并候选，待人工确认（脚本不自动合并）
丙烷割嘴6290nx,6290-2,"丙烷割嘴 6290-NX 2#
刻字：中性常规

包装：如右图所示",1,1,ziliao/安宝公司/NJ 6290NX/AB23534 出口产品供需合同-奉化一洲.xls,丙烷割嘴 6290-NX-2#,同尺寸（数字指纹逐字符一致）的纯文本差异 → 可合并候选，待人工确认（脚本不自动合并）
丙烷割嘴6290nx,6290-2,丙烷割嘴 6290-NX-2#,1,1,"ziliao/安宝公司/MAXES 仿NX,106HC,GPN/订单/AB22997 出口产品供需合同-奉化一洲.xls",丙烷割嘴 6290-NX-2#,同尺寸（数字指纹逐字符一致）的纯文本差异 → 可合并候选，待人工确认（脚本不自动合并）
丙烷割嘴6290nx,6290-2,"丙烷割嘴6290NX 2# 刻字：中性常规

包装：如右图类似对应型号",1,1,ziliao/安宝公司/WT 6290NX/ab25861 出口产品供需合同-奉化一洲(1).xls,丙烷割嘴 6290-NX-2#,同尺寸（数字指纹逐字符一致）的纯文本差异 → 可合并候选，待人工确认（脚本不自动合并）
丙烷割嘴6290nx,6290-3,丙烷割嘴 6290-NX-3#,1,1,"ziliao/安宝公司/MAXES 仿NX,106HC,GPN/订单/AB22997 出口产品供需合同-奉化一洲.xls",丙烷割嘴 6290-NX-3#,同尺寸（数字指纹逐字符一致）的纯文本差异 → 可合并候选，待人工确认（脚本不自动合并）
丙烷割嘴6290nx,6290-3,"丙烷割嘴6290NX 3# 刻字：中性常规

包装：如右图类似对应型号",1,1,ziliao/安宝公司/WT 6290NX/ab25861 出口产品供需合同-奉化一洲(1).xls,丙烷割嘴 6290-NX-3#,同尺寸（数字指纹逐字符一致）的纯文本差异 → 可合并候选，待人工确认（脚本不自动合并）
丙烷割嘴6290nx,6290-0,丙烷割嘴 6290NX-0#,1,1,"ziliao/安宝公司/常规1-101,GPN 6290NX,G1-P,NFF/AB22866 出口产品供需合同-一洲.xls",丙烷割嘴 6290NX-0#,同尺寸（数字指纹逐字符一致）的纯文本差异 → 可合并候选，待人工确认（脚本不自动合并）
丙烷割嘴6290nx,6290-0,"丙烷割嘴6290NX 0# 刻字：中性常规

包装：如右图类似对应型号",1,1,ziliao/安宝公司/WT 6290NX/ab25861 出口产品供需合同-奉化一洲(1).xls,丙烷割嘴 6290NX-0#,同尺寸（数字指纹逐字符一致）的纯文本差异 → 可合并候选，待人工确认（脚本不自动合并）
丙烷割嘴pnme364重74克,3-64-74-1-50-1-200-1,"丙烷割嘴 PNME 3/64"" 重74克

包装：PP袋1只/袋 50只1盒 200只1箱",1,1,ziliao/安宝公司/旧订单资料/REDIUS俄罗斯/FOOB/ab231082 出口产品供需合同-一洲.xls,"丙烷割嘴 PNME 3/64"" 重74克

包装：PP袋1只/袋 50只1盒 200只1箱",同尺寸（数字指纹逐字符一致）的纯文本差异 → 可合并候选，待人工确认（脚本不自动合并）
丙烷割嘴pnme364重74克,3-64-74-1-50-1-200-1,"丙烷割嘴 PNME 3/64"" 重74克
刻字：中性

包装：PP袋1只/袋 50只1盒 200只1箱",1,1,ziliao/安宝公司/旧订单资料/REDIUS俄罗斯/FOOB/ab231082 出口产品供需合同-一洲.xls,"丙烷割嘴 PNME 3/64"" 重74克

包装：PP袋1只/袋 50只1盒 200只1箱",同尺寸（数字指纹逐字符一致）的纯文本差异 → 可合并候选，待人工确认（脚本不自动合并）
内嘴p29槽重425g,2-9-42-5-500,"内嘴 P2 9槽 重42.5g

刻字：内容规格+型号
包装：只/塑料袋 500只/箱",1,1,ziliao/安宝公司/旧订单资料/REDIUS俄罗斯/P#21420/AB21912 出口产品供需合同-奉化一洲.xls,"内嘴 P2 9槽 重42.5g

刻字：内容规格+型号
包装：只/塑料袋 500只/箱",同尺寸（数字指纹逐字符一致）的纯文本差异 → 可合并候选，待人工确认（脚本不自动合并）
内嘴p29槽重425g,2-9-42-5-500,"内嘴 P2 9槽 重42.5G
刻字内容：规格+型号
包装：单只塑料袋包装 500只/箱",1,1,ziliao/安宝公司/旧订单资料/REDIUS俄罗斯/REDIUS/AB22358 出口产品供需合同-一洲.xls,"内嘴 P2 9槽 重42.5g

刻字：内容规格+型号
包装：只/塑料袋 500只/箱",同尺寸（数字指纹逐字符一致）的纯文本差异 → 可合并候选，待人工确认（脚本不自动合并）
乙炔割嘴102hc,102-2,乙炔割嘴 102HC-2#,1,1,"ziliao/安宝公司/HQF 41 6290NX/41, NX, 6290/ab241160 出口产品供需合同-一洲.xls",乙炔割嘴 102HC-2#,同尺寸（数字指纹逐字符一致）的纯文本差异 → 可合并候选，待人工确认（脚本不自动合并）
乙炔割嘴102hc,102-2,"乙炔割嘴 102HC-2#
包装：彩卡+泡壳+说明书",1,1,"ziliao/安宝公司/HQF 41 6290NX/41, NX, 6290/AB251341 出口产品供需合同-奉化一洲(1).xls",乙炔割嘴 102HC-2#,同尺寸（数字指纹逐字符一致）的纯文本差异 → 可合并候选，待人工确认（脚本不自动合并）
