客户名称,产品名称,单价,币种,生效日期,失效日期,备注
安宝公司,1-1-101仿牌,12.60,CNY,2024-03-21,,"【文字行提取·需人工确认】来自 ziliao/安宝公司/A. SH  AIR - OXY 里卡多/1-101,GPNN,229报价.doc（报价日 2024-03-21）：1-1-101仿牌:  12.6元"
安宝公司,1-1-101常规,12.40,CNY,2024-03-21,,"【文字行提取·需人工确认】来自 ziliao/安宝公司/A. SH  AIR - OXY 里卡多/1-101,GPNN,229报价.doc（报价日 2024-03-21）：1-1-101常规:  12.4元"
安宝公司,GPN仿牌,9.00,CNY,2024-03-21,,"【文字行提取·需人工确认】来自 ziliao/安宝公司/A. SH  AIR - OXY 里卡多/1-101,GPNN,229报价.doc（报价日 2024-03-21）：GPN仿牌:     9元"
安宝公司,GPN常规,8.80,CNY,2024-03-21,,"【文字行提取·需人工确认】来自 ziliao/安宝公司/A. SH  AIR - OXY 里卡多/1-101,GPNN,229报价.doc（报价日 2024-03-21）：GPN常规:     8.8元"
安宝公司,229,8.20,CNY,2024-03-21,,"【文字行提取·需人工确认】来自 ziliao/安宝公司/A. SH  AIR - OXY 里卡多/1-101,GPNN,229报价.doc（报价日 2024-03-21）：229:           8.2元"
安宝公司,乙炔割嘴 6290-1# 包装：中性塑料盒,8.60,CNY,,,"来自 ziliao/安宝公司/HQF 41 6290NX/41, NX, 6290/AB251256 6290价格只做这一次.xls"
安宝公司,164,13.00,CNY,2021-10-08,,【文字行提取·需人工确认】来自 ziliao/安宝公司/安宝报价/墨西哥报价.doc（报价日 2021-10-08）：164：13 (要求13.5)
安宝公司,261,8.20,CNY,2021-10-08,,【文字行提取·需人工确认】来自 ziliao/安宝公司/安宝报价/墨西哥报价.doc（报价日 2021-10-08）：261: 8.2
安宝公司,6290,8.60,CNY,2021-10-08,,【文字行提取·需人工确认】来自 ziliao/安宝公司/安宝报价/墨西哥报价.doc（报价日 2021-10-08）：6290: 8.6
安宝公司,6290nx,6.00,CNY,2021-10-08,,【文字行提取·需人工确认】来自 ziliao/安宝公司/安宝报价/墨西哥报价.doc（报价日 2021-10-08）：6290nx: 6
安宝公司,1-101,11.80,CNY,2021-10-08,,【文字行提取·需人工确认】来自 ziliao/安宝公司/安宝报价/墨西哥报价.doc（报价日 2021-10-08）：1-101: 11.8
安宝公司,Gpn,8.50,CNY,2021-10-08,,【文字行提取·需人工确认】来自 ziliao/安宝公司/安宝报价/墨西哥报价.doc（报价日 2021-10-08）：Gpn: 8.5
安宝公司,Sc12,14.50,CNY,2021-10-08,,【文字行提取·需人工确认】来自 ziliao/安宝公司/安宝报价/墨西哥报价.doc（报价日 2021-10-08）：Sc12: 14.5
安宝公司,Sc50,13.50,CNY,2021-10-08,,【文字行提取·需人工确认】来自 ziliao/安宝公司/安宝报价/墨西哥报价.doc（报价日 2021-10-08）：Sc50: 13.5
安宝公司,MC12,14.00,CNY,2021-07-29,,【文字行提取·需人工确认】来自 ziliao/安宝公司/美国FRONNY/报价.doc（报价日 2021-07-29）：MC12: 14
安宝公司,6290,8.80,CNY,2021-07-29,,【文字行提取·需人工确认】来自 ziliao/安宝公司/美国FRONNY/报价.doc（报价日 2021-07-29）：6290:  8.8
安宝公司,3-101,8.80,CNY,2021-07-29,,【文字行提取·需人工确认】来自 ziliao/安宝公司/美国FRONNY/报价.doc（报价日 2021-07-29）：3-101:  8.8
安宝公司,1-101,11.80,CNY,2021-07-29,,【文字行提取·需人工确认】来自 ziliao/安宝公司/美国FRONNY/报价.doc（报价日 2021-07-29）：1-101:  11.8
安宝公司,SC12,15.00,CNY,2021-07-29,,【文字行提取·需人工确认】来自 ziliao/安宝公司/美国FRONNY/报价.doc（报价日 2021-07-29）：SC12:  15
安宝公司,6290NX,6.50,CNY,2021-07-29,,【文字行提取·需人工确认】来自 ziliao/安宝公司/美国FRONNY/报价.doc（报价日 2021-07-29）：6290NX:  6.5
安宝公司,GPN,8.80,CNY,2021-07-29,,【文字行提取·需人工确认】来自 ziliao/安宝公司/美国FRONNY/报价.doc（报价日 2021-07-29）：GPN:     8.8
安宝公司,3GPN,8.00,CNY,2021-07-29,,【文字行提取·需人工确认】来自 ziliao/安宝公司/美国FRONNY/报价.doc（报价日 2021-07-29）：3GPN:    8
尤耐克,261,7.80,CNY,2023-02-02,,【文字行提取·需人工确认】来自 ziliao/尤耐克/OKILA改不干胶/OKILA 报价.doc（报价日 2023-02-02）：261: 7.8元
尤耐克,164,13.50,CNY,2023-02-02,,【文字行提取·需人工确认】来自 ziliao/尤耐克/OKILA改不干胶/OKILA 报价.doc（报价日 2023-02-02）：164: 13.5元 (外购)
尤耐克,1-101,11.50,CNY,2023-02-02,,【文字行提取·需人工确认】来自 ziliao/尤耐克/OKILA改不干胶/OKILA 报价.doc（报价日 2023-02-02）：1-101: 11.5元
尤耐克,GPN,7.80,CNY,2023-02-02,,【文字行提取·需人工确认】来自 ziliao/尤耐克/OKILA改不干胶/OKILA 报价.doc（报价日 2023-02-02）：GPN: 7.8元
尤耐克,6290,8.60,CNY,2023-02-02,,【文字行提取·需人工确认】来自 ziliao/尤耐克/OKILA改不干胶/OKILA 报价.doc（报价日 2023-02-02）：6290: 8.6元
尤耐克,6290NX,5.70,CNY,2023-02-02,,【文字行提取·需人工确认】来自 ziliao/尤耐克/OKILA改不干胶/OKILA 报价.doc（报价日 2023-02-02）：6290NX: 5.7元
尤耐克,SC12,14.30,CNY,2023-02-02,,【文字行提取·需人工确认】来自 ziliao/尤耐克/OKILA改不干胶/OKILA 报价.doc（报价日 2023-02-02）：SC12: 14.3元
尤耐克,SC50,13.30,CNY,2023-02-02,,【文字行提取·需人工确认】来自 ziliao/尤耐克/OKILA改不干胶/OKILA 报价.doc（报价日 2023-02-02）：SC50: 13.3元
嵊州海田,T15,108.00,CNY,2025-06-03,,"【文字行提取·需人工确认】来自 ziliao/嵊州海田/22 IAM   T20 106HC金色字  宋/2025-06-03. T15,T20报价.doc（报价日 2025-06-03）：T15: 108"
嵊州海田,T15+管子+连接器,163.00,CNY,2025-06-03,,"【文字行提取·需人工确认】来自 ziliao/嵊州海田/22 IAM   T20 106HC金色字  宋/2025-06-03. T15,T20报价.doc（报价日 2025-06-03）：T15+管子+连接器: 163"
嵊州海田,T20,162.00,CNY,2025-06-03,,"【文字行提取·需人工确认】来自 ziliao/嵊州海田/22 IAM   T20 106HC金色字  宋/2025-06-03. T15,T20报价.doc（报价日 2025-06-03）：T20: 162"
嵊州海田,T20+管子+连接器,218.00,CNY,2025-06-03,,"【文字行提取·需人工确认】来自 ziliao/嵊州海田/22 IAM   T20 106HC金色字  宋/2025-06-03. T15,T20报价.doc（报价日 2025-06-03）：T20+管子+连接器: 218"
