顶层客户文件夹,二级条目,类型,文件数,体积MB,用途
安宝公司,1-101常规250409,二级子文件夹,2,0.1,订单批次/项目标签候选（**不是客户**，不导入客户表）
安宝公司,"106D7,102HC发商丘",二级子文件夹,23,11.9,订单批次/项目标签候选（**不是客户**，不导入客户表）
安宝公司,106HC 3孔,二级子文件夹,2,3.1,订单批次/项目标签候选（**不是客户**，不导入客户表）
安宝公司,12槽PNME俄罗斯嘴,二级子文件夹,19,13.2,订单批次/项目标签候选（**不是客户**，不导入客户表）
安宝公司,81021 ARS88,二级子文件夹,13,21.4,订单批次/项目标签候选（**不是客户**，不导入客户表）
安宝公司,A. SH  AIR - OXY 里卡多,二级子文件夹,75,112.6,订单批次/项目标签候选（**不是客户**，不导入客户表）
安宝公司,"AB24145 102HC,106HC",二级子文件夹,48,70.1,订单批次/项目标签候选（**不是客户**，不导入客户表）
安宝公司,"AIBO weld 1503,PNME",二级子文件夹,4,1.2,订单批次/项目标签候选（**不是客户**，不导入客户表）
安宝公司,AMP06   VICTOR  GPN,二级子文件夹,2,0.4,订单批次/项目标签候选（**不是客户**，不导入客户表）
安宝公司,AR88  GPN,二级子文件夹,4,0.5,订单批次/项目标签候选（**不是客户**，不导入客户表）
安宝公司,Ansorg,二级子文件夹,10,19.0,订单批次/项目标签候选（**不是客户**，不导入客户表）
安宝公司,"B.S.A. 6290NX,6290,1-101,GPN",二级子文件夹,9,1.7,订单批次/项目标签候选（**不是客户**，不导入客户表）
安宝公司,EAGLEE CAJA 巴拉圭1503,二级子文件夹,8,8.2,订单批次/项目标签候选（**不是客户**，不导入客户表）
安宝公司,F&G 订单,二级子文件夹,3,0.5,订单批次/项目标签候选（**不是客户**，不导入客户表）
安宝公司,G1-P,二级子文件夹,35,33.6,订单批次/项目标签候选（**不是客户**，不导入客户表）
安宝公司,"HARRIS 6290-2AC, 41 原装",二级子文件夹,31,23.2,订单批次/项目标签候选（**不是客户**，不导入客户表）
安宝公司,HQF 41 6290NX,二级子文件夹,59,186.4,订单批次/项目标签候选（**不是客户**，不导入客户表）
安宝公司,INFAR不干胶,二级子文件夹,119,181.1,订单批次/项目标签候选（**不是客户**，不导入客户表）
安宝公司,JAI ANME,二级子文件夹,2,12.3,订单批次/项目标签候选（**不是客户**，不导入客户表）
安宝公司,"KARLEN  SC50,GPN",二级子文件夹,2,1.1,订单批次/项目标签候选（**不是客户**，不导入客户表）
安宝公司,KASTOR  PNME,二级子文件夹,2,0.2,订单批次/项目标签候选（**不是客户**，不导入客户表）
安宝公司,KLK  1-101. GPN,二级子文件夹,15,14.6,订单批次/项目标签候选（**不是客户**，不导入客户表）
安宝公司,M Haseeb  A.SH  106hc直通  80克,二级子文件夹,9,11.0,订单批次/项目标签候选（**不是客户**，不导入客户表）
安宝公司,"MAXES 仿NX,106HC,GPN",二级子文件夹,24,21.4,订单批次/项目标签候选（**不是客户**，不导入客户表）
安宝公司,MESSER,二级子文件夹,78,94.5,订单批次/项目标签候选（**不是客户**，不导入客户表）
安宝公司,MOUNT WELD  1-101  ANME,二级子文件夹,4,1.6,订单批次/项目标签候选（**不是客户**，不导入客户表）
安宝公司,NICHIYO  ANME,二级子文件夹,10,10.9,订单批次/项目标签候选（**不是客户**，不导入客户表）
安宝公司,NJ 6290NX,二级子文件夹,7,6.5,订单批次/项目标签候选（**不是客户**，不导入客户表）
安宝公司,PLAZWELD 6290AC,二级子文件夹,3,0.5,订单批次/项目标签候选（**不是客户**，不导入客户表）
安宝公司,SAAD VICTOR 1-101 USA,二级子文件夹,4,1.6,订单批次/项目标签候选（**不是客户**，不导入客户表）
安宝公司,"Technical Welding 1502,1503",二级子文件夹,22,11.1,订单批次/项目标签候选（**不是客户**，不导入客户表）
安宝公司,VICTOR+BAYO,二级子文件夹,25,19.6,订单批次/项目标签候选（**不是客户**，不导入客户表）
安宝公司,"VICTOR-GPN, 1-101,6290AC",二级子文件夹,14,11.1,订单批次/项目标签候选（**不是客户**，不导入客户表）
安宝公司,WT 6290NX,二级子文件夹,31,43.9,订单批次/项目标签候选（**不是客户**，不导入客户表）
安宝公司,Weldsolutions不干胶,二级子文件夹,79,93.5,订单批次/项目标签候选（**不是客户**，不导入客户表）
安宝公司,安宝报价,二级子文件夹,4,0.5,订单批次/项目标签候选（**不是客户**，不导入客户表）
安宝公司,"常规 1-101, 3-101",二级子文件夹,3,11.2,订单批次/项目标签候选（**不是客户**，不导入客户表）
安宝公司,"常规1-101,GPN 6290NX,G1-P,NFF",二级子文件夹,10,2.7,订单批次/项目标签候选（**不是客户**，不导入客户表）
安宝公司,旧订单资料,二级子文件夹,887,586.3,订单批次/项目标签候选（**不是客户**，不导入客户表）
安宝公司,有焊嘴订单,二级子文件夹,30,25.0,订单批次/项目标签候选（**不是客户**，不导入客户表）
安宝公司,美国FRONNY,二级子文件夹,181,280.5,订单批次/项目标签候选（**不是客户**，不导入客户表）
尤耐克,1-101泡壳小应,二级子文件夹,22,79.8,订单批次/项目标签候选（**不是客户**，不导入客户表）
尤耐克,"275 叶, 倪 363",二级子文件夹,83,151.1,订单批次/项目标签候选（**不是客户**，不导入客户表）
尤耐克,"41,6290AC原装",二级子文件夹,14,14.2,订单批次/项目标签候选（**不是客户**，不导入客户表）
尤耐克,"BARBOSA 1502,1503,NFF",二级子文件夹,39,42.0,订单批次/项目标签候选（**不是客户**，不导入客户表）
尤耐克,BAW G1-P,二级子文件夹,3,5.4,订单批次/项目标签候选（**不是客户**，不导入客户表）
尤耐克,CROSSWELD文件,二级子文件夹,40,18.2,订单批次/项目标签候选（**不是客户**，不导入客户表）
尤耐克,CUTTWELD GPN 倪,二级子文件夹,25,29.7,订单批次/项目标签候选（**不是客户**，不导入客户表）
尤耐克,DAIDEN 叶,二级子文件夹,75,106.1,订单批次/项目标签候选（**不是客户**，不导入客户表）
尤耐克,"DipSoLda 1502,1503",二级子文件夹,32,127.2,订单批次/项目标签候选（**不是客户**，不导入客户表）
尤耐克,ECOSOLDE-1502 应,二级子文件夹,10,14.3,订单批次/项目标签候选（**不是客户**，不导入客户表）
尤耐克,EQUIPGAS,二级子文件夹,10,7.3,订单批次/项目标签候选（**不是客户**，不导入客户表）
尤耐克,FERROLAN G1-P,二级子文件夹,3,0.1,订单批次/项目标签候选（**不是客户**，不导入客户表）
尤耐克,"FERROLAN1502,1503",二级子文件夹,40,36.0,订单批次/项目标签候选（**不是客户**，不导入客户表）
尤耐克,"FUJIMA,HOYOMA-NX",二级子文件夹,29,215.6,订单批次/项目标签候选（**不是客户**，不导入客户表）
尤耐克,GRANSOLDA(1502.1503),二级子文件夹,14,8.5,订单批次/项目标签候选（**不是客户**，不导入客户表）
尤耐克,H HOUSE 6290NX,二级子文件夹,24,16.8,订单批次/项目标签候选（**不是客户**，不导入客户表）
尤耐克,"IMECA, 1-101,GPN,小叶",二级子文件夹,8,14.4,订单批次/项目标签候选（**不是客户**，不导入客户表）
尤耐克,IRON S.R.L 双三角,二级子文件夹,59,69.7,订单批次/项目标签候选（**不是客户**，不导入客户表）
尤耐克,"JOSTEIN WELDING SC12,SC50 应",二级子文件夹,36,31.8,订单批次/项目标签候选（**不是客户**，不导入客户表）
尤耐克,JOVAL订单,二级子文件夹,27,22.1,订单批次/项目标签候选（**不是客户**，不导入客户表）
尤耐克,KLIQ NX 不干胶,二级子文件夹,11,6.4,订单批次/项目标签候选（**不是客户**，不导入客户表）
尤耐克,MTL,二级子文件夹,35,14.4,订单批次/项目标签候选（**不是客户**，不导入客户表）
尤耐克,OKILA改不干胶,二级子文件夹,78,143.8,订单批次/项目标签候选（**不是客户**，不导入客户表）
尤耐克,POWERHOUSE 6290,二级子文件夹,8,6.0,订单批次/项目标签候选（**不是客户**，不导入客户表）
尤耐克,ROTHWELD,二级子文件夹,7,11.1,订单批次/项目标签候选（**不是客户**，不导入客户表）
尤耐克,"SCH 6290,NX 小周",二级子文件夹,3,5.4,订单批次/项目标签候选（**不是客户**，不导入客户表）
尤耐克,SUA,二级子文件夹,81,78.7,订单批次/项目标签候选（**不是客户**，不导入客户表）
尤耐克,"TACCTO METAWELD 1-101, GPN",二级子文件夹,48,42.7,订单批次/项目标签候选（**不是客户**，不导入客户表）
尤耐克,WESTON-3,二级子文件夹,169,148.4,订单批次/项目标签候选（**不是客户**，不导入客户表）
尤耐克,WOLFRAM 6290,二级子文件夹,4,5.4,订单批次/项目标签候选（**不是客户**，不导入客户表）
尤耐克,techweld1-101,二级子文件夹,25,3.2,订单批次/项目标签候选（**不是客户**，不导入客户表）
尤耐克,weldon,二级子文件夹,41,52.7,订单批次/项目标签候选（**不是客户**，不导入客户表）
尤耐克,优耐克HAN TIN,二级子文件夹,7,15.1,订单批次/项目标签候选（**不是客户**，不导入客户表）
尤耐克,对帐卑,二级子文件夹,4,0.1,订单批次/项目标签候选（**不是客户**，不导入客户表）
尤耐克,小叶订单,二级子文件夹,2,5.4,订单批次/项目标签候选（**不是客户**，不导入客户表）
尤耐克,"带五角星, UWELD",二级子文件夹,36,32.0,订单批次/项目标签候选（**不是客户**，不导入客户表）
尤耐克,常规 1-101 小慧,二级子文件夹,5,8.4,订单批次/项目标签候选（**不是客户**，不导入客户表）
尤耐克,常规 1503,二级子文件夹,6,6.6,订单批次/项目标签候选（**不是客户**，不导入客户表）
尤耐克,常规 3-101 姚,二级子文件夹,2,5.4,订单批次/项目标签候选（**不是客户**，不导入客户表）
尤耐克,常规1503 庆,二级子文件夹,4,5.4,订单批次/项目标签候选（**不是客户**，不导入客户表）
尤耐克,新俄罗斯,二级子文件夹,82,44.8,订单批次/项目标签候选（**不是客户**，不导入客户表）
尤耐克,旧订单,二级子文件夹,145,142.0,订单批次/项目标签候选（**不是客户**，不导入客户表）
尤耐克,枫叶订单,二级子文件夹,12,4.6,订单批次/项目标签候选（**不是客户**，不导入客户表）
尤耐克,送货单,二级子文件夹,4,0.1,订单批次/项目标签候选（**不是客户**，不导入客户表）
尤耐克,阿庆6290NX,二级子文件夹,2,5.4,订单批次/项目标签候选（**不是客户**，不导入客户表）
嵊州海田,183-6,二级子文件夹,4,0.3,订单批次/项目标签候选（**不是客户**，不导入客户表）
嵊州海田,"21IIF03  VICTOR 1-101, GPN,0-7-W,MFA,MFN 宋",二级子文件夹,37,17.1,订单批次/项目标签候选（**不是客户**，不导入客户表）
嵊州海田,22 IAM   T20 106HC金色字  宋,二级子文件夹,45,65.9,订单批次/项目标签候选（**不是客户**，不导入客户表）
嵊州海田,229,二级子文件夹,11,1.8,订单批次/项目标签候选（**不是客户**，不导入客户表）
嵊州海田,23PGA01,二级子文件夹,1,0.0,订单批次/项目标签候选（**不是客户**，不导入客户表）
嵊州海田,AIR IMETAN Ricardo,二级子文件夹,48,76.6,订单批次/项目标签候选（**不是客户**，不导入客户表）
嵊州海田,AMZ  1-101 JZWELD牌子,二级子文件夹,59,47.3,订单批次/项目标签候选（**不是客户**，不导入客户表）
嵊州海田,AMZ 1-101 宋 海外电商,二级子文件夹,5,0.1,订单批次/项目标签候选（**不是客户**，不导入客户表）
嵊州海田,BKV G1-A,二级子文件夹,3,0.6,订单批次/项目标签候选（**不是客户**，不导入客户表）
嵊州海田,BOM GPN,二级子文件夹,5,1.1,订单批次/项目标签候选（**不是客户**，不导入客户表）
嵊州海田,BSC VICTOR GPN 宋,二级子文件夹,3,0.3,订单批次/项目标签候选（**不是客户**，不导入客户表）
嵊州海田,CAD  蓝盖GPN,二级子文件夹,3,0.3,订单批次/项目标签候选（**不是客户**，不导入客户表）
嵊州海田,"CAS GPN T15,T20套装 刑",二级子文件夹,7,0.8,订单批次/项目标签候选（**不是客户**，不导入客户表）
嵊州海田,CCN 1-101  102HC 不印产地,二级子文件夹,20,10.4,订单批次/项目标签候选（**不是客户**，不导入客户表）
嵊州海田,"CCR HARRIS-2AC, 焊杆",二级子文件夹,9,1.7,订单批次/项目标签候选（**不是客户**，不导入客户表）
嵊州海田,"CDF W,MFA",二级子文件夹,2,0.5,订单批次/项目标签候选（**不是客户**，不导入客户表）
嵊州海田,CDX 6290NX GPN 邢,二级子文件夹,5,1.1,订单批次/项目标签候选（**不是客户**，不导入客户表）
嵊州海田,"CDX GPN-10直通, HARRIS 6290NX, 229-5H 邢",二级子文件夹,9,4.1,订单批次/项目标签候选（**不是客户**，不导入客户表）
嵊州海田,CDY 41 邢,二级子文件夹,7,0.5,订单批次/项目标签候选（**不是客户**，不导入客户表）
嵊州海田,"CEY ,CSD, 圆壳G1-A",二级子文件夹,45,25.3,订单批次/项目标签候选（**不是客户**，不导入客户表）
嵊州海田,CFC G1-P 刑,二级子文件夹,2,0.0,订单批次/项目标签候选（**不是客户**，不导入客户表）
嵊州海田,CFK 1-101 MADE IN MEXICO,二级子文件夹,3,1.2,订单批次/项目标签候选（**不是客户**，不导入客户表）
嵊州海田,"CFT1-101,GPN   MADE MEXICO 邢",二级子文件夹,33,14.4,订单批次/项目标签候选（**不是客户**，不导入客户表）
嵊州海田,CGT  GPN直通,二级子文件夹,7,8.2,订单批次/项目标签候选（**不是客户**，不导入客户表）
嵊州海田,CHH  1-101 常规,二级子文件夹,3,0.4,订单批次/项目标签候选（**不是客户**，不导入客户表）
嵊州海田,"CJE, CJS, GPN, 1-101,新警告标志 邢",二级子文件夹,31,6.9,订单批次/项目标签候选（**不是客户**，不导入客户表）
嵊州海田,CJH 订单,二级子文件夹,2,0.3,订单批次/项目标签候选（**不是客户**，不导入客户表）
嵊州海田,CJN 1-101 MADE IN MEXICO,二级子文件夹,2,0.6,订单批次/项目标签候选（**不是客户**，不导入客户表）
嵊州海田,CJU GPN MADE IN USA,二级子文件夹,3,0.3,订单批次/项目标签候选（**不是客户**，不导入客户表）
嵊州海田,"CJY 1-101, GPN",二级子文件夹,28,3.8,订单批次/项目标签候选（**不是客户**，不导入客户表）
嵊州海田,CKL G1-A 1-101,二级子文件夹,6,2.1,订单批次/项目标签候选（**不是客户**，不导入客户表）
嵊州海田,"CKP, CHL, MEXICO 1-101",二级子文件夹,22,16.3,订单批次/项目标签候选（**不是客户**，不导入客户表）
嵊州海田,CKT 1-101,二级子文件夹,8,0.5,订单批次/项目标签候选（**不是客户**，不导入客户表）
嵊州海田,CLG 6290NX,二级子文件夹,4,0.4,订单批次/项目标签候选（**不是客户**，不导入客户表）
嵊州海田,CLR 1-101,二级子文件夹,4,0.5,订单批次/项目标签候选（**不是客户**，不导入客户表）
嵊州海田,CMK 1-101 MADE IN USA,二级子文件夹,6,0.9,订单批次/项目标签候选（**不是客户**，不导入客户表）
嵊州海田,CMR  CMY  1-101 GPN W MFA,二级子文件夹,21,4.3,订单批次/项目标签候选（**不是客户**，不导入客户表）
嵊州海田,COV GPN,二级子文件夹,13,3.6,订单批次/项目标签候选（**不是客户**，不导入客户表）
嵊州海田,"CPT  GPN全紫铜 , 2290-3H",二级子文件夹,42,21.4,订单批次/项目标签候选（**不是客户**，不导入客户表）
嵊州海田,CQG 不印MADE IN  1-101,二级子文件夹,3,0.9,订单批次/项目标签候选（**不是客户**，不导入客户表）
嵊州海田,CQY 1-101.GPN MADE IN USA,二级子文件夹,4,0.6,订单批次/项目标签候选（**不是客户**，不导入客户表）
嵊州海田,CSH 106HC,二级子文件夹,10,0.4,订单批次/项目标签候选（**不是客户**，不导入客户表）
嵊州海田,"CSJ 1-101,GPN 邢",二级子文件夹,6,2.4,订单批次/项目标签候选（**不是客户**，不导入客户表）
嵊州海田,CSL GPN Mexico,二级子文件夹,3,2.0,订单批次/项目标签候选（**不是客户**，不导入客户表）
嵊州海田,CSN HPN 1-101 MADE IN MEXICO,二级子文件夹,10,15.1,订单批次/项目标签候选（**不是客户**，不导入客户表）
嵊州海田,CTG NX 邢,二级子文件夹,4,0.5,订单批次/项目标签候选（**不是客户**，不导入客户表）
嵊州海田,"CTJ, NBT,  VICTOR  1-101",二级子文件夹,15,6.5,订单批次/项目标签候选（**不是客户**，不导入客户表）
嵊州海田,CUTWELD,二级子文件夹,4,0.4,订单批次/项目标签候选（**不是客户**，不导入客户表）
嵊州海田,CWD HARRIS 6290AC 邢,二级子文件夹,21,3.9,订单批次/项目标签候选（**不是客户**，不导入客户表）
嵊州海田,"CWX 1-101,2-W SC12,MC12,HARRIS NX,AC",二级子文件夹,38,23.7,订单批次/项目标签候选（**不是客户**，不导入客户表）
嵊州海田,CYC 1-1-101 2-W,二级子文件夹,2,0.2,订单批次/项目标签候选（**不是客户**，不导入客户表）
嵊州海田,CYJ ANME  1-101 MADE IN MEXICO,二级子文件夹,17,17.0,订单批次/项目标签候选（**不是客户**，不导入客户表）
嵊州海田,CZA 常规 6290NX,二级子文件夹,2,0.0,订单批次/项目标签候选（**不是客户**，不导入客户表）
嵊州海田,CZQ 1-101 MADE IN MEXICO,二级子文件夹,3,1.1,订单批次/项目标签候选（**不是客户**，不导入客户表）
嵊州海田,CZR 80V焊管 邢,二级子文件夹,5,6.1,订单批次/项目标签候选（**不是客户**，不导入客户表）
嵊州海田,CZS 1-101 MEXICO,二级子文件夹,3,0.6,订单批次/项目标签候选（**不是客户**，不导入客户表）
嵊州海田,CZY 1-101 刑,二级子文件夹,3,0.4,订单批次/项目标签候选（**不是客户**，不导入客户表）
嵊州海田,DBT VICTOR 1-101,二级子文件夹,2,0.1,订单批次/项目标签候选（**不是客户**，不导入客户表）
嵊州海田,DMM VICTOR 1-101 MEXICO,二级子文件夹,14,1.6,订单批次/项目标签候选（**不是客户**，不导入客户表）
嵊州海田,"EBD 1-101,T20, GPN MADE IN USA",二级子文件夹,10,3.3,订单批次/项目标签候选（**不是客户**，不导入客户表）
嵊州海田,ECG C.E.O.A GPN  AGA NX 1-W,二级子文件夹,13,2.6,订单批次/项目标签候选（**不是客户**，不导入客户表）
嵊州海田,ECG 订单,二级子文件夹,29,9.9,订单批次/项目标签候选（**不是客户**，不导入客户表）
嵊州海田,EIC 订单,二级子文件夹,7,0.9,订单批次/项目标签候选（**不是客户**，不导入客户表）
嵊州海田,EJA GPN,二级子文件夹,2,0.3,订单批次/项目标签候选（**不是客户**，不导入客户表）
嵊州海田,EJC02  订单要求(1),二级子文件夹,29,11.2,订单批次/项目标签候选（**不是客户**，不导入客户表）
嵊州海田,"ELB 1-101,GPN MADE IN USA",二级子文件夹,7,1.2,订单批次/项目标签候选（**不是客户**，不导入客户表）
嵊州海田,"ERZ 1-101,GPN NX",二级子文件夹,13,2.4,订单批次/项目标签候选（**不是客户**，不导入客户表）
嵊州海田,FMJ GPN 张,二级子文件夹,2,0.3,订单批次/项目标签候选（**不是客户**，不导入客户表）
嵊州海田,GDM GPN 宋,二级子文件夹,9,1.3,订单批次/项目标签候选（**不是客户**，不导入客户表）
嵊州海田,"GEG GLOOR ANME PNME G1-A, G1-P",二级子文件夹,46,17.8,订单批次/项目标签候选（**不是客户**，不导入客户表）
嵊州海田,"HOVU-HCM-VN,      A.C.L",二级子文件夹,53,33.3,订单批次/项目标签候选（**不是客户**，不导入客户表）
嵊州海田,"IAS T15,T20,106HC 加热嘴 宋",二级子文件夹,88,116.8,订单批次/项目标签候选（**不是客户**，不导入客户表）
嵊州海田,IBL 1-101,二级子文件夹,3,0.1,订单批次/项目标签候选（**不是客户**，不导入客户表）
嵊州海田,ICW VICTOR 1-101 宋,二级子文件夹,3,0.3,订单批次/项目标签候选（**不是客户**，不导入客户表）
嵊州海田,"ISD 1-101, GPN",二级子文件夹,9,1.0,订单批次/项目标签候选（**不是客户**，不导入客户表）
嵊州海田,"ISD 1-101,GPN 邢",二级子文件夹,5,0.9,订单批次/项目标签候选（**不是客户**，不导入客户表）
嵊州海田,KGG 1-101,二级子文件夹,6,0.8,订单批次/项目标签候选（**不是客户**，不导入客户表）
嵊州海田,"KMS 1-101,GPN W, W-1, MFA",二级子文件夹,36,39.4,订单批次/项目标签候选（**不是客户**，不导入客户表）
嵊州海田,LBB 1-101 VICTOR MADE IN USA,二级子文件夹,3,0.5,订单批次/项目标签候选（**不是客户**，不导入客户表）
嵊州海田,MADE IN CHHINA 106HC GPN 1-101,二级子文件夹,16,4.7,订单批次/项目标签候选（**不是客户**，不导入客户表）
嵊州海田,"MZF,MKY, CHD 滑盖塑壳 WeldRo-I产品 邢",二级子文件夹,36,9.5,订单批次/项目标签候选（**不是客户**，不导入客户表）
嵊州海田,"NNC, NOK VICTOR 1-101",二级子文件夹,5,0.4,订单批次/项目标签候选（**不是客户**，不导入客户表）
嵊州海田,NND 1-101 MADE IN USA,二级子文件夹,4,0.3,订单批次/项目标签候选（**不是客户**，不导入客户表）
嵊州海田,NNE 1-101 MADE IN USA,二级子文件夹,3,0.3,订单批次/项目标签候选（**不是客户**，不导入客户表）
嵊州海田,"NNP 1-101,GPN 宋",二级子文件夹,3,0.3,订单批次/项目标签候选（**不是客户**，不导入客户表）
嵊州海田,"NNR, NBT 1-101",二级子文件夹,14,1.2,订单批次/项目标签候选（**不是客户**，不导入客户表）
嵊州海田,NOA G1-A SAF彩盒,二级子文件夹,5,2.6,订单批次/项目标签候选（**不是客户**，不导入客户表）
嵊州海田,NPP 1-101  MADE IN USA,二级子文件夹,3,0.5,订单批次/项目标签候选（**不是客户**，不导入客户表）
嵊州海田,"NVA 1-101,GPN 6290",二级子文件夹,11,2.7,订单批次/项目标签候选（**不是客户**，不导入客户表）
嵊州海田,"OMAR-50,,VICTOR",二级子文件夹,2,0.5,订单批次/项目标签候选（**不是客户**，不导入客户表）
嵊州海田,"PAV, HARRIS原装,PVA,CWD,CCR",二级子文件夹,53,6.1,订单批次/项目标签候选（**不是客户**，不导入客户表）
嵊州海田,PEM GPN-10 宋,二级子文件夹,3,0.7,订单批次/项目标签候选（**不是客户**，不导入客户表）
嵊州海田,"PFG,PGA, PGS GPN 1-101 宋",二级子文件夹,32,8.1,订单批次/项目标签候选（**不是客户**，不导入客户表）
嵊州海田,PNME   MUREX包装,二级子文件夹,20,21.8,订单批次/项目标签候选（**不是客户**，不导入客户表）
嵊州海田,PSA 15-MFN,二级子文件夹,5,0.5,订单批次/项目标签候选（**不是客户**，不导入客户表）
嵊州海田,QSC 宋,二级子文件夹,3,0.3,订单批次/项目标签候选（**不是客户**，不导入客户表）
嵊州海田,QSR 1-101 宋,二级子文件夹,7,2.9,订单批次/项目标签候选（**不是客户**，不导入客户表）
嵊州海田,RAW GPN MADE IN MEXICO,二级子文件夹,2,0.0,订单批次/项目标签候选（**不是客户**，不导入客户表）
嵊州海田,RYD 1503 宋,二级子文件夹,8,1.0,订单批次/项目标签候选（**不是客户**，不导入客户表）
嵊州海田,SAF和SFA VICTOR 1-101订单,二级子文件夹,28,4.9,订单批次/项目标签候选（**不是客户**，不导入客户表）
嵊州海田,SBP 订单,二级子文件夹,3,2.2,订单批次/项目标签候选（**不是客户**，不导入客户表）
嵊州海田,SDH  GPN 2张不干胶,二级子文件夹,3,0.9,订单批次/项目标签候选（**不是客户**，不导入客户表）
嵊州海田,"SNH ,UMA 1-101,GPN 宋",二级子文件夹,25,5.8,订单批次/项目标签候选（**不是客户**，不导入客户表）
嵊州海田,TCN GPN MADE IN USA T20加热嘴,二级子文件夹,7,2.9,订单批次/项目标签候选（**不是客户**，不导入客户表）
嵊州海田,TDG VICTOR 1-101 GPN,二级子文件夹,3,0.3,订单批次/项目标签候选（**不是客户**，不导入客户表）
嵊州海田,TFS GPN MADE IN USA,二级子文件夹,4,0.6,订单批次/项目标签候选（**不是客户**，不导入客户表）
嵊州海田,"TSR HARRIS 6290NX,T20加热嘴",二级子文件夹,27,25.9,订单批次/项目标签候选（**不是客户**，不导入客户表）
嵊州海田,UBD GPN  MADE IN USA,二级子文件夹,2,0.3,订单批次/项目标签候选（**不是客户**，不导入客户表）
嵊州海田,UDE 1-101 MADE IN MEXICO,二级子文件夹,11,3.0,订单批次/项目标签候选（**不是客户**，不导入客户表）
嵊州海田,UJR 6290 8-MFA,二级子文件夹,6,4.6,订单批次/项目标签候选（**不是客户**，不导入客户表）
嵊州海田,UMA 宋 GPN PNME,二级子文件夹,18,4.7,订单批次/项目标签候选（**不是客户**，不导入客户表）
嵊州海田,UNT GPN MADE IN USA,二级子文件夹,3,0.4,订单批次/项目标签候选（**不是客户**，不导入客户表）
嵊州海田,YCV GPN MADE IN USA,二级子文件夹,6,1.2,订单批次/项目标签候选（**不是客户**，不导入客户表）
嵊州海田,"YDS 1-101,GPN MADE IN USA",二级子文件夹,6,0.8,订单批次/项目标签候选（**不是客户**，不导入客户表）
嵊州海田,"YKK 1-101,GPN",二级子文件夹,4,0.7,订单批次/项目标签候选（**不是客户**，不导入客户表）
嵊州海田,YMA  MFA W,二级子文件夹,4,0.7,订单批次/项目标签候选（**不是客户**，不导入客户表）
嵊州海田,YMM GPN 宋,二级子文件夹,6,1.0,订单批次/项目标签候选（**不是客户**，不导入客户表）
嵊州海田,w 报价,二级子文件夹,3,3.1,订单批次/项目标签候选（**不是客户**，不导入客户表）
嵊州海田,"伊朗106HC,GPN贴不干胶",二级子文件夹,6,1.6,订单批次/项目标签候选（**不是客户**，不导入客户表）
嵊州海田,"张蛟嘴,包装",二级子文件夹,32,6.7,订单批次/项目标签候选（**不是客户**，不导入客户表）
嵊州海田,旧订单,二级子文件夹,94,97.8,订单批次/项目标签候选（**不是客户**，不导入客户表）
嵊州海田,江南采购单,二级子文件夹,8,1.0,订单批次/项目标签候选（**不是客户**，不导入客户表）
正恒公司,004字订单 项高健,二级子文件夹,31,36.2,订单批次/项目标签候选（**不是客户**，不导入客户表）
正恒公司,032字的106D7 袁毫东,二级子文件夹,18,29.0,订单批次/项目标签候选（**不是客户**，不导入客户表）
正恒公司,114字订单小朱,二级子文件夹,30,58.8,订单批次/项目标签候选（**不是客户**，不导入客户表）
正恒公司,209 字 SMF 1502 顾,二级子文件夹,17,23.1,订单批次/项目标签候选（**不是客户**，不导入客户表）
正恒公司,279 V ERSAL  小毛,二级子文件夹,45,111.2,订单批次/项目标签候选（**不是客户**，不导入客户表）
正恒公司,319字 6290 项高健,二级子文件夹,5,1.5,订单批次/项目标签候选（**不是客户**，不导入客户表）
正恒公司,407字 项高健,二级子文件夹,47,122.8,订单批次/项目标签候选（**不是客户**，不导入客户表）
正恒公司,409 ANME 顾,二级子文件夹,2,1.5,订单批次/项目标签候选（**不是客户**，不导入客户表）
正恒公司,439字 1-101  朱,二级子文件夹,2,0.4,订单批次/项目标签候选（**不是客户**，不导入客户表）
正恒公司,"439字,地球唛头, 小朱",二级子文件夹,7,1.1,订单批次/项目标签候选（**不是客户**，不导入客户表）
正恒公司,498字 袁豪东  Isonic,二级子文件夹,24,38.3,订单批次/项目标签候选（**不是客户**，不导入客户表）
正恒公司,584字 朱,二级子文件夹,64,107.9,订单批次/项目标签候选（**不是客户**，不导入客户表）
正恒公司,612 6290 袁豪东,二级子文件夹,3,0.7,订单批次/项目标签候选（**不是客户**，不导入客户表）
正恒公司,"665字,有106D7,项高健",二级子文件夹,2,0.6,订单批次/项目标签候选（**不是客户**，不导入客户表）
正恒公司,692字 张裕宁,二级子文件夹,18,27.6,订单批次/项目标签候选（**不是客户**，不导入客户表）
正恒公司,697字 顾,二级子文件夹,11,22.8,订单批次/项目标签候选（**不是客户**，不导入客户表）
正恒公司,704   1502  95克  毛,二级子文件夹,7,2.9,订单批次/项目标签候选（**不是客户**，不导入客户表）
正恒公司,732字 朱,二级子文件夹,2,0.4,订单批次/项目标签候选（**不是客户**，不导入客户表）
正恒公司,746字 袁豪东,二级子文件夹,2,0.7,订单批次/项目标签候选（**不是客户**，不导入客户表）
正恒公司,760 6290 张裕宁,二级子文件夹,4,6.1,订单批次/项目标签候选（**不是客户**，不导入客户表）
正恒公司,"763 6290,NX 朱",二级子文件夹,3,0.4,订单批次/项目标签候选（**不是客户**，不导入客户表）
正恒公司,791 ANME  顾,二级子文件夹,32,31.0,订单批次/项目标签候选（**不是客户**，不导入客户表）
正恒公司,796 NX 6290 项高健,二级子文件夹,9,9.0,订单批次/项目标签候选（**不是客户**，不导入客户表）
正恒公司,BlacKset墨西哥订单有88,二级子文件夹,54,84.4,订单批次/项目标签候选（**不是客户**，不导入客户表）
正恒公司,"GCL , 顾",二级子文件夹,19,42.3,订单批次/项目标签候选（**不是客户**，不导入客户表）
正恒公司,GC字 张裕宁,二级子文件夹,22,41.8,订单批次/项目标签候选（**不是客户**，不导入客户表）
正恒公司,KRS-GSM MANILA,二级子文件夹,11,1.6,订单批次/项目标签候选（**不是客户**，不导入客户表）
正恒公司,LJ2A130623-78割嘴制版,二级子文件夹,18,14.0,订单批次/项目标签候选（**不是客户**，不导入客户表）
正恒公司,P D E,二级子文件夹,2,4.2,订单批次/项目标签候选（**不是客户**，不导入客户表）
正恒公司,VST0815小朱,二级子文件夹,83,145.4,订单批次/项目标签候选（**不是客户**，不导入客户表）
正恒公司,enzo-sf PA字 毛,二级子文件夹,52,93.6,订单批次/项目标签候选（**不是客户**，不导入客户表）
正恒公司,原装彩盒G1-P,二级子文件夹,8,17.7,订单批次/项目标签候选（**不是客户**，不导入客户表）
正恒公司,"正恒G1-A,G1-P不干胶",二级子文件夹,8,1.0,订单批次/项目标签候选（**不是客户**，不导入客户表）
正恒公司,正恒LJ2A130623,二级子文件夹,8,17.0,订单批次/项目标签候选（**不是客户**，不导入客户表）
正恒公司,正恒MUREX,二级子文件夹,10,8.2,订单批次/项目标签候选（**不是客户**，不导入客户表）
正恒公司,正恒委瑞内拉,二级子文件夹,8,1.2,订单批次/项目标签候选（**不是客户**，不导入客户表）
正恒公司,"毛军方6290NX, 6290, 106D7",二级子文件夹,4,13.3,订单批次/项目标签候选（**不是客户**，不导入客户表）
正恒公司,白盒有字G1-P,二级子文件夹,19,21.0,订单批次/项目标签候选（**不是客户**，不导入客户表）
安宝公司,09DB8AA56F54018AE0AD88D2D9BDD988.jpg,客户目录直属文件,1,2.4,订单批次/项目标签候选（**不是客户**，不导入客户表）
安宝公司,1(70J9TT](TXGW()ACWJ4`E.png,客户目录直属文件,1,0.0,订单批次/项目标签候选（**不是客户**，不导入客户表）
安宝公司,106D7采购单.doc,客户目录直属文件,1,0.0,订单批次/项目标签候选（**不是客户**，不导入客户表）
安宝公司,19645割嘴不干胶(1).pdf,客户目录直属文件,1,0.6,订单批次/项目标签候选（**不是客户**，不导入客户表）
安宝公司,4K0$~OX0]`XXQ6@`5(LEO3S.jpg,客户目录直属文件,1,0.1,订单批次/项目标签候选（**不是客户**，不导入客户表）
安宝公司,5YTUD3H_C%5EGNB$I{JE`[U.JPG,客户目录直属文件,1,0.1,订单批次/项目标签候选（**不是客户**，不导入客户表）
安宝公司,AIBO唛头.doc,客户目录直属文件,1,1.2,订单批次/项目标签候选（**不是客户**，不导入客户表）
安宝公司,MUREX不干胶PNME生产计划单.doc,客户目录直属文件,1,0.2,订单批次/项目标签候选（**不是客户**，不导入客户表）
安宝公司,OHHNUU4X]UT6)J$A)A@@(VJ.jpg,客户目录直属文件,1,0.0,订单批次/项目标签候选（**不是客户**，不导入客户表）
安宝公司,PNME核算.tif,客户目录直属文件,1,3.8,订单批次/项目标签候选（**不是客户**，不导入客户表）
安宝公司,YZ260213001X-1.doc,客户目录直属文件,1,0.0,订单批次/项目标签候选（**不是客户**，不导入客户表）
安宝公司,YZ260213001X-2.doc,客户目录直属文件,1,0.0,订单批次/项目标签候选（**不是客户**，不导入客户表）
安宝公司,`U@DWV2(7}X@%_XYSQF1NZ2.png,客户目录直属文件,1,0.0,订单批次/项目标签候选（**不是客户**，不导入客户表）
安宝公司,东海仪表送货单.doc,客户目录直属文件,1,0.0,订单批次/项目标签候选（**不是客户**，不导入客户表）
安宝公司,丰宏联系人.jpg,客户目录直属文件,1,0.2,订单批次/项目标签候选（**不是客户**，不导入客户表）
安宝公司,刘辉平常规订单生产计划单.doc,客户目录直属文件,1,0.0,订单批次/项目标签候选（**不是客户**，不导入客户表）
安宝公司,安宝地址.doc,客户目录直属文件,1,0.0,订单批次/项目标签候选（**不是客户**，不导入客户表）
安宝公司,开票资料.doc,客户目录直属文件,1,0.0,订单批次/项目标签候选（**不是客户**，不导入客户表）
安宝公司,新 AIBO 唛头.doc,客户目录直属文件,1,1.0,订单批次/项目标签候选（**不是客户**，不导入客户表）
安宝公司,杭州展起刷业地址.doc,客户目录直属文件,1,0.0,订单批次/项目标签候选（**不是客户**，不导入客户表）
安宝公司,沪甬地址.doc,客户目录直属文件,1,0.0,订单批次/项目标签候选（**不是客户**，不导入客户表）
安宝公司,申请书.doc,客户目录直属文件,1,0.0,订单批次/项目标签候选（**不是客户**，不导入客户表）
安宝公司,西店地址.doc,客户目录直属文件,1,0.0,订单批次/项目标签候选（**不是客户**，不导入客户表）
尤耐克,"1-101,PNME周雅妮计划单.doc",客户目录直属文件,1,0.0,订单批次/项目标签候选（**不是客户**，不导入客户表）
尤耐克,"1502,1503正唛.doc",客户目录直属文件,1,0.0,订单批次/项目标签候选（**不是客户**，不导入客户表）
尤耐克,1502-8.pdf,客户目录直属文件,1,0.3,订单批次/项目标签候选（**不是客户**，不导入客户表）
尤耐克,1503-4.pdf,客户目录直属文件,1,0.5,订单批次/项目标签候选（**不是客户**，不导入客户表）
尤耐克,2024-4-22 小叶报价.jpg,客户目录直属文件,1,0.9,订单批次/项目标签候选（**不是客户**，不导入客户表）
尤耐克,A(ACET)生产计划单.doc,客户目录直属文件,1,5.7,订单批次/项目标签候选（**不是客户**，不导入客户表）
尤耐克,AA9787CEA0324BCD189B1D5C12166377.jpg,客户目录直属文件,1,0.1,订单批次/项目标签候选（**不是客户**，不导入客户表）
尤耐克,ANME采购单.doc,客户目录直属文件,1,0.0,订单批次/项目标签候选（**不是客户**，不导入客户表）
尤耐克,BNO滑盖PNME计划单.doc,客户目录直属文件,1,5.4,订单批次/项目标签候选（**不是客户**，不导入客户表）
尤耐克,Barbosa Solda e Corte.doc,客户目录直属文件,1,0.0,订单批次/项目标签候选（**不是客户**，不导入客户表）
尤耐克,Boquilla butano CDMX 割嘴.pdf,客户目录直属文件,1,0.2,订单批次/项目标签候选（**不是客户**，不导入客户表）
尤耐克,Soldamax.doc,客户目录直属文件,1,2.1,订单批次/项目标签候选（**不是客户**，不导入客户表）
尤耐克,VICTOR 1-101生产计划单.doc,客户目录直属文件,1,0.0,订单批次/项目标签候选（**不是客户**，不导入客户表）
尤耐克,WELDFAST VVC生产计划单.doc,客户目录直属文件,1,5.4,订单批次/项目标签候选（**不是客户**，不导入客户表）
尤耐克,`U(U@LSN[TX`S6WCNR@UH5A.png,客户目录直属文件,1,0.1,订单批次/项目标签候选（**不是客户**，不导入客户表）
尤耐克,`U@DWV2(7}X@%_XYSQF1NZ2.png,客户目录直属文件,1,0.0,订单批次/项目标签候选（**不是客户**，不导入客户表）
尤耐克,奉化一洲ANME产品采购单.doc,客户目录直属文件,1,0.0,订单批次/项目标签候选（**不是客户**，不导入客户表）
尤耐克,宁波尤耐克数据报价表.et,客户目录直属文件,1,0.1,订单批次/项目标签候选（**不是客户**，不导入客户表）
尤耐克,小倪4-1报价.jpg,客户目录直属文件,1,0.9,订单批次/项目标签候选（**不是客户**，不导入客户表）
尤耐克,小倪4月1日报价.jpg,客户目录直属文件,1,1.4,订单批次/项目标签候选（**不是客户**，不导入客户表）
尤耐克,尤耐克退货.doc,客户目录直属文件,1,0.0,订单批次/项目标签候选（**不是客户**，不导入客户表）
尤耐克,常规生产计划单.doc,客户目录直属文件,1,5.4,订单批次/项目标签候选（**不是客户**，不导入客户表）
尤耐克,美国生产计划单.doc,客户目录直属文件,1,0.0,订单批次/项目标签候选（**不是客户**，不导入客户表）
尤耐克,"轻1502,1503.jpg",客户目录直属文件,1,0.6,订单批次/项目标签候选（**不是客户**，不导入客户表）
尤耐克,齿轮外箱标贴不干胶.pdf,客户目录直属文件,1,0.7,订单批次/项目标签候选（**不是客户**，不导入客户表）
嵊州海田,100只焊杆 纸箱订购单.doc,客户目录直属文件,1,0.0,订单批次/项目标签候选（**不是客户**，不导入客户表）
嵊州海田,2025-03-18 106HC T20报价.png,客户目录直属文件,1,0.0,订单批次/项目标签候选（**不是客户**，不导入客户表）
嵊州海田,50只MFA 纸箱订购单.doc,客户目录直属文件,1,0.0,订单批次/项目标签候选（**不是客户**，不导入客户表）
嵊州海田,HARRIS VVC 生产计划单.doc,客户目录直属文件,1,0.2,订单批次/项目标签候选（**不是客户**，不导入客户表）
嵊州海田,JZWELD  唛头.doc,客户目录直属文件,1,0.0,订单批次/项目标签候选（**不是客户**，不导入客户表）
嵊州海田,JZWELD MADE IN CHINA唛头.doc,客户目录直属文件,1,0.0,订单批次/项目标签候选（**不是客户**，不导入客户表）
嵊州海田,VICTOR GPN HARRIS NX生产计划单.doc,客户目录直属文件,1,2.3,订单批次/项目标签候选（**不是客户**，不导入客户表）
嵊州海田,VICTOR GPP 生产计划单.doc,客户目录直属文件,1,2.1,订单批次/项目标签候选（**不是客户**，不导入客户表）
嵊州海田,VICTOR1-101生产计划单.doc,客户目录直属文件,1,0.3,订单批次/项目标签候选（**不是客户**，不导入客户表）
嵊州海田,`U@DWV2(7}X@%_XYSQF1NZ2.png,客户目录直属文件,1,0.0,订单批次/项目标签候选（**不是客户**，不导入客户表）
嵊州海田,{AK]O@AZ(E)(`1U)AJ~S65I.jpg,客户目录直属文件,1,0.1,订单批次/项目标签候选（**不是客户**，不导入客户表）
嵊州海田,发货清单.doc,客户目录直属文件,1,0.0,订单批次/项目标签候选（**不是客户**，不导入客户表）
嵊州海田,威盾地址3.doc,客户目录直属文件,1,0.0,订单批次/项目标签候选（**不是客户**，不导入客户表）
嵊州海田,威盾地址小标贴.doc,客户目录直属文件,1,0.0,订单批次/项目标签候选（**不是客户**，不导入客户表）
嵊州海田,威盾导航地址 -2.doc,客户目录直属文件,1,0.0,订单批次/项目标签候选（**不是客户**，不导入客户表）
嵊州海田,威盾导航地址 -小宋.doc,客户目录直属文件,1,0.0,订单批次/项目标签候选（**不是客户**，不导入客户表）
嵊州海田,常规生产计划单.doc,客户目录直属文件,1,0.0,订单批次/项目标签候选（**不是客户**，不导入客户表）
嵊州海田,项德利地址.doc,客户目录直属文件,1,0.0,订单批次/项目标签候选（**不是客户**，不导入客户表）
正恒公司,106D7采购单-2.doc,客户目录直属文件,1,0.0,订单批次/项目标签候选（**不是客户**，不导入客户表）
正恒公司,106D7镀铬采购单.doc,客户目录直属文件,1,0.2,订单批次/项目标签候选（**不是客户**，不导入客户表）
正恒公司,3040G-1.JPG,客户目录直属文件,1,1.0,订单批次/项目标签候选（**不是客户**，不导入客户表）
正恒公司,95LSB4AZ9]FMMGCN[M62M$Y.jpg,客户目录直属文件,1,0.0,订单批次/项目标签候选（**不是客户**，不导入客户表）
正恒公司,ACD131201-78细节 Microsoft Word 文档.doc,客户目录直属文件,1,7.0,订单批次/项目标签候选（**不是客户**，不导入客户表）
正恒公司,G43AFQ]`2W}MJCI{04$05K9.JPG,客户目录直属文件,1,0.0,订单批次/项目标签候选（**不是客户**，不导入客户表）
正恒公司,KUPSOL 唛头.doc,客户目录直属文件,1,0.0,订单批次/项目标签候选（**不是客户**，不导入客户表）
正恒公司,L6480WFJWQKXB87%(C[(~J6.JPG,客户目录直属文件,1,0.0,订单批次/项目标签候选（**不是客户**，不导入客户表）
正恒公司,OKILA  OKILA.doc,客户目录直属文件,1,0.0,订单批次/项目标签候选（**不是客户**，不导入客户表）
正恒公司,QQ图片20200721170916.jpg,客户目录直属文件,1,0.2,订单批次/项目标签候选（**不是客户**，不导入客户表）
正恒公司,SC12生产计划单.doc,客户目录直属文件,1,0.0,订单批次/项目标签候选（**不是客户**，不导入客户表）
正恒公司,V ERSAL 彩唛.doc,客户目录直属文件,1,0.4,订单批次/项目标签候选（**不是客户**，不导入客户表）
正恒公司,X{67H0I7MU9E_47Z]Z}8OYB.JPG,客户目录直属文件,1,0.0,订单批次/项目标签候选（**不是客户**，不导入客户表）
正恒公司,ZEHEN 唛头.doc,客户目录直属文件,1,0.0,订单批次/项目标签候选（**不是客户**，不导入客户表）
正恒公司,ZEHEN唛.doc,客户目录直属文件,1,0.0,订单批次/项目标签候选（**不是客户**，不导入客户表）
正恒公司,ZEHEN有MADE IN CHINA.doc,客户目录直属文件,1,0.0,订单批次/项目标签候选（**不是客户**，不导入客户表）
