类别,id,产品名,目录型号,原因
"型号未锚定目录","1","ANM-3","","型号未锚定到目录"
"型号未锚定目录","2","PNM-1/32","","型号未锚定到目录"
"型号未锚定目录","19","割嘴 1-GPN 2#
产品号码6028","","尺寸有歧义（型号前 1 / 型号后 2）"
"型号未锚定目录","23","割嘴 1-GPN 3#
产品号码6029","","尺寸有歧义（型号前 1 / 型号后 3）"
"型号未锚定目录","32","2-W","","型号未锚定到目录"
"型号未锚定目录","53","1-W","","型号未锚定到目录"
"型号未锚定目录","63","8-MFA","","型号未锚定到目录"
"型号未锚定目录","66","3-W","","型号未锚定到目录"
"名称未写 size（型号已锚定）","100","乙炔割嘴
1-101","1-101","名称未写尺寸（size 待人工确认）"
"型号未锚定目录","112","0-W","","型号未锚定到目录"
"型号未锚定目录","119","PNME18 割嘴 1/16","","尺寸不在目录档位（候选数字 18）"
"型号未锚定目录","129","10-MFA","","型号未锚定到目录"
"型号未锚定目录","130","106HC-2","","型号边界不干净（右侧紧贴 H）"
"型号未锚定目录","131","4-W","","型号未锚定到目录"
"型号未锚定目录","132","5-W","","型号未锚定到目录"
"型号未锚定目录","145","尼龙袋","","型号未锚定到目录"
"型号未锚定目录","150","15-MFA","","型号未锚定到目录"
"型号未锚定目录","157","106HC-1","","型号边界不干净（右侧紧贴 H）"
"型号未锚定目录","158","106HC-3","","型号边界不干净（右侧紧贴 H）"
"型号未锚定目录","159","106HC-5","","型号边界不干净（右侧紧贴 H）"
"型号未锚定目录","160","12-MFA","","型号未锚定到目录"
"型号未锚定目录","173","WS10111乙炔割嘴 101-1-1","","型号未锚定到目录"
"型号未锚定目录","183","106HC-0","","型号边界不干净（右侧紧贴 H）"
"型号未锚定目录","184","106HC-4","","型号边界不干净（右侧紧贴 H）"
"型号未锚定目录","189","丙烷切割喷嘴,1号 厚度：10-20mm孔口：1.2","","型号边界不干净（右侧紧贴 0）"
"型号未锚定目录","190","丙烷切割喷嘴,2号 厚度：20-40mm 孔口：1.5","","型号未锚定到目录"
"型号未锚定目录","195","乙炔割嘴 ANM 1# 
刻字内容：规格与型号
包装：常规-中性","","型号未锚定到目录"
"型号未锚定目录","197","乙炔切割喷嘴,1号 厚度：10-20mm 预热：0.7 孔口：1.2","","型号边界不干净（右侧紧贴 0）"
"型号未锚定目录","198","乙炔切割喷嘴,2号 厚度：20-40mm 预热：0.8 孔口：1.5","","型号未锚定到目录"
"型号未锚定目录","199","乙炔切割喷嘴,3号 厚度：40-60mm 预热：0.9 孔口：1.8","","型号未锚定到目录"
"名称未写 size（型号已锚定）","215","丙烷割嘴 G1-P 
单只重78g","G1-P","名称未写尺寸（size 待人工确认）"
"名称未写 size（型号已锚定）","216","割嘴1503","1503","名称未写尺寸（size 待人工确认）"
"型号未锚定目录","218","1-W-1","","型号未锚定到目录"
"型号未锚定目录","219","10-MFN","","型号未锚定到目录"
"型号未锚定目录","220","12-MFN","","型号未锚定到目录"
"型号未锚定目录","221","15-MFN","","型号未锚定到目录"
"型号未锚定目录","231","2-W-1","","型号未锚定到目录"
"型号未锚定目录","237","8-MFN","","型号未锚定到目录"
"型号未锚定目录","238","丙烷割嘴
代码：4193","","型号边界不干净（右侧紧贴 9）"
"型号未锚定目录","239","丙烷割嘴
代码：4194","","型号边界不干净（右侧紧贴 9）"
"型号未锚定目录","242","丙烷切割喷嘴,3厚度：40-60mm 孔口：1.8","","型号未锚定到目录"
"型号未锚定目录","266","KOIKE 106HC 割嘴 83克 5#  分体式6个孔","","型号边界不干净（右侧紧贴 H）"
"型号未锚定目录","267","KOIKE 106HC 割嘴 83克 6#  分体式6个孔","","型号边界不干净（右侧紧贴 H）"
"型号未锚定目录","268","KOIKE 106HC 割嘴 83克 7#  分体式6个孔","","型号边界不干净（右侧紧贴 H）"
"型号未锚定目录","269","KOIKE 106HC 割嘴 83克 8#  分体式6个孔","","型号边界不干净（右侧紧贴 H）"
"型号未锚定目录","270","PNME9 1/16","","尺寸不在目录档位（候选数字 9）"
"型号未锚定目录","279","106HC-00","","型号边界不干净（右侧紧贴 H）"
"型号未锚定目录","281","Nozzle №1 (3/64”)
客人要12个槽 74克","","型号未锚定到目录"
"名称未写 size（型号已锚定）","282","割嘴1502","1502","名称未写尺寸（size 待人工确认）"
"名称未写 size（型号已锚定）","283","乙炔割嘴
1-101

刻字：
中性


包装：塑料盒+定制不干胶
【不干胶我司提供】","1-101","名称未写尺寸（size 待人工确认）"
"名称未写 size（型号已锚定）","284","乙炔割嘴
ANME

刻字：
中性


包装：塑料盒+定制不干胶","ANME","名称未写尺寸（size 待人工确认）"
"型号未锚定目录","290","102HC-2","","型号边界不干净（右侧紧贴 H）"
"型号未锚定目录","291","102HC-3","","型号边界不干净（右侧紧贴 H）"
"型号未锚定目录","292","106-1/16","","尺寸不在目录档位（候选数字 1/16）"
"型号未锚定目录","293","106-1/64","","尺寸不在目录档位（候选数字 106）"
"型号未锚定目录","294","106-3/64","","尺寸不在目录档位（候选数字 3/64）"
"型号未锚定目录","306","6-MFA","","型号未锚定到目录"
"型号未锚定目录","323","外嘴 PNM 1# 刻字内容规格与型号 如图
单只塑料袋包装 500只/箱 重32G","","型号未锚定到目录"
"型号未锚定目录","332","PNME9 1/32","","尺寸不在目录档位（候选数字 9）"
"型号未锚定目录","337","WS10110乙炔割嘴 101-1-0","","型号未锚定到目录"
"型号未锚定目录","338","WS10112乙炔割嘴 101-1-2","","型号未锚定到目录"
"型号未锚定目录","344","-0","","型号未锚定到目录"
"型号未锚定目录","345","-1","","型号未锚定到目录"
"型号未锚定目录","346","-2","","型号未锚定到目录"
"型号未锚定目录","347","-3","","型号未锚定到目录"
"型号未锚定目录","350","101-1-3 乙炔割嘴","","型号未锚定到目录"
"型号未锚定目录","351","102HC-1","","型号边界不干净（右侧紧贴 H）"
"型号未锚定目录","352","106-1/32","","尺寸不在目录档位（候选数字 1/32）"
"型号未锚定目录","364","2W-X11N 丙烷割嘴 G11 2#

包装+刻字：常规中性","","型号未锚定到目录"
"型号未锚定目录","366","3-W-1","","型号未锚定到目录"
"型号未锚定目录","367","6-W","","型号未锚定到目录"
"型号未锚定目录","375","7-W","","型号未锚定到目录"
"型号未锚定目录","399","内嘴 P1 刻字内容规格与型号 如右图
单只塑料袋包装 500只/箱 重42G","","型号未锚定到目录"
"型号未锚定目录","400","内嘴 P2 刻字内容规格与型号 如右图
单只塑料袋包装 500只/箱 重42G","","型号未锚定到目录"
"型号未锚定目录","401","内嘴 P3 刻字内容规格与型号 如右图
单只塑料袋包装 500只/箱 重42G","","型号未锚定到目录"
"型号未锚定目录","404","乙炔割嘴 ANM 2# 
刻字内容：规格与型号
包装：常规-中性","","型号未锚定到目录"
"型号未锚定目录","405","乙炔割嘴 ANM 3# 
刻字内容：规格与型号
包装：常规-中性","","型号未锚定到目录"
"型号未锚定目录","407","乙炔切割喷嘴,1号 厚度：10-20mm 预热：0.7 孔口：1.2安宝库存","","型号边界不干净（右侧紧贴 0）"
"型号未锚定目录","408","乙炔切割喷嘴,2号 厚度：20-40mm 预热：0.8 孔口：1.5安宝库存","","型号未锚定到目录"
"型号未锚定目录","409","乙炔切割喷嘴,3号 厚度：40-60mm 预热：0.9 孔口：1.8安宝库存","","型号未锚定到目录"
"名称未写 size（型号已锚定）","410","ANME 割嘴 1/16","ANME","名称未写尺寸（size 待人工确认）"
"型号未锚定目录","423","Nozzle №3 (5/64”) 
客人要12个槽 74克","","型号未锚定到目录"
"型号未锚定目录","424","Nozzle №4 (3/32”) 
客人要12个槽 74克","","型号未锚定到目录"
"型号未锚定目录","425","PNME9 3/64","","尺寸不在目录档位（候选数字 9）"
"型号未锚定目录","438","T20","","型号未锚定到目录"
"型号未锚定目录","439","T20单嘴","","型号未锚定到目录"
"型号未锚定目录","440","W","","型号未锚定到目录"
"型号未锚定目录","441","WS10113乙炔割嘴 101-1-3","","型号未锚定到目录"
"型号未锚定目录","444","Nozzle №2 (3/64”)
客人要12个槽","","型号未锚定到目录"
"型号未锚定目录","445","工具套装
80套

单发各50只","","型号未锚定到目录"
"名称未写 size（型号已锚定）","446","GPN  割嘴","GPN","名称未写尺寸（size 待人工确认）"
"型号未锚定目录","448","0-W-1","","型号未锚定到目录"
"型号未锚定目录","452","101-1-1 乙炔割嘴","","型号未锚定到目录"
"型号未锚定目录","453","101-1-2 乙炔割嘴","","型号未锚定到目录"
"型号未锚定目录","454","101-1-4 乙炔割嘴","","型号未锚定到目录"
"型号未锚定目录","455","102HC-0","","型号边界不干净（右侧紧贴 H）"
"型号未锚定目录","456","102HC-4","","型号边界不干净（右侧紧贴 H）"
"型号未锚定目录","461","106HC-6","","型号边界不干净（右侧紧贴 H）"
"型号未锚定目录","471","2W-X11N 丙烷割嘴 G11 2#","","型号未锚定到目录"
"型号未锚定目录","476","3-W焊杆","","型号未锚定到目录"
"型号未锚定目录","477","363/376割嘴0#","","型号未锚定到目录"
"型号未锚定目录","478","4-W-1","","型号未锚定到目录"
"型号未锚定目录","479","4732P 10-25 106-1 1.2","","尺寸有歧义（型号前 25 / 型号后 1）"
"型号未锚定目录","480","4733P 25-50 106-3 1.6","","尺寸有歧义（型号前 50 / 型号后 3）"
"型号未锚定目录","481","4734P 50-100 106-5 2.0","","尺寸有歧义（型号前 100 / 型号后 5）"
"型号未锚定目录","482","5-W-1","","型号未锚定到目录"
"型号未锚定目录","483","6-W-1","","型号未锚定到目录"
"型号未锚定目录","490","7-W-1","","型号未锚定到目录"
"型号未锚定目录","491","8-W","","型号未锚定到目录"
"型号未锚定目录","516","丙烷割嘴 PNM-#1内嘴 (切割厚度0to30mm)
配R3P-3-500三根管子 内嘴刻字：1

包装：PP袋1只/袋 50只1盒 200只1箱","","型号未锚定到目录"
"型号未锚定目录","517","丙烷割嘴 PNM-#2内嘴 (切割厚度 30to50mm)
配R3P-3-500三根管子 内嘴刻字：2

包装：PP袋1只/袋 50只1盒 200只1箱","","型号未锚定到目录"
"型号未锚定目录","518","丙烷割嘴 PNM-#3内嘴 (切割厚度 50to100mm)
配R3P-3-500三根管子 内嘴刻字：3

包装：PP袋1只/袋 50只1盒 200只1箱","","型号未锚定到目录"
"型号未锚定目录","554","内嘴 P0 刻字内容规格与型号 如右图
单只塑料袋包装 500只/箱 重42G","","型号未锚定到目录"
"型号未锚定目录","555","内嘴 P6 刻字内容规格与型号 如右图","","型号未锚定到目录"
"型号未锚定目录","556","尼龙袋 彩盒(我提供)","","型号未锚定到目录"
"型号未锚定目录","557","尼龙袋 尼龙袋","","型号未锚定到目录"
"型号未锚定目录","558","外嘴 PNM 2# 刻字内容规格与型号 
单只塑料袋包装 500只/箱 重32G","","型号未锚定到目录"
"型号未锚定目录","559","外嘴 PNM 2# 刻字内容规格与型号 如图
单只塑料袋包装 500只/箱 重32G","","型号未锚定到目录"
"型号未锚定目录","566","乙炔割嘴 ANM 5# 
刻字内容：规格与型号
包装：常规-中性","","型号未锚定到目录"
"型号未锚定目录","574","乙炔割嘴4202 5# 产品号码6038","","型号未锚定到目录"
"型号未锚定目录","580","Cutting nozzle G1-P 10/16 84g","","尺寸不在目录档位（候选数字 10/16）"
"型号未锚定目录","581","Cutting nozzle G1-P 10/20 84g","","型号边界不干净（右侧紧贴 0）"
"型号未锚定目录","582","Cutting nozzles Code:4191 ,    73.2G","","型号边界不干净（右侧紧贴 9）"
"型号未锚定目录","583","G03-1","","型号未锚定到目录"
"名称未写 size（型号已锚定）","590","G1-P 割嘴 12/10","G1-P","名称未写尺寸（size 待人工确认）"
"型号未锚定目录","593","GK3-00","","型号未锚定到目录"
"型号未锚定目录","594","GK3-000","","型号未锚定到目录"
"型号未锚定目录","595","Gloor cutting nuzzle,5# 做足75g","","型号未锚定到目录"
"型号未锚定目录","596","GPN-10","","尺寸不在目录档位（候选数字 10）"
"型号未锚定目录","603","HPN 割嘴 11#","","尺寸不在目录档位（候选数字 11）"
"型号未锚定目录","612","HPN 割嘴 9#","","尺寸不在目录档位（候选数字 9）"
"型号未锚定目录","623","Nozzle №2 (1/16”)
客人要12个槽 74克","","型号未锚定到目录"
"型号未锚定目录","624","Nozzle №3 (5/64”) 
客人要12个槽","","型号未锚定到目录"
"型号未锚定目录","625","Nozzle №4 (3/32”) 
客人要12个槽","","型号未锚定到目录"
"型号未锚定目录","626","PNM 割嘴 1/16","","型号未锚定到目录"
"型号未锚定目录","627","PNME18 3/64","","尺寸不在目录档位（候选数字 18）"
"型号未锚定目录","628","PNME9 1/8","","尺寸不在目录档位（候选数字 9）"
"型号未锚定目录","629","PNME9 5/64","","尺寸不在目录档位（候选数字 9）"
"名称未写 size（型号已锚定）","630","PNME割嘴 229 #8 塑料盖贴：229-8

PNME嘴外套刻字是229及型号
东西是PNME标贴是229","PNME","名称未写尺寸（size 待人工确认）"
"型号未锚定目录","642","T15单嘴","","型号未锚定到目录"
"型号未锚定目录","643","VICTOR 8-MFN VICTOR 20 TYPE 55 连接器也刻上 VICTOR LPG","","型号未锚定到目录"
"型号未锚定目录","655","WS202308乙炔割嘴 102HC-3
全铜 重86.5g","","型号边界不干净（右侧紧贴 H）"
"型号未锚定目录","659","1-W-J","","型号未锚定到目录"
"型号未锚定目录","660","产品要求","","型号未锚定到目录"
"名称未写 size（型号已锚定）","661","仿GPN割嘴","GPN","名称未写尺寸（size 待人工确认）"
"名称未写 size（型号已锚定）","663","GIOCWELD PNME","PNME","名称未写尺寸（size 待人工确认）"
"型号未锚定目录","664","-4","","型号未锚定到目录"
"型号未锚定目录","665","-5","","型号未锚定到目录"
"型号未锚定目录","666","-6","","型号未锚定到目录"
"型号未锚定目录","667","-7","","型号未锚定到目录"
"型号未锚定目录","668","-8","","型号未锚定到目录"
"型号未锚定目录","670","0-GPP","","型号未锚定到目录"
"型号未锚定目录","671","0,1,2,3,5-W","","型号未锚定到目录"
"型号未锚定目录","672","0,4,5-W","","型号未锚定到目录"
"型号未锚定目录","673","0.1,3,4,5-W","","型号未锚定到目录"
"型号未锚定目录","674","000-3-W","","型号未锚定到目录"
"型号未锚定目录","679","1-GPP","","型号未锚定到目录"
"型号未锚定目录","680","1-W-1 80V","","型号未锚定到目录"
"型号未锚定目录","681","1,3,5-W","","型号未锚定到目录"
"型号未锚定目录","683","1#,3#,5#","","型号未锚定到目录"
"型号未锚定目录","684","10-GPN","","尺寸不在目录档位（候选数字 10）"
"型号未锚定目录","685","100","","型号未锚定到目录"
"型号未锚定目录","686","100CL 105","","型号未锚定到目录"
"型号未锚定目录","688","102HC-1 0300","","型号边界不干净（右侧紧贴 H）"
"型号未锚定目录","689","102HC-2 0301","","型号边界不干净（右侧紧贴 H）"
"型号未锚定目录","690","102HC-3 0302","","型号边界不干净（右侧紧贴 H）"
"型号未锚定目录","691","102HC-5","","型号边界不干净（右侧紧贴 H）"
"型号未锚定目录","692","102HC-6","","型号边界不干净（右侧紧贴 H）"
"型号未锚定目录","694","106-1/16 10-75","","尺寸不在目录档位（候选数字 1/16）"
"型号未锚定目录","695","106-1/32 (3孔)","","尺寸不在目录档位（候选数字 1/32）"
"型号未锚定目录","696","106-1/32 3-6","","尺寸不在目录档位（候选数字 1/32）"
"型号未锚定目录","697","106-1/64 3-6","","尺寸有歧义（型号前 106 / 型号后 3）"
"型号未锚定目录","698","106-3/64 5-12","","尺寸不在目录档位（候选数字 3/64）"
"型号未锚定目录","701","106D7-000","","型号边界不干净（右侧紧贴 D）"
"型号未锚定目录","710","106HC  10# 4.0mm  79g","","尺寸不在目录档位（候选数字 10）"
"型号未锚定目录","713","106HC-1 ZBT0297","","型号边界不干净（右侧紧贴 H）"
"型号未锚定目录","714","106HC-3 0299","","型号边界不干净（右侧紧贴 H）"
"型号未锚定目录","715","106HC-6 3.2","","型号边界不干净（右侧紧贴 H）"
"型号未锚定目录","716","106HC-6直通","","型号边界不干净（右侧紧贴 H）"
"型号未锚定目录","717","106HC-7","","型号边界不干净（右侧紧贴 H）"
"型号未锚定目录","718","106HC-7 3.6","","型号边界不干净（右侧紧贴 H）"
"型号未锚定目录","719","106HC-7直通","","型号边界不干净（右侧紧贴 H）"
"型号未锚定目录","720","106HC-8","","型号边界不干净（右侧紧贴 H）"
"型号未锚定目录","721","106HC-8 4.0","","型号边界不干净（右侧紧贴 H）"
"型号未锚定目录","722","106HC-8直通","","型号边界不干净（右侧紧贴 H）"
"名称未写 size（型号已锚定）","734","1503/1534 割嘴 12#","1503","名称未写尺寸（size 待人工确认）"
"名称未写 size（型号已锚定）","735","1503/1534 割嘴 2#","1503","名称未写尺寸（size 待人工确认）"
"名称未写 size（型号已锚定）","736","1503/1534 割嘴 4#","1503","名称未写尺寸（size 待人工确认）"
"型号未锚定目录","748","2-MFA-J","","型号未锚定到目录"
"型号未锚定目录","749","2-W-1 80V","","型号未锚定到目录"
"型号未锚定目录","750","2-W-J","","型号未锚定到目录"
"型号未锚定目录","751","2,750.00","","型号边界不干净（右侧紧贴 0）"
"型号未锚定目录","754","20.0","","型号未锚定到目录"
"名称未写 size（型号已锚定）","755","229-0(PNME)","PNME","名称未写尺寸（size 待人工确认）"
"名称未写 size（型号已锚定）","757","229-1 (PNME)","PNME","名称未写尺寸（size 待人工确认）"
"型号未锚定目录","759","2290-3H","","型号边界不干净（右侧紧贴 0）"
"型号未锚定目录","760","2290-4H","","型号边界不干净（右侧紧贴 0）"
"型号未锚定目录","761","2290-5H","","型号边界不干净（右侧紧贴 0）"
"型号未锚定目录","775","2W-X11N 丙烷割嘴 G11 1#","","型号未锚定到目录"
"型号未锚定目录","776","2W-X11N 丙烷割嘴 G11 1#

包装+刻字：常规中性","","型号未锚定到目录"
"型号未锚定目录","777","2W-X11N 丙烷割嘴 G11 3#","","型号未锚定到目录"
"型号未锚定目录","784","3-118   割嘴 2#","","型号未锚定到目录"
"型号未锚定目录","786","3-W-J","","型号未锚定到目录"
"型号未锚定目录","788","363割嘴1#","","型号未锚定到目录"
"型号未锚定目录","789","363割嘴2#","","型号未锚定到目录"
"型号未锚定目录","790","363割嘴3#","","型号未锚定到目录"
"型号未锚定目录","791","363割嘴4#","","型号未锚定到目录"
"型号未锚定目录","792","363割嘴5#","","型号未锚定到目录"
"型号未锚定目录","793","363割嘴6#","","型号未锚定到目录"
"型号未锚定目录","796","4-MFA-1","","型号未锚定到目录"
"型号未锚定目录","797","4-MFA-J","","型号未锚定到目录"
"型号未锚定目录","798","4-MFN-1","","型号未锚定到目录"
"型号未锚定目录","804","4202-7","","型号未锚定到目录"
"型号未锚定目录","808","4712A 10-25 1.2","","型号边界不干净（右侧紧贴 5）"
"型号未锚定目录","809","4712A 10-25 102-1 1.2","","尺寸有歧义（型号前 25 / 型号后 1）"
"型号未锚定目录","810","4712A 5-10 102-0 0.8","","尺寸有歧义（型号前 10 / 型号后 0）"
"型号未锚定目录","811","4713A 25-50 1.6","","型号未锚定到目录"
"型号未锚定目录","812","4713A 25-50 102-2 1.6","","尺寸有歧义（型号前 50 / 型号后 2）"
"型号未锚定目录","813","4714A 50-100 102-3 2.0","","尺寸有歧义（型号前 100 / 型号后 3）"
"型号未锚定目录","814","4714A 50-100 2.0","","型号未锚定到目录"
"型号未锚定目录","815","4715A 100-150 102- 2.4","","尺寸有歧义（型号前 150 / 型号后 2）"
"型号未锚定目录","816","4715A 100-150 102-6 2.4","","尺寸有歧义（型号前 150 / 型号后 6）"
"型号未锚定目录","817","4716A 150-200 102 2.8","","尺寸有歧义（型号前 200 / 型号后 2）"
"型号未锚定目录","818","4731P 5-10 106-0 0.8","","尺寸有歧义（型号前 10 / 型号后 0）"
"型号未锚定目录","819","4732P 10-25 106 1.2","","尺寸有歧义（型号前 25 / 型号后 1）"
"型号未锚定目录","820","4733P 25-50 106 1.6","","尺寸有歧义（型号前 50 / 型号后 1）"
"型号未锚定目录","821","4734P 50-100 106 2.0","","尺寸有歧义（型号前 100 / 型号后 2）"
"型号未锚定目录","822","4735P 100-150 106 2.4","","尺寸有歧义（型号前 150 / 型号后 2）"
"型号未锚定目录","823","4735P 100-150 106-6 2.4","","尺寸有歧义（型号前 150 / 型号后 6）"
"型号未锚定目录","824","4736P 150-200 106 2.8","","尺寸有歧义（型号前 200 / 型号后 2）"
"型号未锚定目录","825","4736P 150-200 106-7 2.8","","尺寸有歧义（型号前 200 / 型号后 7）"
"型号未锚定目录","826","4737P 200-300 106 3.2","","尺寸有歧义（型号前 300 / 型号后 3）"
"型号未锚定目录","827","4737P 200-300 106-8 3.2","","尺寸有歧义（型号前 300 / 型号后 8）"
"型号未锚定目录","830","6-MFA-1","","型号未锚定到目录"
"型号未锚定目录","831","6-MFA-J","","型号未锚定到目录"
"型号未锚定目录","832","6-MFN","","型号未锚定到目录"
"型号未锚定目录","833","6-MFN-1","","型号未锚定到目录"
"型号未锚定目录","875","6290NFF-00","","型号边界不干净（右侧紧贴 N）"
"型号未锚定目录","898","6290VVC-0","","型号边界不干净（右侧紧贴 V）"
"型号未锚定目录","899","6290VVC-00","","型号边界不干净（右侧紧贴 V）"
"型号未锚定目录","900","6290VVC-000","","型号边界不干净（右侧紧贴 V）"
"型号未锚定目录","901","6290VVC-01/2","","型号边界不干净（右侧紧贴 V）"
"型号未锚定目录","902","6290VVC-1","","型号边界不干净（右侧紧贴 V）"
"型号未锚定目录","903","6290VVC-1 1/2","","型号边界不干净（右侧紧贴 V）"
"型号未锚定目录","904","6290VVC-2","","型号边界不干净（右侧紧贴 V）"
"型号未锚定目录","908","8-MFA-1","","型号未锚定到目录"
"型号未锚定目录","909","8-MFN-1","","型号未锚定到目录"
"型号未锚定目录","910","澳大利亚款式丙烷 割嘴 44-08
刻字内容如下图所示44    08","","尺寸不在目录档位（候选数字 08）"
"型号未锚定目录","913","澳大利亚款式乙炔 割嘴 41-06
刻字内容：如右图所示41   06","","尺寸不在目录档位（候选数字 06）"
"型号未锚定目录","914","澳大利亚款式乙炔 割嘴 41-06
刻字内容如图所示41   08","","尺寸不在目录档位（候选数字 08）"
"型号未锚定目录","915","澳大利亚款式乙炔 割嘴 41-08
刻字内容：如右图所示41  08","","尺寸不在目录档位（候选数字 08）"
"型号未锚定目录","917","丙烷割嘴 1-GPN #0","","尺寸有歧义（型号前 1 / 型号后 0）"
"型号未锚定目录","919","丙烷割嘴 1-GPN #2","","尺寸有歧义（型号前 1 / 型号后 2）"
"型号未锚定目录","920","丙烷割嘴 1-GPN #3","","尺寸有歧义（型号前 1 / 型号后 3）"
"型号未锚定目录","921","丙烷割嘴 1-GPN #4","","尺寸有歧义（型号前 1 / 型号后 4）"
"型号未锚定目录","961","丙烷割嘴 G1-P 10/07"" 重78g","","尺寸不在目录档位（候选数字 10/07）"
"型号未锚定目录","962","丙烷割嘴 G1-P 10/12"" 重78g","","尺寸不在目录档位（候选数字 10/12）"
"型号未锚定目录","963","丙烷割嘴 G1-P 10/16"" 重78g","","尺寸不在目录档位（候选数字 10/16）"
"型号未锚定目录","964","丙烷割嘴 G1-P 10/30"" 重78g","","尺寸不在目录档位（候选数字 10/30）"
"名称未写 size（型号已锚定）","973","丙烷割嘴 GPN Nº 1
厚度：10-20mm  孔口：1.2

包装：塑料盒+不干胶如右图","GPN","名称未写尺寸（size 待人工确认）"
"名称未写 size（型号已锚定）","974","丙烷割嘴 GPN Nº 2
厚度：20-40mm  孔口：1.5

包装：塑料盒+不干胶如右图","GPN","名称未写尺寸（size 待人工确认）"
"名称未写 size（型号已锚定）","975","丙烷割嘴 GPN Nº 3
厚度：40-60mm 孔口：1.8

包装：塑料盒+不干胶如右图","GPN","名称未写尺寸（size 待人工确认）"
"型号未锚定目录","980","丙烷割嘴 PNM-#4内嘴 (切割厚度 100to150mm)
配R3P-3-500三根管子 内嘴刻字：4

包装：PP袋1只/袋 50只1盒 200只1箱","","型号边界不干净（右侧紧贴 0）"
"型号未锚定目录","981","丙烷割嘴 PNM-#5内嘴
配R3P-3-500三根管子 内嘴刻字：5

包装：PP袋1只/袋 50只1盒 200只1箱","","型号未锚定到目录"
"型号未锚定目录","982","丙烷割嘴 PNM-#6内嘴
配R3P-3-500三根管子 内嘴刻字：6

包装：PP袋1只/袋 50只1盒 200只1箱","","型号未锚定到目录"
"型号未锚定目录","983","丙烷割嘴 PNM1外嘴 刻字：PNM 1
配R3P-3-500三根管子(配上述内嘴1#、2#、 3#)
包装：PP袋1只/袋 50只1盒 200只1箱","","型号未锚定到目录"
"型号未锚定目录","984","丙烷割嘴 PNM2外嘴 刻字：PNM 2
配R3P-3-500三根管子(配上述内嘴1#、2#、 3#)
包装：PP袋1只/袋 50只1盒 200只1箱","","型号未锚定到目录"
"型号未锚定目录","985","丙烷割嘴 PNM外嘴 刻字：PNM 1
配R3P-3-500三根管子(配上述内嘴1#、2#、 3#)
包装：PP袋1只/袋 50只1盒 200只1箱","","型号未锚定到目录"
"型号未锚定目录","987","丙烷割嘴 PNME 1#
塑料盖贴：PNME 1","","尺寸不在目录档位（候选数字 1）"
"型号未锚定目录","988","丙烷割嘴 PNME 2#
塑料盖贴：PNME 2","","尺寸不在目录档位（候选数字 2）"
"型号未锚定目录","991","丙烷割嘴 PNME 3#
塑料盖贴：PNME 3","","尺寸不在目录档位（候选数字 3）"
"型号未锚定目录","992","丙烷割嘴 PNME 4#
塑料盖贴：PNME 4","","尺寸不在目录档位（候选数字 4）"
"型号未锚定目录","999","丙烷割嘴1-GPN 2# 产品号码6028","","尺寸有歧义（型号前 1 / 型号后 2）"
"型号未锚定目录","1008","丙烷割嘴6290VVC 0 重47g
12.5-20mm   刻字：中性","","型号边界不干净（右侧紧贴 V）"
"型号未锚定目录","1009","丙烷割嘴6290VVC 00 重47g
9-12.5mm   刻字：中性","","型号边界不干净（右侧紧贴 V）"
"型号未锚定目录","1010","丙烷割嘴6290VVC 000 重47g
6-9mm   刻字：中性","","型号边界不干净（右侧紧贴 V）"
"型号未锚定目录","1011","丙烷割嘴6290VVC 0000 重47g
4-6mm   刻字：中性","","型号边界不干净（右侧紧贴 V）"
"型号未锚定目录","1012","丙烷割嘴6290VVC 00000 重47g
1-4mm   刻字：中性","","型号边界不干净（右侧紧贴 V）"
"型号未锚定目录","1013","丙烷割嘴6290VVC 1 重47g
35-60mm   刻字：中性","","型号边界不干净（右侧紧贴 V）"
"型号未锚定目录","1014","丙烷割嘴6290VVC 1/2 重47g
20-35mm   刻字：中性","","型号边界不干净（右侧紧贴 V）"
"型号未锚定目录","1015","丙烷割嘴6290VVC 11/2 重47g
60-75mm   刻字：中性","","型号边界不干净（右侧紧贴 V）"
"型号未锚定目录","1016","丙烷割嘴6290VVC 2 重47g
75-125mm   刻字：中性","","型号边界不干净（右侧紧贴 V）"
"型号未锚定目录","1017","丙烷割嘴6290VVC 21/2 重47g
125-150mm   刻字：中性","","型号边界不干净（右侧紧贴 V）"
"型号未锚定目录","1018","丙烷割嘴6290VVC 3 重47g
150-175mm   刻字：中性","","型号边界不干净（右侧紧贴 V）"
"型号未锚定目录","1019","丙烷割嘴6290VVC 4 重47g
175-200mm   刻字：中性","","型号边界不干净（右侧紧贴 7）"
"型号未锚定目录","1020","丙烷割嘴6290VVC 5 重47g
200-225mm   刻字：中性","","型号边界不干净（右侧紧贴 V）"
"型号未锚定目录","1021","丙烷割嘴6290VVC 51/2 重47g
225-250mm   刻字：中性","","型号边界不干净（右侧紧贴 V）"
"名称未写 size（型号已锚定）","1024","丙烷割嘴PNME (1/32”)
客人要12个槽 74克","PNME","名称未写尺寸（size 待人工确认）"
"名称未写 size（型号已锚定）","1025","丙烷割嘴PNME (1/8”)
客人要12个槽 74克","PNME","名称未写尺寸（size 待人工确认）"
"名称未写 size（型号已锚定）","1026","丙烷割嘴PNME (3/64”)
客人要12个槽 74克","PNME","名称未写尺寸（size 待人工确认）"
"型号未锚定目录","1028","丙烷嘴 6290-NX 01#","","尺寸不在目录档位（候选数字 01）"
"型号未锚定目录","1029","丙烷嘴 6290-NX 02#","","尺寸不在目录档位（候选数字 02）"
"型号未锚定目录","1030","丙烷嘴 6290-NX 03#","","尺寸不在目录档位（候选数字 03）"
"型号未锚定目录","1031","补广州佛山运费","","型号未锚定到目录"
"名称未写 size（型号已锚定）","1066","割嘴 6290-NFF Nº1","6290NFF","名称未写尺寸（size 待人工确认）"
"名称未写 size（型号已锚定）","1067","割嘴 6290-NFF Nº2","6290NFF","名称未写尺寸（size 待人工确认）"
"名称未写 size（型号已锚定）","1068","割嘴 6290-NFF Nº3","6290NFF","名称未写尺寸（size 待人工确认）"
"名称未写 size（型号已锚定）","1069","割嘴 6290-NFF Nº4","6290NFF","名称未写尺寸（size 待人工确认）"
"型号未锚定目录","1070","割嘴 81021 1#
塑料盖贴：81021-1","","型号未锚定到目录"
"型号未锚定目录","1071","割嘴 81021 2#
塑料盖贴：81021-2","","型号未锚定到目录"
"型号未锚定目录","1072","割嘴 81021 3#
塑料盖贴：81021-3","","型号未锚定到目录"
"型号未锚定目录","1073","割嘴 81021 4#
塑料盖贴：81021-4","","型号未锚定到目录"
"型号未锚定目录","1080","割嘴 G11  Nº1","","型号未锚定到目录"
"型号未锚定目录","1081","割嘴 G11  Nº2","","型号未锚定到目录"
"型号未锚定目录","1099","刻字: STEELCO 1 尼龙袋包装","","型号未锚定到目录"
"型号未锚定目录","1100","刻字: VICTOR LPG 包装: 包括卡璜,O形圈, 装配好后每套一个尼龙袋","","型号未锚定到目录"
"型号未锚定目录","1101","连接器","","型号未锚定到目录"
"型号未锚定目录","1102","内嘴 P0 刻字内容规格与型号 如右图","","型号未锚定到目录"
"型号未锚定目录","1103","内嘴 P0 刻字内容规格与型号 如右图
单只塑料袋包装 500只/箱 重41G","","型号边界不干净（右侧紧贴 G）"
"型号未锚定目录","1104","内嘴 P1 9槽 重42.5G
刻字内容：规格+型号
包装：单只塑料袋包装 500只/箱","","型号未锚定到目录"
"型号未锚定目录","1105","内嘴 P1 刻字内容规格与型号 
单只塑料袋包装 500只/箱 重42G","","型号未锚定到目录"
"型号未锚定目录","1106","内嘴 P1 刻字内容规格与型号 如右图","","型号未锚定到目录"
"型号未锚定目录","1107","内嘴 P1 刻字内容规格与型号 如右图
单只塑料袋包装 500只/箱 重41G","","型号边界不干净（右侧紧贴 G）"
"型号未锚定目录","1108","内嘴 P1，9槽刻字内容规格与型号，单只塑料袋包装，500只/箱 重42.5G","","型号未锚定到目录"
"型号未锚定目录","1109","内嘴 P2 9槽 重42.5g

刻字：内容规格+型号
包装：只/塑料袋 500只/箱","","型号未锚定到目录"
"型号未锚定目录","1110","内嘴 P2 9槽 重42.5G
刻字内容：规格+型号
包装：单只塑料袋包装 500只/箱","","型号未锚定到目录"
"型号未锚定目录","1111","内嘴 P2 刻字内容规格与型号 
单只塑料袋包装 500只/箱 重42G","","型号未锚定到目录"
"型号未锚定目录","1112","内嘴 P2 刻字内容规格与型号 如右图","","型号未锚定到目录"
"型号未锚定目录","1113","内嘴 P2 刻字内容规格与型号 如右图
单只塑料袋包装 500只/箱 重41G","","型号边界不干净（右侧紧贴 G）"
"型号未锚定目录","1114","内嘴 P2，9槽刻字内容规格与型号，单只塑料袋包装，500只/箱 重42.5G","","型号未锚定到目录"
"型号未锚定目录","1115","内嘴 P3 9槽 重42.5G
刻字内容：规格与型号
包装：单只塑料袋包装 500只/箱","","型号未锚定到目录"
"型号未锚定目录","1116","内嘴 P3 刻字内容规格与型号 
单只塑料袋包装 500只/箱 重42G","","型号未锚定到目录"
"型号未锚定目录","1117","内嘴 P3 刻字内容规格与型号 如右图","","型号未锚定到目录"
"型号未锚定目录","1118","内嘴 P3 刻字内容规格与型号 如右图
单只塑料袋包装 500只/箱 重41G","","型号边界不干净（右侧紧贴 G）"
"型号未锚定目录","1119","内嘴 P3，9槽刻字内容规格与型号，单只塑料袋包装，500只/箱 重42.5G","","型号未锚定到目录"
"型号未锚定目录","1120","内嘴 P4 刻字内容规格与型号 如右图","","型号未锚定到目录"
"型号未锚定目录","1121","内嘴 P4 刻字内容规格与型号 如右图
单只塑料袋包装 500只/箱 重41G","","型号边界不干净（右侧紧贴 G）"
"型号未锚定目录","1122","内嘴 P4 刻字内容规格与型号 如右图
单只塑料袋包装 500只/箱 重42G","","型号未锚定到目录"
"型号未锚定目录","1123","内嘴 P5 9槽 重42.5G
刻字内容：规格与型号
包装：单只塑料袋包装 500只/箱","","型号未锚定到目录"
"型号未锚定目录","1124","内嘴 P5 刻字内容规格与型号 如右图","","型号未锚定到目录"
"型号未锚定目录","1125","内嘴 P5 刻字内容规格与型号 如右图
单只塑料袋包装 500只/箱 重41G","","型号边界不干净（右侧紧贴 G）"
"型号未锚定目录","1126","内嘴 P5 刻字内容规格与型号 如右图
单只塑料袋包装 500只/箱 重42G","","型号未锚定到目录"
"型号未锚定目录","1127","内嘴 P6 9槽 重42.5G
刻字内容：规格与型号
包装：单只塑料袋包装 500只/箱","","型号未锚定到目录"
"型号未锚定目录","1128","内嘴 P6 刻字内容规格与型号 如右图
单只塑料袋包装 500只/箱 重41G","","型号边界不干净（右侧紧贴 G）"
"型号未锚定目录","1129","内嘴 P6 刻字内容规格与型号 如右图
单只塑料袋包装 500只/箱 重42G","","型号未锚定到目录"
"型号未锚定目录","1130","尼龙袋 白盒 2-W 1-W-1 8-MFA","","型号未锚定到目录"
"型号未锚定目录","1131","配T15T20的杆子+连接器","","型号未锚定到目录"
"型号未锚定目录","1132","塑壳 红盖 不干胶 50只/中盒","","型号未锚定到目录"
"型号未锚定目录","1133","外嘴 PNM 1# 刻字内容规格与型号 
单只塑料袋包装 500只/箱 重32G","","型号未锚定到目录"
"型号未锚定目录","1134","外嘴 PNM 1# 刻字内容规格与型号 如图","","型号未锚定到目录"
"型号未锚定目录","1135","外嘴 PNM 1# 刻字内容规格与型号 如图
单只塑料袋包装 500只/箱 重31G","","型号未锚定到目录"
"型号未锚定目录","1136","外嘴 PNM 2# 刻字内容规格与型号 如图","","型号未锚定到目录"
"型号未锚定目录","1137","外嘴 PNM 2# 刻字内容规格与型号 如图
单只塑料袋包装 500只/箱 重31G","","型号未锚定到目录"
"型号未锚定目录","1138","外嘴 PNM1 重32G
刻字内容：规格+型号 
包装：单只塑料袋包装 500只/箱","","型号未锚定到目录"
"型号未锚定目录","1139","外嘴 PNM1，刻字内容规格与型号，单只塑料袋包装，500只/箱,重32G","","型号未锚定到目录"
"名称未写 size（型号已锚定）","1163","乙炔割嘴 1-101 Nº 1
厚度：10-20mm
预热：0.7  孔口：1.2
包装：塑料盒+不干胶如右图","1-101","名称未写尺寸（size 待人工确认）"
"名称未写 size（型号已锚定）","1164","乙炔割嘴 1-101 Nº 2
厚度：20-40mm
预热：0.8 孔口：1.5
包装：塑料盒+不干胶如右图","1-101","名称未写尺寸（size 待人工确认）"
"名称未写 size（型号已锚定）","1165","乙炔割嘴 1-101 Nº 3
厚度：40-60mm
预热：0.9 孔口：1.8
包装：塑料盒+不干胶如右图","1-101","名称未写尺寸（size 待人工确认）"
"型号未锚定目录","1189","乙炔割嘴 AMN-#1 (切割厚度 10to25mm)
配R3P-3-500三根管子 刻字：AMN+型号

包装：PP袋1只/袋 50只1盒 200只1箱","","型号未锚定到目录"
"型号未锚定目录","1190","乙炔割嘴 AMN-#2 (切割厚度 25to75mm)
配R3P-3-500三根管子 刻字：AMN+型号

包装：PP袋1只/袋 50只1盒 200只1箱","","型号未锚定到目录"
"型号未锚定目录","1191","乙炔割嘴 AMN-#3 (切割厚度 75to125mm)
配R3P-3-500三根管子 刻字：AMN+型号

包装：PP袋1只/袋 50只1盒 200只1箱","","型号未锚定到目录"
"型号未锚定目录","1192","乙炔割嘴 ANM 0# 
刻字内容：规格与型号","","型号未锚定到目录"
"型号未锚定目录","1193","乙炔割嘴 ANM 1# 
刻字内容：规格与型号","","型号未锚定到目录"
"型号未锚定目录","1194","乙炔割嘴 ANM 2# 
刻字内容：规格与型号","","型号未锚定到目录"
"型号未锚定目录","1195","乙炔割嘴 ANM 3# 
刻字内容：规格与型号","","型号未锚定到目录"
"型号未锚定目录","1196","乙炔割嘴 ANM 4# 
刻字内容：规格与型号","","型号未锚定到目录"
"型号未锚定目录","1197","乙炔割嘴 ANM 5# 
刻字内容：规格与型号","","型号未锚定到目录"
"型号未锚定目录","1198","乙炔割嘴 ANM 6# 
刻字内容：规格与型号","","型号未锚定到目录"
"型号未锚定目录","1219","乙炔切割喷嘴,3号
厚度：40-60mm
孔口：1.8","","型号未锚定到目录"
"型号未锚定目录","1220","乙炔切割喷嘴,4号
厚度：60-80mm
预热：0.9
孔口：1.8
安宝库存","","型号未锚定到目录"
"型号未锚定目录","1221","只","","型号未锚定到目录"
"型号未锚定目录","1222","AGA割嘴，2#，GIOCWELD包装和标签","","型号未锚定到目录"
"名称未写 size（型号已锚定）","1223","ANME 割嘴  7/64","ANME","名称未写尺寸（size 待人工确认）"
"名称未写 size（型号已锚定）","1224","ANME 割嘴 1/32","ANME","名称未写尺寸（size 待人工确认）"
"名称未写 size（型号已锚定）","1225","ANME 割嘴 1/64","ANME","名称未写尺寸（size 待人工确认）"
"名称未写 size（型号已锚定）","1226","ANME 割嘴 1/8","ANME","名称未写尺寸（size 待人工确认）"
"名称未写 size（型号已锚定）","1227","ANME 割嘴 3/32","ANME","名称未写尺寸（size 待人工确认）"
"型号未锚定目录","1228","Cutting nozzles Code:4027","","型号未锚定到目录"
"型号未锚定目录","1229","Cutting nozzles Code:4192 ,    73.2G","","型号边界不干净（右侧紧贴 9）"
"型号未锚定目录","1230","Cutting nozzles Code:4193","","型号边界不干净（右侧紧贴 9）"
"型号未锚定目录","1231","Cutting nozzles Code:4194","","型号边界不干净（右侧紧贴 9）"
"型号未锚定目录","1232","G03-0","","型号未锚定到目录"
"型号未锚定目录","1233","G03-2","","型号未锚定到目录"
"型号未锚定目录","1246","G11  Nº1","","型号未锚定到目录"
"型号未锚定目录","1247","G11  Nº2","","型号未锚定到目录"
"型号未锚定目录","1248","GK3-0","","型号未锚定到目录"
"型号未锚定目录","1249","GK3-1","","型号未锚定到目录"
"型号未锚定目录","1250","GK3-3","","型号未锚定到目录"
"型号未锚定目录","1251","GK3-4","","型号未锚定到目录"
"型号未锚定目录","1252","GK3-6","","型号未锚定到目录"
"型号未锚定目录","1253","Gloor cutting nuzzle,6# 做足75g","","型号未锚定到目录"
"型号未锚定目录","1254","Gloor cutting nuzzle,7# 做足75g克","","型号未锚定到目录"
"型号未锚定目录","1255","Gloor cutting nuzzle,8号$做足75g","","型号未锚定到目录"
"型号未锚定目录","1281","harris 乙炔割嘴 6290-42","","尺寸不在目录档位（候选数字 42）"
"型号未锚定目录","1287","HARRIS彩盒 不干胶 10只/中盒","","型号未锚定到目录"
"型号未锚定目录","1288","HARRIS焊杆","","型号未锚定到目录"
"型号未锚定目录","1325","MFA","","型号未锚定到目录"
"型号未锚定目录","1326","Nozzle №2 (1/16”)
客人要12个槽","","型号未锚定到目录"
"型号未锚定目录","1327","Nozzle №2 (1/32”)
客人要12个槽","","型号未锚定到目录"
"型号未锚定目录","1328","Nozzle №5 (7/64”) 
客人要12个槽 74克","","型号未锚定到目录"
"型号未锚定目录","1329","Nozzle №6 (1/8”) 
客人要12个槽 74克","","型号未锚定到目录"
"型号未锚定目录","1330","PNME 割嘴 1#","","尺寸不在目录档位（候选数字 1）"
"型号未锚定目录","1331","PNME 割嘴 2#","","尺寸不在目录档位（候选数字 2）"
"型号未锚定目录","1332","PNME 割嘴 3#","","尺寸不在目录档位（候选数字 3）"
"型号未锚定目录","1333","PNME 割嘴 4#","","尺寸不在目录档位（候选数字 4）"
"型号未锚定目录","1334","PNME 割嘴 5#","","尺寸不在目录档位（候选数字 5）"
"型号未锚定目录","1335","PNME 割嘴 6#","","尺寸不在目录档位（候选数字 6）"
"型号未锚定目录","1336","PNME-2","","尺寸不在目录档位（候选数字 2）"
"型号未锚定目录","1337","PNME-3","","尺寸不在目录档位（候选数字 3）"
"型号未锚定目录","1338","PNME-4","","尺寸不在目录档位（候选数字 4）"
"型号未锚定目录","1339","PNME-5","","尺寸不在目录档位（候选数字 5）"
"型号未锚定目录","1340","PNME-6","","尺寸不在目录档位（候选数字 6）"
"型号未锚定目录","1342","PNME18 1/16","","尺寸不在目录档位（候选数字 18）"
"型号未锚定目录","1343","PNME18 1/32","","尺寸不在目录档位（候选数字 18）"
"型号未锚定目录","1344","PNME18 5/64","","尺寸不在目录档位（候选数字 18）"
"型号未锚定目录","1345","PNME18 割嘴 3/32","","尺寸不在目录档位（候选数字 18）"
"型号未锚定目录","1346","PNME18 割嘴 3/64","","尺寸不在目录档位（候选数字 18）"
"型号未锚定目录","1347","PNME18 割嘴 5/64","","尺寸不在目录档位（候选数字 18）"
"型号未锚定目录","1348","PNME18 割嘴 7/64","","尺寸不在目录档位（候选数字 18）"
"型号未锚定目录","1350","PNME9 3/32","","尺寸不在目录档位（候选数字 9）"
"名称未写 size（型号已锚定）","1351","PNME割嘴 1/16 贴不干胶标注尺寸","PNME","名称未写尺寸（size 待人工确认）"
"名称未写 size（型号已锚定）","1352","PNME割嘴 1/32 贴不干胶标注尺寸","PNME","名称未写尺寸（size 待人工确认）"
"名称未写 size（型号已锚定）","1353","PNME割嘴 3/64 贴不干胶标注尺寸","PNME","名称未写尺寸（size 待人工确认）"
"名称未写 size（型号已锚定）","1354","PNME割嘴 5/64 贴不干胶标注尺寸","PNME","名称未写尺寸（size 待人工确认）"
"型号未锚定目录","1384","T15","","型号未锚定到目录"
"型号未锚定目录","1385","T20+管子+连接器","","型号未锚定到目录"
"型号未锚定目录","1386","T20+后部","","型号未锚定到目录"
"型号未锚定目录","1387","T20的杆子+连接器","","型号未锚定到目录"
"型号未锚定目录","1388","T20杆子+连接器","","型号未锚定到目录"
"型号未锚定目录","1389","TANAKA原装割嘴带原装刻字 #1号","","型号未锚定到目录"
"型号未锚定目录","1390","TANAKA原装割嘴带原装刻字 #2号","","型号未锚定到目录"
"型号未锚定目录","1391","TANAKA原装割嘴带原装刻字 #3号","","型号未锚定到目录"
"型号未锚定目录","1392","TANAKA原装割嘴带原装刻字 #4号","","型号未锚定到目录"
"型号未锚定目录","1396","VICTOR 8-MFN VICTOR 15-MFN VICTOR 20 TYPE 55 连接器也刻上 VICTOR","","型号未锚定到目录"
"型号未锚定目录","1426","VICTOR LPG ------","","型号未锚定到目录"
"型号未锚定目录","1428","Victor Style 300 Series Gouging Tip-Size 1 1-118 2#","","尺寸有歧义（型号前 1 / 型号后 2）"
"型号未锚定目录","1429","Victor Style 300 Series Gouging Tip-Size 2 1-118 4#","","尺寸有歧义（型号前 2 / 型号后 4）"
"型号未锚定目录","1430","Victor Style 300 Series Gouging Tip-Size 3 1-118 6#","","尺寸有歧义（型号前 3 / 型号后 6）"
"型号未锚定目录","1431","W,1-W,2-W 通用后部","","型号未锚定到目录"
"型号未锚定目录","1432","W焊管","","型号未锚定到目录"
"型号未锚定目录","1433","WS10114乙炔割嘴 101-1-4","","型号未锚定到目录"
"型号未锚定目录","1434","WS202305乙炔割嘴 102HC-0
全铜 重86.5g","","型号边界不干净（右侧紧贴 H）"
"型号未锚定目录","1435","WS202306乙炔割嘴 102HC-1
全铜 重86.5g","","型号边界不干净（右侧紧贴 H）"
"型号未锚定目录","1436","WS202307乙炔割嘴 102HC-2
全铜 重86.5g","","型号边界不干净（右侧紧贴 H）"
"型号未锚定目录","1437","WS202309丙烷割嘴 106HC-0号 74g","","型号边界不干净（右侧紧贴 H）"
"型号未锚定目录","1438","WS202310丙烷割嘴 106HC-1重74g","","型号边界不干净（右侧紧贴 H）"
"型号未锚定目录","1439","WS202311丙烷割嘴 106HC-2重74g","","型号边界不干净（右侧紧贴 H）"
"型号未锚定目录","1440","WS202312丙烷割嘴 106HC-3号74g","","型号边界不干净（右侧紧贴 H）"
"型号未锚定目录","1441","WS202312丙烷割嘴 106HC-3重74g","","型号边界不干净（右侧紧贴 H）"
"型号未锚定目录","1447","（未建档产品·待补）","","型号未锚定到目录"
