系列编号,系列,型号,气体类型,size,orifice_mm,thickness_range,目录页
01,AMERICAN STYLE CUTTING TIP,1-101,ACETYLENE,000,0.7,1-3,2
01,AMERICAN STYLE CUTTING TIP,1-101,ACETYLENE,00,0.8,3-6,2
01,AMERICAN STYLE CUTTING TIP,1-101,ACETYLENE,0,1.0,6-10,2
01,AMERICAN STYLE CUTTING TIP,1-101,ACETYLENE,1,1.2,10-20,2
01,AMERICAN STYLE CUTTING TIP,1-101,ACETYLENE,2,1.5,20-40,2
01,AMERICAN STYLE CUTTING TIP,1-101,ACETYLENE,3,1.8,40-60,2
01,AMERICAN STYLE CUTTING TIP,1-101,ACETYLENE,4,2.1,60-80,2
01,AMERICAN STYLE CUTTING TIP,1-101,ACETYLENE,5,2.5,80-125,2
01,AMERICAN STYLE CUTTING TIP,1-101,ACETYLENE,6,3.1,125-200,2
01,AMERICAN STYLE CUTTING TIP,1-101,ACETYLENE,7,3.6,200-250,2
01,AMERICAN STYLE CUTTING TIP,1-101,ACETYLENE,8,4.1,250-300,2
01,AMERICAN STYLE CUTTING TIP,1-118,ACETYLENE,0,1.2,1.8x5,2
01,AMERICAN STYLE CUTTING TIP,1-118,ACETYLENE,2,1.5,2.4x5,2
01,AMERICAN STYLE CUTTING TIP,1-118,ACETYLENE,4,1.8,2.5x5,2
01,AMERICAN STYLE CUTTING TIP,1-118,ACETYLENE,6,2.1,2.8x10,2
01,AMERICAN STYLE CUTTING TIP,1-118,ACETYLENE,8,2.4,3.2x10,2
01,AMERICAN STYLE CUTTING TIP,3-101,ACETYLENE,000,0.7,1-3,2
01,AMERICAN STYLE CUTTING TIP,3-101,ACETYLENE,00,0.8,3-6,2
01,AMERICAN STYLE CUTTING TIP,3-101,ACETYLENE,0,1.0,6-10,2
01,AMERICAN STYLE CUTTING TIP,3-101,ACETYLENE,1,1.2,10-20,2
01,AMERICAN STYLE CUTTING TIP,3-101,ACETYLENE,2,1.5,20-40,2
01,AMERICAN STYLE CUTTING TIP,3-101,ACETYLENE,3,1.8,40-60,2
01,AMERICAN STYLE CUTTING TIP,3-101,ACETYLENE,4,2.1,60-80,2
01,AMERICAN STYLE CUTTING TIP,3-101,ACETYLENE,5,2.5,80-125,2
01,AMERICAN STYLE CUTTING TIP,3GPN,LPG,00,0.8,3-6,3
01,AMERICAN STYLE CUTTING TIP,3GPN,LPG,0,1.0,6-10,3
01,AMERICAN STYLE CUTTING TIP,3GPN,LPG,1,1.2,10-20,3
01,AMERICAN STYLE CUTTING TIP,3GPN,LPG,2,1.5,20-40,3
01,AMERICAN STYLE CUTTING TIP,3GPN,LPG,3,1.8,40-60,3
01,AMERICAN STYLE CUTTING TIP,3GPN,LPG,4,2.1,60-80,3
01,AMERICAN STYLE CUTTING TIP,3GPN,LPG,5,2.5,80-125,3
01,AMERICAN STYLE CUTTING TIP,138,ACETYLENE,00,0.8,1-3,3
01,AMERICAN STYLE CUTTING TIP,138,ACETYLENE,0,1.0,3-6,3
01,AMERICAN STYLE CUTTING TIP,138,ACETYLENE,1,1.2,6-10,3
01,AMERICAN STYLE CUTTING TIP,138,ACETYLENE,2,1.4,10-20,3
01,AMERICAN STYLE CUTTING TIP,138,ACETYLENE,3,1.6,20-40,3
01,AMERICAN STYLE CUTTING TIP,138,ACETYLENE,4,1.8,40-60,3
01,AMERICAN STYLE CUTTING TIP,138,ACETYLENE,5,2.1,60-100,3
01,AMERICAN STYLE CUTTING TIP,138,ACETYLENE,6,2.4,100-150,3
01,AMERICAN STYLE CUTTING TIP,144,ACETYLENE,00,0.8,3-6,3
01,AMERICAN STYLE CUTTING TIP,144,ACETYLENE,0,1.0,6-10,3
01,AMERICAN STYLE CUTTING TIP,144,ACETYLENE,1,1.2,10-20,3
01,AMERICAN STYLE CUTTING TIP,144,ACETYLENE,2,1.4,20-40,3
01,AMERICAN STYLE CUTTING TIP,144,ACETYLENE,3,1.6,40-60,3
01,AMERICAN STYLE CUTTING TIP,144,ACETYLENE,4,1.8,60-100,3
01,AMERICAN STYLE CUTTING TIP,144,ACETYLENE,5,2.0,100-150,3
01,AMERICAN STYLE CUTTING TIP,144,ACETYLENE,6,2.4,150-200,3
01,AMERICAN STYLE CUTTING TIP,144,ACETYLENE,7,2.8,200-250,3
01,AMERICAN STYLE CUTTING TIP,144,ACETYLENE,8,3.2,250-300,3
01,AMERICAN STYLE CUTTING TIP,164,ACETYLENE,00,0.8,3-6,4
01,AMERICAN STYLE CUTTING TIP,164,ACETYLENE,0,1.0,6-10,4
01,AMERICAN STYLE CUTTING TIP,164,ACETYLENE,1,1.2,10-20,4
01,AMERICAN STYLE CUTTING TIP,164,ACETYLENE,2,1.4,20-40,4
01,AMERICAN STYLE CUTTING TIP,164,ACETYLENE,3,1.6,40-60,4
01,AMERICAN STYLE CUTTING TIP,164,ACETYLENE,4,1.8,60-100,4
01,AMERICAN STYLE CUTTING TIP,164,ACETYLENE,5,2.0,100-150,4
01,AMERICAN STYLE CUTTING TIP,164,ACETYLENE,6,2.4,150-200,4
01,AMERICAN STYLE CUTTING TIP,164,ACETYLENE,7,2.8,200-250,4
01,AMERICAN STYLE CUTTING TIP,164,ACETYLENE,8,3.2,250-300,4
01,AMERICAN STYLE CUTTING TIP,229,LPG,00,0.6,1-3,4
01,AMERICAN STYLE CUTTING TIP,229,LPG,0,0.8,3-6,4
01,AMERICAN STYLE CUTTING TIP,229,LPG,1,1.0,6-10,4
01,AMERICAN STYLE CUTTING TIP,229,LPG,2,1.2,10-15,4
01,AMERICAN STYLE CUTTING TIP,229,LPG,3,1.4,15-25,4
01,AMERICAN STYLE CUTTING TIP,229,LPG,4,1.6,25-50,4
01,AMERICAN STYLE CUTTING TIP,229,LPG,5,1.9,50-100,4
01,AMERICAN STYLE CUTTING TIP,229,LPG,6,2.5,100-150,4
01,AMERICAN STYLE CUTTING TIP,229,LPG,7,2.8,150-200,4
01,AMERICAN STYLE CUTTING TIP,229,LPG,8,3.2,200-250,4
01,AMERICAN STYLE CUTTING TIP,261,LPG,00,0.6,1-3,4
01,AMERICAN STYLE CUTTING TIP,261,LPG,0,0.8,3-6,4
01,AMERICAN STYLE CUTTING TIP,261,LPG,1,1.0,6-10,4
01,AMERICAN STYLE CUTTING TIP,261,LPG,2,1.2,10-15,4
01,AMERICAN STYLE CUTTING TIP,261,LPG,3,1.4,15-25,4
01,AMERICAN STYLE CUTTING TIP,261,LPG,4,1.6,25-50,4
01,AMERICAN STYLE CUTTING TIP,261,LPG,5,1.9,50-100,4
01,AMERICAN STYLE CUTTING TIP,261,LPG,6,2.5,100-150,4
01,AMERICAN STYLE CUTTING TIP,261,LPG,7,2.8,150-200,4
01,AMERICAN STYLE CUTTING TIP,261,LPG,8,3.2,200-250,4
01,AMERICAN STYLE CUTTING TIP,275,LPG,00,0.6,1-3,5
01,AMERICAN STYLE CUTTING TIP,275,LPG,0,0.8,3-6,5
01,AMERICAN STYLE CUTTING TIP,275,LPG,1,1.0,6-10,5
01,AMERICAN STYLE CUTTING TIP,275,LPG,2,1.2,10-15,5
01,AMERICAN STYLE CUTTING TIP,275,LPG,3,1.4,15-25,5
01,AMERICAN STYLE CUTTING TIP,275,LPG,4,1.6,25-50,5
01,AMERICAN STYLE CUTTING TIP,275,LPG,5,1.9,50-100,5
01,AMERICAN STYLE CUTTING TIP,275,LPG,6,2.5,100-150,5
01,AMERICAN STYLE CUTTING TIP,275,LPG,7,2.8,150-200,5
01,AMERICAN STYLE CUTTING TIP,275,LPG,8,3.2,200-250,5
01,AMERICAN STYLE CUTTING TIP,6290,ACETYLENE,000,0.8,1-5,5
01,AMERICAN STYLE CUTTING TIP,6290,ACETYLENE,00,0.9,5-10,5
01,AMERICAN STYLE CUTTING TIP,6290,ACETYLENE,0,1.0,10-15,5
01,AMERICAN STYLE CUTTING TIP,6290,ACETYLENE,1,1.2,15-25,5
01,AMERICAN STYLE CUTTING TIP,6290,ACETYLENE,2,1.6,25-50,5
01,AMERICAN STYLE CUTTING TIP,6290,ACETYLENE,3,2.0,50-100,5
01,AMERICAN STYLE CUTTING TIP,6290,ACETYLENE,4,2.4,100-175,5
01,AMERICAN STYLE CUTTING TIP,6290,ACETYLENE,5,2.8,175-250,5
01,AMERICAN STYLE CUTTING TIP,6290,ACETYLENE,6,3.2,250-300,5
01,AMERICAN STYLE CUTTING TIP,6290AC,ACETYLENE,000,0.8,1-5,5
01,AMERICAN STYLE CUTTING TIP,6290AC,ACETYLENE,00,0.9,5-10,5
01,AMERICAN STYLE CUTTING TIP,6290AC,ACETYLENE,0,1.0,10-15,5
01,AMERICAN STYLE CUTTING TIP,6290AC,ACETYLENE,1,1.2,15-25,5
01,AMERICAN STYLE CUTTING TIP,6290AC,ACETYLENE,2,1.6,25-50,5
01,AMERICAN STYLE CUTTING TIP,6290AC,ACETYLENE,3,2.0,50-100,5
01,AMERICAN STYLE CUTTING TIP,6290AC,ACETYLENE,4,2.4,100-175,5
01,AMERICAN STYLE CUTTING TIP,6290AC,ACETYLENE,5,2.8,175-250,5
01,AMERICAN STYLE CUTTING TIP,6290AC,ACETYLENE,6,3.2,250-300,5
01,AMERICAN STYLE CUTTING TIP,6290NFF,LPG,0,1.0,10-15,6
01,AMERICAN STYLE CUTTING TIP,6290NFF,LPG,1,1.2,15-25,6
01,AMERICAN STYLE CUTTING TIP,6290NFF,LPG,2,1.6,25-50,6
01,AMERICAN STYLE CUTTING TIP,6290NFF,LPG,3,2.0,50-100,6
01,AMERICAN STYLE CUTTING TIP,6290NFF,LPG,4,2.4,100-175,6
01,AMERICAN STYLE CUTTING TIP,6290NFF,LPG,5,2.8,175-250,6
01,AMERICAN STYLE CUTTING TIP,6290NFF,LPG,6,3.2,250-300,6
01,AMERICAN STYLE CUTTING TIP,6290NX,LPG,000,0.8,1-5,6
01,AMERICAN STYLE CUTTING TIP,6290NX,LPG,00,0.9,5-10,6
01,AMERICAN STYLE CUTTING TIP,6290NX,LPG,0,1.0,10-15,6
01,AMERICAN STYLE CUTTING TIP,6290NX,LPG,1,1.2,15-25,6
01,AMERICAN STYLE CUTTING TIP,6290NX,LPG,2,1.6,25-50,6
01,AMERICAN STYLE CUTTING TIP,6290NX,LPG,3,2.0,50-100,6
01,AMERICAN STYLE CUTTING TIP,6290NX,LPG,4,2.4,100-175,6
01,AMERICAN STYLE CUTTING TIP,6290NX,LPG,5,2.8,175-250,6
01,AMERICAN STYLE CUTTING TIP,6290NX,LPG,6,3.2,250-300,6
01,AMERICAN STYLE CUTTING TIP,GPN,LPG,000,0.7,1-3,6
01,AMERICAN STYLE CUTTING TIP,GPN,LPG,00,0.8,3-6,6
01,AMERICAN STYLE CUTTING TIP,GPN,LPG,0,1.0,6-10,6
01,AMERICAN STYLE CUTTING TIP,GPN,LPG,1,1.2,10-20,6
01,AMERICAN STYLE CUTTING TIP,GPN,LPG,2,1.5,20-40,6
01,AMERICAN STYLE CUTTING TIP,GPN,LPG,3,1.8,40-60,6
01,AMERICAN STYLE CUTTING TIP,GPN,LPG,4,2.1,60-80,6
01,AMERICAN STYLE CUTTING TIP,GPN,LPG,5,2.5,80-125,6
01,AMERICAN STYLE CUTTING TIP,GPN,LPG,6,3.1,125-200,6
01,AMERICAN STYLE CUTTING TIP,GPN,LPG,7,3.6,200-250,6
01,AMERICAN STYLE CUTTING TIP,GPN,LPG,8,4.1,250-300,6
01,AMERICAN STYLE CUTTING TIP,HPN,LPG,1,1.0,10-20,7
01,AMERICAN STYLE CUTTING TIP,HPN,LPG,2,1.2,20-40,7
01,AMERICAN STYLE CUTTING TIP,HPN,LPG,3,1.4,40-60,7
01,AMERICAN STYLE CUTTING TIP,HPN,LPG,4,1.8,60-80,7
01,AMERICAN STYLE CUTTING TIP,HPN,LPG,5,2.0,80-125,7
01,AMERICAN STYLE CUTTING TIP,HPN,LPG,6,2.4,125-200,7
01,AMERICAN STYLE CUTTING TIP,HPN,LPG,7,2.8,200-250,7
01,AMERICAN STYLE CUTTING TIP,HPN,LPG,8,3.2,250-300,7
01,AMERICAN STYLE CUTTING TIP,HPN,LPG,10,4.0,300-380,7
01,AMERICAN STYLE CUTTING TIP,HPN,LPG,12,4.5,380-450,7
01,AMERICAN STYLE CUTTING TIP,MC12,ACETYLENE,00,0.8,3-5,7
01,AMERICAN STYLE CUTTING TIP,MC12,ACETYLENE,0,1.0,5-10,7
01,AMERICAN STYLE CUTTING TIP,MC12,ACETYLENE,1,1.2,10-15,7
01,AMERICAN STYLE CUTTING TIP,MC12,ACETYLENE,2,1.4,15-30,7
01,AMERICAN STYLE CUTTING TIP,MC12,ACETYLENE,3,1.7,30-50,7
01,AMERICAN STYLE CUTTING TIP,MC12,ACETYLENE,4,2.1,50-100,7
01,AMERICAN STYLE CUTTING TIP,MC12,ACETYLENE,5,2.4,100-150,7
01,AMERICAN STYLE CUTTING TIP,MC40,LPG,00,0.8,3-5,7
01,AMERICAN STYLE CUTTING TIP,MC40,LPG,0,1.0,5-10,7
01,AMERICAN STYLE CUTTING TIP,MC40,LPG,1,1.2,10-15,7
01,AMERICAN STYLE CUTTING TIP,MC40,LPG,2,1.4,15-30,7
01,AMERICAN STYLE CUTTING TIP,MC40,LPG,3,1.6,30-50,7
01,AMERICAN STYLE CUTTING TIP,MC40,LPG,4,1.8,50-100,7
01,AMERICAN STYLE CUTTING TIP,SC12,ACETYLENE,000,0.7,1-3,8
01,AMERICAN STYLE CUTTING TIP,SC12,ACETYLENE,00,0.8,3-5,8
01,AMERICAN STYLE CUTTING TIP,SC12,ACETYLENE,0,1.0,5-10,8
01,AMERICAN STYLE CUTTING TIP,SC12,ACETYLENE,1,1.2,10-15,8
01,AMERICAN STYLE CUTTING TIP,SC12,ACETYLENE,2,1.4,15-30,8
01,AMERICAN STYLE CUTTING TIP,SC12,ACETYLENE,3,1.7,30-50,8
01,AMERICAN STYLE CUTTING TIP,SC12,ACETYLENE,4,2.0,50-100,8
01,AMERICAN STYLE CUTTING TIP,SC12,ACETYLENE,5,2.3,100-200,8
01,AMERICAN STYLE CUTTING TIP,SC12,ACETYLENE,6,2.6,200-300,8
01,AMERICAN STYLE CUTTING TIP,SC12,ACETYLENE,7,3.0,300-350,8
01,AMERICAN STYLE CUTTING TIP,SC50,LPG,00,0.8,3-5,8
01,AMERICAN STYLE CUTTING TIP,SC50,LPG,0,1.0,5-10,8
01,AMERICAN STYLE CUTTING TIP,SC50,LPG,1,1.2,10-15,8
01,AMERICAN STYLE CUTTING TIP,SC50,LPG,2,1.5,15-30,8
01,AMERICAN STYLE CUTTING TIP,SC50,LPG,3,1.8,30-50,8
01,AMERICAN STYLE CUTTING TIP,SC50,LPG,4,2.1,50-100,8
01,AMERICAN STYLE CUTTING TIP,SC50,LPG,5,2.4,100-200,8
01,AMERICAN STYLE CUTTING TIP,SC50,LPG,6,2.8,200-300,8
01,AMERICAN STYLE CUTTING TIP,SC50,LPG,7,3.2,300-350,8
01,AMERICAN STYLE CUTTING TIP,SC50,LPG,8,3.6,350-450,8
01,AMERICAN STYLE CUTTING TIP,SC50,LPG,9,4.4,450-500,8
02,JAPANESE STYLE CUTTING TIP,102,ACETYLENE,00,0.8,0-5,9
02,JAPANESE STYLE CUTTING TIP,102,ACETYLENE,0,1.0,5-10,9
02,JAPANESE STYLE CUTTING TIP,102,ACETYLENE,1,1.2,10-15,9
02,JAPANESE STYLE CUTTING TIP,102,ACETYLENE,2,1.4,15-30,9
02,JAPANESE STYLE CUTTING TIP,102,ACETYLENE,3,1.6,30-40,9
02,JAPANESE STYLE CUTTING TIP,102,ACETYLENE,4,1.8,40-50,9
02,JAPANESE STYLE CUTTING TIP,102,ACETYLENE,5,2.0,50-100,9
02,JAPANESE STYLE CUTTING TIP,102,ACETYLENE,6,2.4,100-150,9
02,JAPANESE STYLE CUTTING TIP,102,ACETYLENE,7,2.8,150-200,9
02,JAPANESE STYLE CUTTING TIP,102,ACETYLENE,8,3.2,250-300,9
02,JAPANESE STYLE CUTTING TIP,106,LPG,00,0.8,0-5,9
02,JAPANESE STYLE CUTTING TIP,106,LPG,0,1.0,5-10,9
02,JAPANESE STYLE CUTTING TIP,106,LPG,1,1.2,10-15,9
02,JAPANESE STYLE CUTTING TIP,106,LPG,2,1.4,15-30,9
02,JAPANESE STYLE CUTTING TIP,106,LPG,3,1.6,30-40,9
02,JAPANESE STYLE CUTTING TIP,106,LPG,4,1.8,40-50,9
02,JAPANESE STYLE CUTTING TIP,106,LPG,5,2.0,50-100,9
02,JAPANESE STYLE CUTTING TIP,106,LPG,6,2.4,100-150,9
02,JAPANESE STYLE CUTTING TIP,106,LPG,7,2.8,150-200,9
02,JAPANESE STYLE CUTTING TIP,106,LPG,8,3.2,250-300,9
02,JAPANESE STYLE CUTTING TIP,106D7,LPG,00,0.6,5-10,9
02,JAPANESE STYLE CUTTING TIP,106D7,LPG,0,0.8,10-20,9
02,JAPANESE STYLE CUTTING TIP,106D7,LPG,1,1.0,20-40,9
02,JAPANESE STYLE CUTTING TIP,106D7,LPG,2,1.25,40-60,9
02,JAPANESE STYLE CUTTING TIP,106D7,LPG,3,1.5,60-100,9
02,JAPANESE STYLE CUTTING TIP,106D7,LPG,4,1.75,100-150,9
02,JAPANESE STYLE CUTTING TIP,106D7,LPG,5,2.0,150-180,9
02,JAPANESE STYLE CUTTING TIP,106D7,LPG,6,2.3,180-220,9
02,JAPANESE STYLE CUTTING TIP,A(ACE),ACETYLENE,1,1.0,1-15,10
02,JAPANESE STYLE CUTTING TIP,A(ACE),ACETYLENE,2,1.3,15-50,10
02,JAPANESE STYLE CUTTING TIP,A(ACE),ACETYLENE,3,1.6,50-100,10
02,JAPANESE STYLE CUTTING TIP,A(LPG),LPG,1,1.0,1-15,10
02,JAPANESE STYLE CUTTING TIP,A(LPG),LPG,2,1.3,15-50,10
02,JAPANESE STYLE CUTTING TIP,A(LPG),LPG,3,1.6,50-100,10
02,JAPANESE STYLE CUTTING TIP,M(ACE),ACETYLENE,1,0.7,1-5,10
02,JAPANESE STYLE CUTTING TIP,M(ACE),ACETYLENE,2,0.9,5-15,10
02,JAPANESE STYLE CUTTING TIP,M(ACE),ACETYLENE,3,1.1,15-30,10
02,JAPANESE STYLE CUTTING TIP,M(LPG),LPG,1,0.7,1-5,11
02,JAPANESE STYLE CUTTING TIP,M(LPG),LPG,2,0.9,5-15,11
02,JAPANESE STYLE CUTTING TIP,M(LPG),LPG,3,1.1,15-30,11
02,JAPANESE STYLE CUTTING TIP,ST8-A,ACETYLENE,1,0.7,1-5,11
02,JAPANESE STYLE CUTTING TIP,ST8-A,ACETYLENE,2,0.9,5-10,11
02,JAPANESE STYLE CUTTING TIP,ST8-A,ACETYLENE,3,1.1,10-30,11
02,JAPANESE STYLE CUTTING TIP,ST8-A,ACETYLENE,4,1.3,30-50,11
02,JAPANESE STYLE CUTTING TIP,ST8-P,LPG,1,0.7,1-5,11
02,JAPANESE STYLE CUTTING TIP,ST8-P,LPG,2,0.9,5-10,11
02,JAPANESE STYLE CUTTING TIP,ST8-P,LPG,3,1.1,10-30,11
02,JAPANESE STYLE CUTTING TIP,ST8-P,LPG,4,1.3,30-50,11
03,BRITISH STYLE CUTTING TIP,ANME,ACETYLENE,1/32,0.8,3-10,12
03,BRITISH STYLE CUTTING TIP,ANME,ACETYLENE,3/64,1.2,10-25,12
03,BRITISH STYLE CUTTING TIP,ANME,ACETYLENE,1/16,1.6,25-75,12
03,BRITISH STYLE CUTTING TIP,ANME,ACETYLENE,5/64,2.0,75-125,12
03,BRITISH STYLE CUTTING TIP,ANME,ACETYLENE,3/32,2.4,125-175,12
03,BRITISH STYLE CUTTING TIP,ANME,ACETYLENE,7/64,2.8,175-225,12
03,BRITISH STYLE CUTTING TIP,ANME,ACETYLENE,1/8,3.2,225-300,12
03,BRITISH STYLE CUTTING TIP,PNME,LPG,1/64,0.6,1-3,12
03,BRITISH STYLE CUTTING TIP,PNME,LPG,1/32,0.8,3-10,12
03,BRITISH STYLE CUTTING TIP,PNME,LPG,3/64,1.2,10-25,12
03,BRITISH STYLE CUTTING TIP,PNME,LPG,1/16,1.6,25-75,12
03,BRITISH STYLE CUTTING TIP,PNME,LPG,5/64,2.0,75-125,12
03,BRITISH STYLE CUTTING TIP,PNME,LPG,3/32,2.4,125-175,12
03,BRITISH STYLE CUTTING TIP,PNME,LPG,7/64,2.8,175-225,12
03,BRITISH STYLE CUTTING TIP,PNME,LPG,1/8,3.2,225-300,12
04,FRENCH STYLE CUTTING TIP,G1-A,ACETYLENE,7/10,0.7,3-10,13
04,FRENCH STYLE CUTTING TIP,G1-A,ACETYLENE,10/10,1.0,10-25,13
04,FRENCH STYLE CUTTING TIP,G1-A,ACETYLENE,12/10,1.2,25-50,13
04,FRENCH STYLE CUTTING TIP,G1-A,ACETYLENE,16/10,1.6,50-80,13
04,FRENCH STYLE CUTTING TIP,G1-A,ACETYLENE,20/10,2.0,80-120,13
04,FRENCH STYLE CUTTING TIP,G1-A,ACETYLENE,25/10,2.5,120-200,13
04,FRENCH STYLE CUTTING TIP,G1-A,ACETYLENE,30/10,3.0,200-300,13
04,FRENCH STYLE CUTTING TIP,G1-P,LPG,7/10,0.7,3-10,13
04,FRENCH STYLE CUTTING TIP,G1-P,LPG,10/10,1.0,10-25,13
04,FRENCH STYLE CUTTING TIP,G1-P,LPG,12/10,1.2,25-50,13
04,FRENCH STYLE CUTTING TIP,G1-P,LPG,16/10,1.6,50-80,13
04,FRENCH STYLE CUTTING TIP,G1-P,LPG,20/10,2.0,80-120,13
04,FRENCH STYLE CUTTING TIP,G1-P,LPG,25/10,2.5,120-200,13
04,FRENCH STYLE CUTTING TIP,G1-P,LPG,30/10,3.0,200-300,13
05,AUSTRALIAN STYLE CUTTING TIP,41,ACETYLENE,6,0.6,1-6,14
05,AUSTRALIAN STYLE CUTTING TIP,41,ACETYLENE,8,0.8,6-10,14
05,AUSTRALIAN STYLE CUTTING TIP,41,ACETYLENE,12,1.2,10-20,14
05,AUSTRALIAN STYLE CUTTING TIP,41,ACETYLENE,15,1.5,25-75,14
05,AUSTRALIAN STYLE CUTTING TIP,41,ACETYLENE,20,2.0,100-125,14
05,AUSTRALIAN STYLE CUTTING TIP,41,ACETYLENE,24,2.4,150-200,14
05,AUSTRALIAN STYLE CUTTING TIP,41,ACETYLENE,32,3.2,225-300,14
05,AUSTRALIAN STYLE CUTTING TIP,41,ACETYLENE,48,4.8,300-400,14
05,AUSTRALIAN STYLE CUTTING TIP,44,LPG,6,0.6,3-6,14
05,AUSTRALIAN STYLE CUTTING TIP,44,LPG,8,0.8,6-10,14
05,AUSTRALIAN STYLE CUTTING TIP,44,LPG,12,1.2,10-20,14
05,AUSTRALIAN STYLE CUTTING TIP,44,LPG,15,1.5,25-75,14
05,AUSTRALIAN STYLE CUTTING TIP,44,LPG,20,2.0,100-125,14
05,AUSTRALIAN STYLE CUTTING TIP,44,LPG,24,2.4,150-200,14
05,AUSTRALIAN STYLE CUTTING TIP,44,LPG,32,3.2,225-300,14
06,BRAZILIAN STYLE CUTTING TIP,1502,ACETYLENE,2,0.8,3-6,15
06,BRAZILIAN STYLE CUTTING TIP,1502,ACETYLENE,3,0.9,6-10,15
06,BRAZILIAN STYLE CUTTING TIP,1502,ACETYLENE,4,1.0,10-15,15
06,BRAZILIAN STYLE CUTTING TIP,1502,ACETYLENE,6,1.5,15-25,15
06,BRAZILIAN STYLE CUTTING TIP,1502,ACETYLENE,8,2.0,25-125,15
06,BRAZILIAN STYLE CUTTING TIP,1502,ACETYLENE,10,2.4,125-250,15
06,BRAZILIAN STYLE CUTTING TIP,1502,ACETYLENE,12,3.0,250-300,15
06,BRAZILIAN STYLE CUTTING TIP,1503,LPG,2,0.6,3-6,15
06,BRAZILIAN STYLE CUTTING TIP,1503,LPG,3,0.8,6-10,15
06,BRAZILIAN STYLE CUTTING TIP,1503,LPG,4,1.0,10-25,15
06,BRAZILIAN STYLE CUTTING TIP,1503,LPG,6,1.5,25-50,15
06,BRAZILIAN STYLE CUTTING TIP,1503,LPG,8,2.0,50-100,15
06,BRAZILIAN STYLE CUTTING TIP,1503,LPG,10,2.5,100-150,15
06,BRAZILIAN STYLE CUTTING TIP,1503,LPG,12,3.0,150-200,15
06,BRAZILIAN STYLE CUTTING TIP,1503,LPG,14,3.6,200-250,15
06,BRAZILIAN STYLE CUTTING TIP,1503,LPG,16,4.0,250-350,15
