"id","归一前","归一后","目录型号","size"
"6","GPN-1","1-GPN","GPN","1"
"7","GPN-2","2-GPN","GPN","2"
"9","割嘴 MC-12-1# 产品号码6003","1-MC12","MC12","1"
"11","割嘴 SC-12-2# 产品号码6001","2-SC12","SC12","2"
"12","割嘴 MC-12-2# 产品号码6004","2-MC12","MC12","2"
"16","GPN-3","3-GPN","GPN","3"
"24","割嘴 2-3-GPN 产品号码6032","2-3GPN","3GPN","2"
"33","HARRIS 丙烷割嘴6290-NX-2 53g
代码：4187","2-6290NX","6290NX","2"
"38","GPN-4","4-GPN","GPN","4"
"39","HARRIS 丙烷割嘴6290-NX-0 53g
代码：4184","0-6290NX","6290NX","0"
"40","smith 丙烷割嘴 SC-50-A-1 93g
代码：4157","1-SC50","SC50","1"
"42","smith 乙炔割嘴 SC-12-5 103g
代码：4151","5-SC12","SC12","5"
"43","HARRIS 丙烷割嘴6290-NX-1 53g
代码：4186","1-6290NX","6290NX","1"
"44","HARRIS 丙烷割嘴6290-NX-3 53g
代码：4188","3-6290NX","6290NX","3"
"45","smith 乙炔割嘴 SC-12-1 103g
代码：4134","1-SC12","SC12","1"
"47","smith 丙烷割嘴 SC-50-A-3 93g
代码：4161","3-SC50","SC50","3"
"53","HARRIS 乙炔割嘴6290-3 
代码：4027","3-6290","6290","3"
"54","smith 乙炔割嘴 SC-12-0 103g
代码：4133","0-SC12","SC12","0"
"62","乙炔割嘴1-101-2 102g
代码：4191","2-1-101","1-101","2"
"67","HARRIS 乙炔割嘴6290-4 
代码：4209","4-6290","6290","4"
"81","乙炔割嘴1-101 0# 产品号码6023","0-1-101","1-101","0"
"82","乙炔割嘴3-101 0# 产品号码6018","0-3-101","3-101","0"
"90","乙炔割嘴3-101 00# 产品号码6017","00-3-101","3-101","00"
"95","乙炔割嘴3-101 1# 产品号码6019","1-3-101","3-101","1"
"96","乙炔割嘴3-101 2# 产品号码6020","2-3-101","3-101","2"
"106","HARRIS 乙炔割嘴6290-2 55g
货号：4210","2-6290","6290","2"
"107","smith 丙烷割嘴 SC-50-A-2 93g
货号：4158","2-SC50","SC50","2"
"114","乙炔割嘴 1-101 #1
塑料盖贴：1-101 1","1-1-101","1-101","1"
"142","割嘴 GPN #3  塑料盖贴：GPN-3","3-3GPN","3GPN","3"
"146","smith 丙烷割嘴 SC-50-A-0 93g
货号：4154","0-SC50","SC50","0"
"147","smith 丙烷割嘴 SC-50-A-5 93g
代码：4163","5-SC50","SC50","5"
"153","乙炔割嘴 1-101 #5 仿包装","5-1-101","1-101","5"
"159","6290AC 割嘴 2#","2-6290AC","6290AC","2"
"161","澳大利亚款式乙炔 割嘴 41-12
刻字内容：如右图所示41  12","12-41","41","12"
"165","乙炔割嘴 1-101 #4
塑料盖贴：1-101 4","4-1-101","1-101","4"
"166","乙炔割嘴1-101 00# 产品号码6022","00-1-101","1-101","00"
"190","割嘴 MC-12-3# 产品号码6005","3-MC12","MC12","3"
"198","G1-P16/10","16/10-G1-P","G1-P","16/10"
"201","PNME割嘴 229 #2 塑料盖贴：229-2","2-229","229","2"
"202","PNME割嘴 229 #4 塑料盖贴：229-4","4-229","229","4"
"204","smith 丙烷割嘴 SC-50-A-7 93g
代码：4164","7-SC50","SC50","7"
"205","WS62900乙炔割嘴 6290-0","0-6290","6290","0"
"220","1502 割嘴 6#","6-1502","1502","6"
"221","1502乙炔割嘴 #10
包装：塑料盒贴型号","10-1502","1502","10"
"222","1502乙炔割嘴 #12
包装：塑料盒贴型号","12-1502","1502","12"
"225","1502乙炔割嘴 #8
包装：塑料盒贴型号","8-1502","1502","8"
"226","1503丙烷割嘴 #10
包装：塑料盒贴型号","10-1503","1503","10"
"227","1503丙烷割嘴 #12
包装：塑料盒贴型号","12-1503","1503","12"
"228","1503丙烷割嘴 #6
包装：塑料盒贴型号","6-1503","1503","6"
"233","6290 割嘴 00#","00-6290","6290","00"
"254","乙炔割嘴 164 #0 塑料盖贴：164-0","0-164","164","0"
"255","乙炔割嘴 164 #4 塑料盖贴：164-4","4-164","164","4"
"257","乙炔割嘴1-101-3
代码：4192","3-1-101","1-101","3"
"260","乙炔割嘴3-101 3# 产品号码6021","3-3-101","3-101","3"
"261","G1-P10/10","10/10-G1-P","G1-P","10/10"
"262","G1-P20/10","20/10-G1-P","G1-P","20/10"
"269","PNME割嘴 229 #0 塑料盖贴：229-0","0-229","229","0"
"270","PNME割嘴 229 #1 塑料盖贴：229-1","1-229","229","1"
"271","PNME割嘴 229 #3 塑料盖贴：229-3","3-229","229","3"
"276","WSSC124乙炔割嘴 SC-12-4","4-SC12","SC12","4"
"284","1-118   割嘴 2#","2-1-118","1-118","2"
"285","1-118   割嘴 4#","4-1-118","1-118","4"
"286","1-118   割嘴 6#","6-1-118","1-118","6"
"287","1-118   割嘴 8#","8-1-118","1-118","8"
"297","1503丙烷割嘴 #8
包装：塑料盒贴型号","8-1503","1503","8"
"298","261 割嘴 0#","0-261","261","0"
"299","261 割嘴 1#","1-261","261","1"
"310","澳大利亚款式乙炔 割嘴 41-8
刻字内容：如右图所示41  12","8-41","41","8"
"312","丙烷割嘴GPN #8  塑料盖贴：GPN-8","8-GPN","GPN","8"
"319","割嘴 MC-12-0# 
产品号码6002","0-MC12","MC12","0"
"323","乙炔割嘴 1-101 #6
塑料盖贴：1-101 6","6-1-101","1-101","6"
"324","乙炔割嘴3-101 000# 产品号码6016","000-3-101","3-101","000"
"325","ANME 1/16","1/16-ANME","ANME","1/16"
"326","ANME 3/64","3/64-ANME","ANME","3/64"
"329","GPN-7","7-GPN","GPN","7"
"331","PNME割嘴 229 #5 塑料盖贴：229-5","5-229","229","5"
"332","PNME割嘴 229 #6 塑料盖贴：229-6","6-229","229","6"
"355","106D7-5","5-106D7","106D7","5"
"356","106D7-6","6-106D7","106D7","6"
"357","106HC  8# 4.0mm  79g","8-106","106","8"
"358","1502-4","4-1502","1502","4"
"376","仿澳大利亚款式丙烷割嘴 44-12

包装：塑料盒+不干胶","12-44","44","12"
"377","仿澳大利亚款式丙烷割嘴 44-15

包装：塑料盒+不干胶","15-44","44","15"
"378","仿澳大利亚款式丙烷割嘴 44-20

包装：塑料盒+不干胶","20-44","44","20"
"379","仿澳大利亚款式丙烷割嘴 44-8

包装：塑料盒+不干胶","8-44","44","8"
"383","仿乙炔割嘴 6290-1#
包装：仿HARRIS","1-6290","6290","1"
"401","乙炔割嘴 164 #3 塑料盖贴：164-3","3-164","164","3"
"409","ANME5/64","5/64-ANME","ANME","5/64"
"410","G1-A16/10","16/10-G1-A","G1-A","16/10"
"418","Koike 106D7 #1
快速割嘴","1-106D7","106D7","1"
"419","KOIKE割嘴 106HC-1#  70克  分体式","1-106","106","1"
"440","WS6290NX5丙烷割嘴 6290-NX-5","5-6290NX","6290NX","5"
"441","WSSC504丙烷割嘴 SC-50-4","4-SC50","SC50","4"
"457","106D7-00","00-106D7","106D7","00"
"458","106D7-4","4-106D7","106D7","4"
"463","1502-2","2-1502","1502","2"
"465","164 割嘴 1#","1-164","164","1"
"473","3-GPN 割嘴 4#","4-3GPN","3GPN","4"
"486","6290AC 割嘴 4#","4-6290AC","6290AC","4"
"487","6290NX-000","000-6290NX","6290NX","000"
"490","丙烷割嘴 106 D7 #2","2-106D7","106D7","2"
"492","丙烷割嘴 106HC 2#
包装：彩卡+泡壳+说明书","2-106","106","2"
"493","丙烷割嘴 106HC 3#
包装：彩卡+泡壳+说明书","3-106","106","3"
"494","丙烷割嘴 106HC 4#
包装：彩卡+泡壳+说明书","4-106","106","4"
"495","丙烷割嘴 6290-NFF-1# 重51g足量","1-6290NFF","6290NFF","1"
"496","丙烷割嘴 6290-NFF-2#","2-6290NFF","6290NFF","2"
"498","丙烷割嘴 6290-NFF-3#","3-6290NFF","6290NFF","3"
"500","丙烷割嘴 6290-NFF-4#","4-6290NFF","6290NFF","4"
"502","丙烷割嘴 6290-NFF-5#","5-6290NFF","6290NFF","5"
"504","丙烷割嘴 6290-NFF-6#","6-6290NFF","6290NFF","6"
"519","仿澳大利亚款式乙炔 割嘴 41-15

包装：塑料盒+不干胶","15-41","41","15"
"520","仿澳大利亚款式乙炔 割嘴 41-20

包装：塑料盒+不干胶","20-41","41","20"
"538","割嘴 G1-P 12/10""","12/10-G1-P","G1-P","12/10"
"541","割嘴 G1-P 25/10"" 重78g","25/10-G1-P","G1-P","25/10"
"544","割嘴 PNME 1/8 (MUREX彩盒，18槽） 75克","1/8-PNME","PNME","1/8"
"545","割嘴 SC-12-3# 产品号码100244","3-SC12","SC12","3"
"559","乙炔割嘴 164 #2 塑料盖贴：164-2","2-164","164","2"
"574","ANME1/32","1/32-ANME","ANME","1/32"
"575","ANME1/8","1/8-ANME","ANME","1/8"
"576","ANME3/32","3/32-ANME","ANME","3/32"
"582","G1-A 10/10","10/10-G1-A","G1-A","10/10"
"583","G1-A 20/10","20/10-G1-A","G1-A","20/10"
"587","G1-A30/10","30/10-G1-A","G1-A","30/10"
"599","HPN 割嘴 1#","1-HPN","HPN","1"
"600","HPN 割嘴 10#","10-HPN","HPN","10"
"602","HPN 割嘴 12#","12-HPN","HPN","12"
"603","HPN 割嘴 2#","2-HPN","HPN","2"
"604","HPN 割嘴 3#","3-HPN","HPN","3"
"605","HPN 割嘴 4#","4-HPN","HPN","4"
"606","HPN 割嘴 5#","5-HPN","HPN","5"
"607","HPN 割嘴 6#","6-HPN","HPN","6"
"608","HPN 割嘴 7#","7-HPN","HPN","7"
"609","HPN 割嘴 8#","8-HPN","HPN","8"
"612","Koike 106D7 #3
快速割嘴","3-106D7","106D7","3"
"614","KOIKE 106HC割嘴 7#-3.2mm
重：79g 如右图所示","7-106","106","7"
"619","MC40 割嘴 0#","0-MC40","MC40","0"
"620","MC40 割嘴 00#","00-MC40","MC40","00"
"635","SC50 割嘴 6#","6-SC50","SC50","6"
"676","1-3-GPN","1-3GPN","3GPN","1"
"697","106-6","6-106","106","6"
"698","106D7-0","0-106D7","106D7","0"
"702","106HC   00#","00-106","106","00"
"707","106HC   5#","5-106","106","5"
"730","1503-4","4-1503","1503","4"
"743","164-6","6-164","164","6"
"744","164-7","7-164","164","7"
"762","2W-1503丙烷割嘴 #2  刻字：中性
不电镀
包装：塑料盒贴型号如右图","2-1503","1503","2"
"771","2W-PNME 1/32 3-6MM","1/32-PNME","PNME","1/32"
"800","41-32","32-41","41","32"
"826","5-3-GPN","5-3GPN","3GPN","5"
"839","6290-000","000-6290","6290","000"
"853","6290-5 乙炔割嘴","5-6290","6290","5"
"856","6290-6 乙炔割嘴","6-6290","6290","6"
"858","6290-NX-4 丙烷割嘴 49g","4-6290NX","6290NX","4"
"860","6290-NX-6 丙烷割嘴 49g","6-6290NX","6290NX","6"
"862","6290AC-000","000-6290AC","6290AC","000"
"863","6290AC-1","1-6290AC","6290AC","1"
"870","6290NFF 割嘴 0#","0-6290NFF","6290NFF","0"
"937","丙烷割嘴 6290-NX-00# 刻字：要OKI字样
要求：火焰要调长一点 
包装：塑料盒+不干胶 10只1白盒+白盒不干胶","00-6290NX","6290NX","00"
"984","丙烷割嘴 PNME 1/16 一体式
不要螺纹拧 重量要75克

包装+刻字：常规中性","1/16-PNME","PNME","1/16"
"987","丙烷割嘴 PNME 3/64"" 重74克

包装：PP袋1只/袋 50只1盒 200只1箱","3/64-PNME","PNME","3/64"
"1075","割嘴 G1-P 30/10"" 重78g","30/10-G1-P","G1-P","30/10"
"1076","割嘴 G1-P 7/10""","7/10-G1-P","G1-P","7/10"
"1086","割嘴 PNME 5/64 (MUREX彩盒，18槽） 75克","5/64-PNME","PNME","5/64"
"1087","割嘴 SC-12-00#
产品号码100242","00-SC12","SC12","00"
"1095","割嘴3-GPN 0# 产品号码6030","0-3GPN","3GPN","0"
"1144","乙炔割嘴 1-101 #000 84.5g","000-1-101","1-101","000"
"1154","乙炔割嘴 1-101 #7 84.5g","7-1-101","1-101","7"
"1164","乙炔割嘴 102HC-1#
包装：彩卡+泡壳+说明书","1-102","102","1"
"1166","乙炔割嘴 102HC-2#
包装：彩卡+泡壳+说明书","2-102","102","2"
"1167","乙炔割嘴 102HC-3#
包装：彩卡+泡壳+说明书","3-102","102","3"
"1168","乙炔割嘴 1502 3#
包装+刻字：中性","3-1502","1502","3"
"1176","乙炔割嘴 3-101 #4 84.5g","4-3-101","3-101","4"
"1232","G1-A25/10","25/10-G1-A","G1-A","25/10"
"1234","G1-A7/10 5-10","7/10-G1-A","G1-A","7/10"
"1292","KOIKE丙烷割嘴 106HC  #0","0-106","106","0"
"1299","KOIKE割嘴 102HC  #4","4-102","102","4"
"1300","KOIKE割嘴 102HC  #5","5-102","102","5"
"1307","KOIKE乙炔割嘴 102HC  #0","0-102","102","0"
"1313","MC12 割嘴 00#","00-MC12","MC12","00"
"1317","MC12 割嘴 4#","4-MC12","MC12","4"
"1321","MC40 割嘴 2#","2-MC40","MC40","2"
"1322","MC40 割嘴 3#","3-MC40","MC40","3"
"1409","victor 丙烷割嘴3GPN－00#
刻字：内嘴上00-3-GPN
外嘴上VICTOR 00-3-GPN

包装：VICTOR塑料盒+不干胶","00-3GPN","3GPN","00"
"1420","victor 乙炔割嘴 101-8#
刻字：VICTOR 8-1-101

包装：VICTOR塑料盒+不干胶","8-1-101","1-101","8"
