"类别","id","产品名","目录型号","原因"
"型号未锚定目录","17","割嘴 1-GPN 2#
产品号码6028","","尺寸有歧义（型号前 1 / 型号后 2）"
"型号未锚定目录","21","割嘴 1-GPN 3#
产品号码6029","","尺寸有歧义（型号前 1 / 型号后 3）"
"型号已锚定但名称未写 size","22","3-GPN","3GPN","名称未写尺寸（size 待人工确认，脚本不猜）"
"型号未锚定目录","30","2-W","","型号未锚定到目录"
"型号未锚定目录","51","1-W","","型号未锚定到目录"
"型号未锚定目录","61","8-MFA","","型号未锚定到目录"
"型号未锚定目录","64","3-W","","型号未锚定到目录"
"型号已锚定但名称未写 size","98","乙炔割嘴
1-101","1-101","名称未写尺寸（size 待人工确认，脚本不猜）"
"型号未锚定目录","110","0-W","","型号未锚定到目录"
"型号未锚定目录","117","PNME18 割嘴 1/16","","尺寸不在目录档位（候选数字 18）"
"型号未锚定目录","127","10-MFA","","型号未锚定到目录"
"型号未锚定目录","128","106HC-2","","型号边界不干净（右侧紧贴 H）"
"型号未锚定目录","129","4-W","","型号未锚定到目录"
"型号未锚定目录","130","5-W","","型号未锚定到目录"
"型号未锚定目录","143","尼龙袋","","型号未锚定到目录"
"型号未锚定目录","148","15-MFA","","型号未锚定到目录"
"型号未锚定目录","155","106HC-1","","型号边界不干净（右侧紧贴 H）"
"型号未锚定目录","156","106HC-3","","型号边界不干净（右侧紧贴 H）"
"型号未锚定目录","157","106HC-5","","型号边界不干净（右侧紧贴 H）"
"型号未锚定目录","158","12-MFA","","型号未锚定到目录"
"型号未锚定目录","171","WS10111乙炔割嘴 101-1-1","","型号未锚定到目录"
"型号未锚定目录","181","106HC-0","","型号边界不干净（右侧紧贴 H）"
"型号未锚定目录","182","106HC-4","","型号边界不干净（右侧紧贴 H）"
"型号未锚定目录","187","丙烷切割喷嘴,1号 厚度：10-20mm孔口：1.2","","型号边界不干净（右侧紧贴 0）"
"型号未锚定目录","188","丙烷切割喷嘴,2号 厚度：20-40mm 孔口：1.5","","型号未锚定到目录"
"型号未锚定目录","193","乙炔割嘴 ANM 1# 
刻字内容：规格与型号
包装：常规-中性","","型号未锚定到目录"
"型号未锚定目录","195","乙炔切割喷嘴,1号 厚度：10-20mm 预热：0.7 孔口：1.2","","型号边界不干净（右侧紧贴 0）"
"型号未锚定目录","196","乙炔切割喷嘴,2号 厚度：20-40mm 预热：0.8 孔口：1.5","","型号未锚定到目录"
"型号未锚定目录","197","乙炔切割喷嘴,3号 厚度：40-60mm 预热：0.9 孔口：1.8","","型号未锚定到目录"
"型号已锚定但名称未写 size","213","丙烷割嘴 G1-P 
单只重78g","G1-P","名称未写尺寸（size 待人工确认，脚本不猜）"
"型号已锚定但名称未写 size","214","割嘴1503","1503","名称未写尺寸（size 待人工确认，脚本不猜）"
"型号未锚定目录","216","1-W-1","","型号未锚定到目录"
"型号未锚定目录","217","10-MFN","","型号未锚定到目录"
"型号未锚定目录","218","12-MFN","","型号未锚定到目录"
"型号未锚定目录","219","15-MFN","","型号未锚定到目录"
"型号未锚定目录","229","2-W-1","","型号未锚定到目录"
"型号未锚定目录","235","8-MFN","","型号未锚定到目录"
"型号未锚定目录","236","丙烷割嘴
代码：4193","","型号边界不干净（右侧紧贴 9）"
"型号未锚定目录","237","丙烷割嘴
代码：4194","","型号边界不干净（右侧紧贴 9）"
"型号未锚定目录","240","丙烷切割喷嘴,3厚度：40-60mm 孔口：1.8","","型号未锚定到目录"
"型号未锚定目录","264","KOIKE 106HC 割嘴 83克 5#  分体式6个孔","","型号边界不干净（右侧紧贴 H）"
"型号未锚定目录","265","KOIKE 106HC 割嘴 83克 6#  分体式6个孔","","型号边界不干净（右侧紧贴 H）"
"型号未锚定目录","266","KOIKE 106HC 割嘴 83克 7#  分体式6个孔","","型号边界不干净（右侧紧贴 H）"
"型号未锚定目录","267","KOIKE 106HC 割嘴 83克 8#  分体式6个孔","","型号边界不干净（右侧紧贴 H）"
"型号未锚定目录","268","PNME9 1/16","","尺寸不在目录档位（候选数字 9）"
"型号未锚定目录","277","106HC-00","","型号边界不干净（右侧紧贴 H）"
"型号未锚定目录","279","Nozzle №1 (3/64”)
客人要12个槽 74克","","型号未锚定到目录"
"型号已锚定但名称未写 size","280","割嘴1502","1502","名称未写尺寸（size 待人工确认，脚本不猜）"
"型号已锚定但名称未写 size","281","乙炔割嘴
1-101

刻字：
中性


包装：塑料盒+定制不干胶
【不干胶我司提供】","1-101","名称未写尺寸（size 待人工确认，脚本不猜）"
"型号已锚定但名称未写 size","282","乙炔割嘴
ANME

刻字：
中性


包装：塑料盒+定制不干胶","ANME","名称未写尺寸（size 待人工确认，脚本不猜）"
"型号未锚定目录","288","102HC-2","","型号边界不干净（右侧紧贴 H）"
"型号未锚定目录","289","102HC-3","","型号边界不干净（右侧紧贴 H）"
"型号未锚定目录","290","106-1/16","","尺寸不在目录档位（候选数字 1/16）"
"型号未锚定目录","291","106-1/64","","尺寸不在目录档位（候选数字 106）"
"型号未锚定目录","292","106-3/64","","尺寸不在目录档位（候选数字 3/64）"
"型号未锚定目录","304","6-MFA","","型号未锚定到目录"
"型号未锚定目录","321","外嘴 PNM 1# 刻字内容规格与型号 如图
单只塑料袋包装 500只/箱 重32G","","型号未锚定到目录"
"型号未锚定目录","330","PNME9 1/32","","尺寸不在目录档位（候选数字 9）"
"型号未锚定目录","335","WS10110乙炔割嘴 101-1-0","","型号未锚定到目录"
"型号未锚定目录","336","WS10112乙炔割嘴 101-1-2","","型号未锚定到目录"
"型号未锚定目录","342","-0","","型号未锚定到目录"
"型号未锚定目录","343","-1","","型号未锚定到目录"
"型号未锚定目录","344","-2","","型号未锚定到目录"
"型号未锚定目录","345","-3","","型号未锚定到目录"
"型号未锚定目录","348","101-1-3 乙炔割嘴","","型号未锚定到目录"
"型号未锚定目录","349","102HC-1","","型号边界不干净（右侧紧贴 H）"
"型号未锚定目录","350","106-1/32","","尺寸不在目录档位（候选数字 1/32）"
"型号未锚定目录","362","2W-X11N 丙烷割嘴 G11 2#

包装+刻字：常规中性","","型号未锚定到目录"
"型号未锚定目录","364","3-W-1","","型号未锚定到目录"
"型号未锚定目录","365","6-W","","型号未锚定到目录"
"型号未锚定目录","373","7-W","","型号未锚定到目录"
"型号未锚定目录","397","内嘴 P1 刻字内容规格与型号 如右图
单只塑料袋包装 500只/箱 重42G","","型号未锚定到目录"
"型号未锚定目录","398","内嘴 P2 刻字内容规格与型号 如右图
单只塑料袋包装 500只/箱 重42G","","型号未锚定到目录"
"型号未锚定目录","399","内嘴 P3 刻字内容规格与型号 如右图
单只塑料袋包装 500只/箱 重42G","","型号未锚定到目录"
"型号未锚定目录","402","乙炔割嘴 ANM 2# 
刻字内容：规格与型号
包装：常规-中性","","型号未锚定到目录"
"型号未锚定目录","403","乙炔割嘴 ANM 3# 
刻字内容：规格与型号
包装：常规-中性","","型号未锚定到目录"
"型号未锚定目录","405","乙炔切割喷嘴,1号 厚度：10-20mm 预热：0.7 孔口：1.2安宝库存","","型号边界不干净（右侧紧贴 0）"
"型号未锚定目录","406","乙炔切割喷嘴,2号 厚度：20-40mm 预热：0.8 孔口：1.5安宝库存","","型号未锚定到目录"
"型号未锚定目录","407","乙炔切割喷嘴,3号 厚度：40-60mm 预热：0.9 孔口：1.8安宝库存","","型号未锚定到目录"
"型号已锚定但名称未写 size","408","ANME 割嘴 1/16","ANME","名称未写尺寸（size 待人工确认，脚本不猜）"
"型号未锚定目录","421","Nozzle №3 (5/64”) 
客人要12个槽 74克","","型号未锚定到目录"
"型号未锚定目录","422","Nozzle №4 (3/32”) 
客人要12个槽 74克","","型号未锚定到目录"
"型号未锚定目录","423","PNME9 3/64","","尺寸不在目录档位（候选数字 9）"
"型号未锚定目录","436","T20","","型号未锚定到目录"
"型号未锚定目录","437","T20单嘴","","型号未锚定到目录"
"型号未锚定目录","438","W","","型号未锚定到目录"
"型号未锚定目录","439","WS10113乙炔割嘴 101-1-3","","型号未锚定到目录"
"型号未锚定目录","442","Nozzle №2 (3/64”)
客人要12个槽","","型号未锚定到目录"
"型号未锚定目录","443","工具套装
80套

单发各50只","","型号未锚定到目录"
"型号已锚定但名称未写 size","444","GPN  割嘴","GPN","名称未写尺寸（size 待人工确认，脚本不猜）"
"型号未锚定目录","446","0-W-1","","型号未锚定到目录"
"型号未锚定目录","450","101-1-1 乙炔割嘴","","型号未锚定到目录"
"型号未锚定目录","451","101-1-2 乙炔割嘴","","型号未锚定到目录"
"型号未锚定目录","452","101-1-4 乙炔割嘴","","型号未锚定到目录"
"型号未锚定目录","453","102HC-0","","型号边界不干净（右侧紧贴 H）"
"型号未锚定目录","454","102HC-4","","型号边界不干净（右侧紧贴 H）"
"型号未锚定目录","459","106HC-6","","型号边界不干净（右侧紧贴 H）"
"型号未锚定目录","469","2W-X11N 丙烷割嘴 G11 2#","","型号未锚定到目录"
"型号未锚定目录","474","3-W焊杆","","型号未锚定到目录"
"型号未锚定目录","475","363/376割嘴0#","","型号未锚定到目录"
"型号未锚定目录","476","4-W-1","","型号未锚定到目录"
"型号未锚定目录","477","4732P 10-25 106-1 1.2","","尺寸有歧义（型号前 25 / 型号后 1）"
"型号未锚定目录","478","4733P 25-50 106-3 1.6","","尺寸有歧义（型号前 50 / 型号后 3）"
"型号未锚定目录","479","4734P 50-100 106-5 2.0","","尺寸有歧义（型号前 100 / 型号后 5）"
"型号未锚定目录","480","5-W-1","","型号未锚定到目录"
"型号未锚定目录","481","6-W-1","","型号未锚定到目录"
"型号未锚定目录","488","7-W-1","","型号未锚定到目录"
"型号未锚定目录","489","8-W","","型号未锚定到目录"
"型号未锚定目录","514","丙烷割嘴 PNM-#1内嘴 (切割厚度0to30mm)
配R3P-3-500三根管子 内嘴刻字：1

包装：PP袋1只/袋 50只1盒 200只1箱","","型号未锚定到目录"
"型号未锚定目录","515","丙烷割嘴 PNM-#2内嘴 (切割厚度 30to50mm)
配R3P-3-500三根管子 内嘴刻字：2

包装：PP袋1只/袋 50只1盒 200只1箱","","型号未锚定到目录"
"型号未锚定目录","516","丙烷割嘴 PNM-#3内嘴 (切割厚度 50to100mm)
配R3P-3-500三根管子 内嘴刻字：3

包装：PP袋1只/袋 50只1盒 200只1箱","","型号未锚定到目录"
"型号已锚定但名称未写 size","535","割嘴 3-GPN 产品号码6029","3GPN","名称未写尺寸（size 待人工确认，脚本不猜）"
"型号未锚定目录","552","内嘴 P0 刻字内容规格与型号 如右图
单只塑料袋包装 500只/箱 重42G","","型号未锚定到目录"
"型号未锚定目录","553","内嘴 P6 刻字内容规格与型号 如右图","","型号未锚定到目录"
"型号未锚定目录","554","尼龙袋 彩盒(我提供)","","型号未锚定到目录"
"型号未锚定目录","555","尼龙袋 尼龙袋","","型号未锚定到目录"
"型号未锚定目录","556","外嘴 PNM 2# 刻字内容规格与型号 
单只塑料袋包装 500只/箱 重32G","","型号未锚定到目录"
"型号未锚定目录","557","外嘴 PNM 2# 刻字内容规格与型号 如图
单只塑料袋包装 500只/箱 重32G","","型号未锚定到目录"
"型号未锚定目录","564","乙炔割嘴 ANM 5# 
刻字内容：规格与型号
包装：常规-中性","","型号未锚定到目录"
"型号未锚定目录","572","乙炔割嘴4202 5# 产品号码6038","","型号未锚定到目录"
"型号未锚定目录","578","Cutting nozzle G1-P 10/16 84g","","尺寸不在目录档位（候选数字 10/16）"
"型号未锚定目录","579","Cutting nozzle G1-P 10/20 84g","","型号边界不干净（右侧紧贴 0）"
"型号未锚定目录","580","Cutting nozzles Code:4191 ,    73.2G","","型号边界不干净（右侧紧贴 9）"
"型号未锚定目录","581","G03-1","","型号未锚定到目录"
"型号已锚定但名称未写 size","588","G1-P 割嘴 12/10","G1-P","名称未写尺寸（size 待人工确认，脚本不猜）"
"型号未锚定目录","591","GK3-00","","型号未锚定到目录"
"型号未锚定目录","592","GK3-000","","型号未锚定到目录"
"型号未锚定目录","593","Gloor cutting nuzzle,5# 做足75g","","型号未锚定到目录"
"型号未锚定目录","594","GPN-10","","尺寸不在目录档位（候选数字 10）"
"型号未锚定目录","601","HPN 割嘴 11#","","尺寸不在目录档位（候选数字 11）"
"型号未锚定目录","610","HPN 割嘴 9#","","尺寸不在目录档位（候选数字 9）"
"型号未锚定目录","621","Nozzle №2 (1/16”)
客人要12个槽 74克","","型号未锚定到目录"
"型号未锚定目录","622","Nozzle №3 (5/64”) 
客人要12个槽","","型号未锚定到目录"
"型号未锚定目录","623","Nozzle №4 (3/32”) 
客人要12个槽","","型号未锚定到目录"
"型号未锚定目录","624","PNM 割嘴 1/16","","型号未锚定到目录"
"型号未锚定目录","625","PNME18 3/64","","尺寸不在目录档位（候选数字 18）"
"型号未锚定目录","626","PNME9 1/8","","尺寸不在目录档位（候选数字 9）"
"型号未锚定目录","627","PNME9 5/64","","尺寸不在目录档位（候选数字 9）"
"型号已锚定但名称未写 size","628","PNME割嘴 229 #8 塑料盖贴：229-8

PNME嘴外套刻字是229及型号
东西是PNME标贴是229","PNME","名称未写尺寸（size 待人工确认，脚本不猜）"
"型号未锚定目录","640","T15单嘴","","型号未锚定到目录"
"型号未锚定目录","641","VICTOR 8-MFN VICTOR 20 TYPE 55 连接器也刻上 VICTOR LPG","","型号未锚定到目录"
"型号未锚定目录","653","WS202308乙炔割嘴 102HC-3
全铜 重86.5g","","型号边界不干净（右侧紧贴 H）"
"型号未锚定目录","657","1-W-J","","型号未锚定到目录"
"型号未锚定目录","658","产品要求","","型号未锚定到目录"
"型号已锚定但名称未写 size","659","仿GPN割嘴","GPN","名称未写尺寸（size 待人工确认，脚本不猜）"
"型号已锚定但名称未写 size","661","GIOCWELD PNME","PNME","名称未写尺寸（size 待人工确认，脚本不猜）"
"型号未锚定目录","662","-4","","型号未锚定到目录"
"型号未锚定目录","663","-5","","型号未锚定到目录"
"型号未锚定目录","664","-6","","型号未锚定到目录"
"型号未锚定目录","665","-7","","型号未锚定到目录"
"型号未锚定目录","666","-8","","型号未锚定到目录"
"型号未锚定目录","668","0-GPP","","型号未锚定到目录"
"型号未锚定目录","669","0,1,2,3,5-W","","型号未锚定到目录"
"型号未锚定目录","670","0,4,5-W","","型号未锚定到目录"
"型号未锚定目录","671","0.1,3,4,5-W","","型号未锚定到目录"
"型号未锚定目录","672","000-3-W","","型号未锚定到目录"
"型号未锚定目录","677","1-GPP","","型号未锚定到目录"
"型号未锚定目录","678","1-W-1 80V","","型号未锚定到目录"
"型号未锚定目录","679","1,3,5-W","","型号未锚定到目录"
"型号未锚定目录","681","1#,3#,5#","","型号未锚定到目录"
"型号未锚定目录","682","10-GPN","","尺寸不在目录档位（候选数字 10）"
"型号未锚定目录","683","100","","型号未锚定到目录"
"型号未锚定目录","684","100CL 105","","型号未锚定到目录"
"型号未锚定目录","686","102HC-1 0300","","型号边界不干净（右侧紧贴 H）"
"型号未锚定目录","687","102HC-2 0301","","型号边界不干净（右侧紧贴 H）"
"型号未锚定目录","688","102HC-3 0302","","型号边界不干净（右侧紧贴 H）"
"型号未锚定目录","689","102HC-5","","型号边界不干净（右侧紧贴 H）"
"型号未锚定目录","690","102HC-6","","型号边界不干净（右侧紧贴 H）"
"型号未锚定目录","692","106-1/16 10-75","","尺寸不在目录档位（候选数字 1/16）"
"型号未锚定目录","693","106-1/32 (3孔)","","尺寸不在目录档位（候选数字 1/32）"
"型号未锚定目录","694","106-1/32 3-6","","尺寸不在目录档位（候选数字 1/32）"
"型号未锚定目录","695","106-1/64 3-6","","尺寸有歧义（型号前 106 / 型号后 3）"
"型号未锚定目录","696","106-3/64 5-12","","尺寸不在目录档位（候选数字 3/64）"
"型号未锚定目录","699","106D7-000","","型号边界不干净（右侧紧贴 D）"
"型号未锚定目录","708","106HC  10# 4.0mm  79g","","尺寸不在目录档位（候选数字 10）"
"型号未锚定目录","711","106HC-1 ZBT0297","","型号边界不干净（右侧紧贴 H）"
"型号未锚定目录","712","106HC-3 0299","","型号边界不干净（右侧紧贴 H）"
"型号未锚定目录","713","106HC-6 3.2","","型号边界不干净（右侧紧贴 H）"
"型号未锚定目录","714","106HC-6直通","","型号边界不干净（右侧紧贴 H）"
"型号未锚定目录","715","106HC-7","","型号边界不干净（右侧紧贴 H）"
"型号未锚定目录","716","106HC-7 3.6","","型号边界不干净（右侧紧贴 H）"
"型号未锚定目录","717","106HC-7直通","","型号边界不干净（右侧紧贴 H）"
"型号未锚定目录","718","106HC-8","","型号边界不干净（右侧紧贴 H）"
"型号未锚定目录","719","106HC-8 4.0","","型号边界不干净（右侧紧贴 H）"
"型号未锚定目录","720","106HC-8直通","","型号边界不干净（右侧紧贴 H）"
"型号已锚定但名称未写 size","723","1503 cutting nozzles #4镀铬","1503","名称未写尺寸（size 待人工确认，脚本不猜）"
"型号已锚定但名称未写 size","724","1503 cutting nozzles #6镀铬","1503","名称未写尺寸（size 待人工确认，脚本不猜）"
"型号已锚定但名称未写 size","725","1503 cutting nozzles #8镀铬","1503","名称未写尺寸（size 待人工确认，脚本不猜）"
"型号已锚定但名称未写 size","726","1503 Cutting nozzles 10#","1503","名称未写尺寸（size 待人工确认，脚本不猜）"
"型号已锚定但名称未写 size","727","1503 Cutting nozzles 4#","1503","名称未写尺寸（size 待人工确认，脚本不猜）"
"型号已锚定但名称未写 size","728","1503 Cutting nozzles 6#","1503","名称未写尺寸（size 待人工确认，脚本不猜）"
"型号已锚定但名称未写 size","729","1503 Cutting nozzles 8#","1503","名称未写尺寸（size 待人工确认，脚本不猜）"
"型号已锚定但名称未写 size","732","1503/1534 割嘴 12#","1503","名称未写尺寸（size 待人工确认，脚本不猜）"
"型号已锚定但名称未写 size","733","1503/1534 割嘴 2#","1503","名称未写尺寸（size 待人工确认，脚本不猜）"
"型号已锚定但名称未写 size","734","1503/1534 割嘴 4#","1503","名称未写尺寸（size 待人工确认，脚本不猜）"
"型号未锚定目录","746","2-MFA-J","","型号未锚定到目录"
"型号未锚定目录","747","2-W-1 80V","","型号未锚定到目录"
"型号未锚定目录","748","2-W-J","","型号未锚定到目录"
"型号未锚定目录","749","2,750.00","","型号边界不干净（右侧紧贴 0）"
"型号未锚定目录","752","20.0","","型号未锚定到目录"
"型号已锚定但名称未写 size","753","229-0(PNME)","PNME","名称未写尺寸（size 待人工确认，脚本不猜）"
"型号已锚定但名称未写 size","755","229-1 (PNME)","PNME","名称未写尺寸（size 待人工确认，脚本不猜）"
"型号未锚定目录","757","2290-3H","","型号边界不干净（右侧紧贴 0）"
"型号未锚定目录","758","2290-4H","","型号边界不干净（右侧紧贴 0）"
"型号未锚定目录","759","2290-5H","","型号边界不干净（右侧紧贴 0）"
"型号未锚定目录","773","2W-X11N 丙烷割嘴 G11 1#","","型号未锚定到目录"
"型号未锚定目录","774","2W-X11N 丙烷割嘴 G11 1#

包装+刻字：常规中性","","型号未锚定到目录"
"型号未锚定目录","775","2W-X11N 丙烷割嘴 G11 3#","","型号未锚定到目录"
"型号未锚定目录","782","3-118   割嘴 2#","","型号未锚定到目录"
"型号未锚定目录","784","3-W-J","","型号未锚定到目录"
"型号未锚定目录","786","363割嘴1#","","型号未锚定到目录"
"型号未锚定目录","787","363割嘴2#","","型号未锚定到目录"
"型号未锚定目录","788","363割嘴3#","","型号未锚定到目录"
"型号未锚定目录","789","363割嘴4#","","型号未锚定到目录"
"型号未锚定目录","790","363割嘴5#","","型号未锚定到目录"
"型号未锚定目录","791","363割嘴6#","","型号未锚定到目录"
"型号未锚定目录","794","4-MFA-1","","型号未锚定到目录"
"型号未锚定目录","795","4-MFA-J","","型号未锚定到目录"
"型号未锚定目录","796","4-MFN-1","","型号未锚定到目录"
"型号未锚定目录","802","4202-7","","型号未锚定到目录"
"型号未锚定目录","806","4712A 10-25 1.2","","型号边界不干净（右侧紧贴 5）"
"型号未锚定目录","807","4712A 10-25 102-1 1.2","","尺寸有歧义（型号前 25 / 型号后 1）"
"型号未锚定目录","808","4712A 5-10 102-0 0.8","","尺寸有歧义（型号前 10 / 型号后 0）"
"型号未锚定目录","809","4713A 25-50 1.6","","型号未锚定到目录"
"型号未锚定目录","810","4713A 25-50 102-2 1.6","","尺寸有歧义（型号前 50 / 型号后 2）"
"型号未锚定目录","811","4714A 50-100 102-3 2.0","","尺寸有歧义（型号前 100 / 型号后 3）"
"型号未锚定目录","812","4714A 50-100 2.0","","型号未锚定到目录"
"型号未锚定目录","813","4715A 100-150 102- 2.4","","尺寸有歧义（型号前 150 / 型号后 2）"
"型号未锚定目录","814","4715A 100-150 102-6 2.4","","尺寸有歧义（型号前 150 / 型号后 6）"
"型号未锚定目录","815","4716A 150-200 102 2.8","","尺寸有歧义（型号前 200 / 型号后 2）"
"型号未锚定目录","816","4731P 5-10 106-0 0.8","","尺寸有歧义（型号前 10 / 型号后 0）"
"型号未锚定目录","817","4732P 10-25 106 1.2","","尺寸有歧义（型号前 25 / 型号后 1）"
"型号未锚定目录","818","4733P 25-50 106 1.6","","尺寸有歧义（型号前 50 / 型号后 1）"
"型号未锚定目录","819","4734P 50-100 106 2.0","","尺寸有歧义（型号前 100 / 型号后 2）"
"型号未锚定目录","820","4735P 100-150 106 2.4","","尺寸有歧义（型号前 150 / 型号后 2）"
"型号未锚定目录","821","4735P 100-150 106-6 2.4","","尺寸有歧义（型号前 150 / 型号后 6）"
"型号未锚定目录","822","4736P 150-200 106 2.8","","尺寸有歧义（型号前 200 / 型号后 2）"
"型号未锚定目录","823","4736P 150-200 106-7 2.8","","尺寸有歧义（型号前 200 / 型号后 7）"
"型号未锚定目录","824","4737P 200-300 106 3.2","","尺寸有歧义（型号前 300 / 型号后 3）"
"型号未锚定目录","825","4737P 200-300 106-8 3.2","","尺寸有歧义（型号前 300 / 型号后 8）"
"型号未锚定目录","828","6-MFA-1","","型号未锚定到目录"
"型号未锚定目录","829","6-MFA-J","","型号未锚定到目录"
"型号未锚定目录","830","6-MFN","","型号未锚定到目录"
"型号未锚定目录","831","6-MFN-1","","型号未锚定到目录"
"型号未锚定目录","873","6290NFF-00","","型号边界不干净（右侧紧贴 N）"
"型号未锚定目录","896","6290VVC-0","","型号边界不干净（右侧紧贴 V）"
"型号未锚定目录","897","6290VVC-00","","型号边界不干净（右侧紧贴 V）"
"型号未锚定目录","898","6290VVC-000","","型号边界不干净（右侧紧贴 V）"
"型号未锚定目录","899","6290VVC-01/2","","型号边界不干净（右侧紧贴 V）"
"型号未锚定目录","900","6290VVC-1","","型号边界不干净（右侧紧贴 V）"
"型号未锚定目录","901","6290VVC-1 1/2","","型号边界不干净（右侧紧贴 V）"
"型号未锚定目录","902","6290VVC-2","","型号边界不干净（右侧紧贴 V）"
"型号未锚定目录","906","8-MFA-1","","型号未锚定到目录"
"型号未锚定目录","907","8-MFN-1","","型号未锚定到目录"
"型号未锚定目录","908","澳大利亚款式丙烷 割嘴 44-08
刻字内容如下图所示44    08","","尺寸不在目录档位（候选数字 08）"
"型号未锚定目录","911","澳大利亚款式乙炔 割嘴 41-06
刻字内容：如右图所示41   06","","尺寸不在目录档位（候选数字 06）"
"型号未锚定目录","912","澳大利亚款式乙炔 割嘴 41-06
刻字内容如图所示41   08","","尺寸不在目录档位（候选数字 08）"
"型号未锚定目录","913","澳大利亚款式乙炔 割嘴 41-08
刻字内容：如右图所示41  08","","尺寸不在目录档位（候选数字 08）"
"型号未锚定目录","915","丙烷割嘴 1-GPN #0","","尺寸有歧义（型号前 1 / 型号后 0）"
"型号未锚定目录","917","丙烷割嘴 1-GPN #2","","尺寸有歧义（型号前 1 / 型号后 2）"
"型号未锚定目录","918","丙烷割嘴 1-GPN #3","","尺寸有歧义（型号前 1 / 型号后 3）"
"型号未锚定目录","919","丙烷割嘴 1-GPN #4","","尺寸有歧义（型号前 1 / 型号后 4）"
"型号未锚定目录","959","丙烷割嘴 G1-P 10/07"" 重78g","","尺寸不在目录档位（候选数字 10/07）"
"型号未锚定目录","960","丙烷割嘴 G1-P 10/12"" 重78g","","尺寸不在目录档位（候选数字 10/12）"
"型号未锚定目录","961","丙烷割嘴 G1-P 10/16"" 重78g","","尺寸不在目录档位（候选数字 10/16）"
"型号未锚定目录","962","丙烷割嘴 G1-P 10/30"" 重78g","","尺寸不在目录档位（候选数字 10/30）"
"型号已锚定但名称未写 size","971","丙烷割嘴 GPN Nº 1
厚度：10-20mm  孔口：1.2

包装：塑料盒+不干胶如右图","GPN","名称未写尺寸（size 待人工确认，脚本不猜）"
"型号已锚定但名称未写 size","972","丙烷割嘴 GPN Nº 2
厚度：20-40mm  孔口：1.5

包装：塑料盒+不干胶如右图","GPN","名称未写尺寸（size 待人工确认，脚本不猜）"
"型号已锚定但名称未写 size","973","丙烷割嘴 GPN Nº 3
厚度：40-60mm 孔口：1.8

包装：塑料盒+不干胶如右图","GPN","名称未写尺寸（size 待人工确认，脚本不猜）"
"型号未锚定目录","978","丙烷割嘴 PNM-#4内嘴 (切割厚度 100to150mm)
配R3P-3-500三根管子 内嘴刻字：4

包装：PP袋1只/袋 50只1盒 200只1箱","","型号边界不干净（右侧紧贴 0）"
"型号未锚定目录","979","丙烷割嘴 PNM-#5内嘴
配R3P-3-500三根管子 内嘴刻字：5

包装：PP袋1只/袋 50只1盒 200只1箱","","型号未锚定到目录"
"型号未锚定目录","980","丙烷割嘴 PNM-#6内嘴
配R3P-3-500三根管子 内嘴刻字：6

包装：PP袋1只/袋 50只1盒 200只1箱","","型号未锚定到目录"
"型号未锚定目录","981","丙烷割嘴 PNM1外嘴 刻字：PNM 1
配R3P-3-500三根管子(配上述内嘴1#、2#、 3#)
包装：PP袋1只/袋 50只1盒 200只1箱","","型号未锚定到目录"
"型号未锚定目录","982","丙烷割嘴 PNM2外嘴 刻字：PNM 2
配R3P-3-500三根管子(配上述内嘴1#、2#、 3#)
包装：PP袋1只/袋 50只1盒 200只1箱","","型号未锚定到目录"
"型号未锚定目录","983","丙烷割嘴 PNM外嘴 刻字：PNM 1
配R3P-3-500三根管子(配上述内嘴1#、2#、 3#)
包装：PP袋1只/袋 50只1盒 200只1箱","","型号未锚定到目录"
"型号未锚定目录","985","丙烷割嘴 PNME 1#
塑料盖贴：PNME 1","","尺寸不在目录档位（候选数字 1）"
"型号未锚定目录","986","丙烷割嘴 PNME 2#
塑料盖贴：PNME 2","","尺寸不在目录档位（候选数字 2）"
"型号未锚定目录","989","丙烷割嘴 PNME 3#
塑料盖贴：PNME 3","","尺寸不在目录档位（候选数字 3）"
"型号未锚定目录","990","丙烷割嘴 PNME 4#
塑料盖贴：PNME 4","","尺寸不在目录档位（候选数字 4）"
"型号未锚定目录","997","丙烷割嘴1-GPN 2# 产品号码6028","","尺寸有歧义（型号前 1 / 型号后 2）"
"型号未锚定目录","1006","丙烷割嘴6290VVC 0 重47g
12.5-20mm   刻字：中性","","型号边界不干净（右侧紧贴 V）"
"型号未锚定目录","1007","丙烷割嘴6290VVC 00 重47g
9-12.5mm   刻字：中性","","型号边界不干净（右侧紧贴 V）"
"型号未锚定目录","1008","丙烷割嘴6290VVC 000 重47g
6-9mm   刻字：中性","","型号边界不干净（右侧紧贴 V）"
"型号未锚定目录","1009","丙烷割嘴6290VVC 0000 重47g
4-6mm   刻字：中性","","型号边界不干净（右侧紧贴 V）"
"型号未锚定目录","1010","丙烷割嘴6290VVC 00000 重47g
1-4mm   刻字：中性","","型号边界不干净（右侧紧贴 V）"
"型号未锚定目录","1011","丙烷割嘴6290VVC 1 重47g
35-60mm   刻字：中性","","型号边界不干净（右侧紧贴 V）"
"型号未锚定目录","1012","丙烷割嘴6290VVC 1/2 重47g
20-35mm   刻字：中性","","型号边界不干净（右侧紧贴 V）"
"型号未锚定目录","1013","丙烷割嘴6290VVC 11/2 重47g
60-75mm   刻字：中性","","型号边界不干净（右侧紧贴 V）"
"型号未锚定目录","1014","丙烷割嘴6290VVC 2 重47g
75-125mm   刻字：中性","","型号边界不干净（右侧紧贴 V）"
"型号未锚定目录","1015","丙烷割嘴6290VVC 21/2 重47g
125-150mm   刻字：中性","","型号边界不干净（右侧紧贴 V）"
"型号未锚定目录","1016","丙烷割嘴6290VVC 3 重47g
150-175mm   刻字：中性","","型号边界不干净（右侧紧贴 V）"
"型号未锚定目录","1017","丙烷割嘴6290VVC 4 重47g
175-200mm   刻字：中性","","型号边界不干净（右侧紧贴 7）"
"型号未锚定目录","1018","丙烷割嘴6290VVC 5 重47g
200-225mm   刻字：中性","","型号边界不干净（右侧紧贴 V）"
"型号未锚定目录","1019","丙烷割嘴6290VVC 51/2 重47g
225-250mm   刻字：中性","","型号边界不干净（右侧紧贴 V）"
"型号已锚定但名称未写 size","1022","丙烷割嘴PNME (1/32”)
客人要12个槽 74克","PNME","名称未写尺寸（size 待人工确认，脚本不猜）"
"型号已锚定但名称未写 size","1023","丙烷割嘴PNME (1/8”)
客人要12个槽 74克","PNME","名称未写尺寸（size 待人工确认，脚本不猜）"
"型号已锚定但名称未写 size","1024","丙烷割嘴PNME (3/64”)
客人要12个槽 74克","PNME","名称未写尺寸（size 待人工确认，脚本不猜）"
"型号未锚定目录","1026","丙烷嘴 6290-NX 01#","","尺寸不在目录档位（候选数字 01）"
"型号未锚定目录","1027","丙烷嘴 6290-NX 02#","","尺寸不在目录档位（候选数字 02）"
"型号未锚定目录","1028","丙烷嘴 6290-NX 03#","","尺寸不在目录档位（候选数字 03）"
"型号未锚定目录","1029","补广州佛山运费","","型号未锚定到目录"
"型号已锚定但名称未写 size","1057","割嘴 3#-GPN 
产品号码6029","3GPN","名称未写尺寸（size 待人工确认，脚本不猜）"
"型号已锚定但名称未写 size","1064","割嘴 6290-NFF Nº1","6290NFF","名称未写尺寸（size 待人工确认，脚本不猜）"
"型号已锚定但名称未写 size","1065","割嘴 6290-NFF Nº2","6290NFF","名称未写尺寸（size 待人工确认，脚本不猜）"
"型号已锚定但名称未写 size","1066","割嘴 6290-NFF Nº3","6290NFF","名称未写尺寸（size 待人工确认，脚本不猜）"
"型号已锚定但名称未写 size","1067","割嘴 6290-NFF Nº4","6290NFF","名称未写尺寸（size 待人工确认，脚本不猜）"
"型号未锚定目录","1068","割嘴 81021 1#
塑料盖贴：81021-1","","型号未锚定到目录"
"型号未锚定目录","1069","割嘴 81021 2#
塑料盖贴：81021-2","","型号未锚定到目录"
"型号未锚定目录","1070","割嘴 81021 3#
塑料盖贴：81021-3","","型号未锚定到目录"
"型号未锚定目录","1071","割嘴 81021 4#
塑料盖贴：81021-4","","型号未锚定到目录"
"型号未锚定目录","1078","割嘴 G11  Nº1","","型号未锚定到目录"
"型号未锚定目录","1079","割嘴 G11  Nº2","","型号未锚定到目录"
"型号未锚定目录","1097","刻字: STEELCO 1 尼龙袋包装","","型号未锚定到目录"
"型号未锚定目录","1098","刻字: VICTOR LPG 包装: 包括卡璜,O形圈, 装配好后每套一个尼龙袋","","型号未锚定到目录"
"型号未锚定目录","1099","连接器","","型号未锚定到目录"
"型号未锚定目录","1100","内嘴 P0 刻字内容规格与型号 如右图","","型号未锚定到目录"
"型号未锚定目录","1101","内嘴 P0 刻字内容规格与型号 如右图
单只塑料袋包装 500只/箱 重41G","","型号边界不干净（右侧紧贴 G）"
"型号未锚定目录","1102","内嘴 P1 9槽 重42.5G
刻字内容：规格+型号
包装：单只塑料袋包装 500只/箱","","型号未锚定到目录"
"型号未锚定目录","1103","内嘴 P1 刻字内容规格与型号 
单只塑料袋包装 500只/箱 重42G","","型号未锚定到目录"
"型号未锚定目录","1104","内嘴 P1 刻字内容规格与型号 如右图","","型号未锚定到目录"
"型号未锚定目录","1105","内嘴 P1 刻字内容规格与型号 如右图
单只塑料袋包装 500只/箱 重41G","","型号边界不干净（右侧紧贴 G）"
"型号未锚定目录","1106","内嘴 P1，9槽刻字内容规格与型号，单只塑料袋包装，500只/箱 重42.5G","","型号未锚定到目录"
"型号未锚定目录","1107","内嘴 P2 9槽 重42.5g

刻字：内容规格+型号
包装：只/塑料袋 500只/箱","","型号未锚定到目录"
"型号未锚定目录","1108","内嘴 P2 9槽 重42.5G
刻字内容：规格+型号
包装：单只塑料袋包装 500只/箱","","型号未锚定到目录"
"型号未锚定目录","1109","内嘴 P2 刻字内容规格与型号 
单只塑料袋包装 500只/箱 重42G","","型号未锚定到目录"
"型号未锚定目录","1110","内嘴 P2 刻字内容规格与型号 如右图","","型号未锚定到目录"
"型号未锚定目录","1111","内嘴 P2 刻字内容规格与型号 如右图
单只塑料袋包装 500只/箱 重41G","","型号边界不干净（右侧紧贴 G）"
"型号未锚定目录","1112","内嘴 P2，9槽刻字内容规格与型号，单只塑料袋包装，500只/箱 重42.5G","","型号未锚定到目录"
"型号未锚定目录","1113","内嘴 P3 9槽 重42.5G
刻字内容：规格与型号
包装：单只塑料袋包装 500只/箱","","型号未锚定到目录"
"型号未锚定目录","1114","内嘴 P3 刻字内容规格与型号 
单只塑料袋包装 500只/箱 重42G","","型号未锚定到目录"
"型号未锚定目录","1115","内嘴 P3 刻字内容规格与型号 如右图","","型号未锚定到目录"
"型号未锚定目录","1116","内嘴 P3 刻字内容规格与型号 如右图
单只塑料袋包装 500只/箱 重41G","","型号边界不干净（右侧紧贴 G）"
"型号未锚定目录","1117","内嘴 P3，9槽刻字内容规格与型号，单只塑料袋包装，500只/箱 重42.5G","","型号未锚定到目录"
"型号未锚定目录","1118","内嘴 P4 刻字内容规格与型号 如右图","","型号未锚定到目录"
"型号未锚定目录","1119","内嘴 P4 刻字内容规格与型号 如右图
单只塑料袋包装 500只/箱 重41G","","型号边界不干净（右侧紧贴 G）"
"型号未锚定目录","1120","内嘴 P4 刻字内容规格与型号 如右图
单只塑料袋包装 500只/箱 重42G","","型号未锚定到目录"
"型号未锚定目录","1121","内嘴 P5 9槽 重42.5G
刻字内容：规格与型号
包装：单只塑料袋包装 500只/箱","","型号未锚定到目录"
"型号未锚定目录","1122","内嘴 P5 刻字内容规格与型号 如右图","","型号未锚定到目录"
"型号未锚定目录","1123","内嘴 P5 刻字内容规格与型号 如右图
单只塑料袋包装 500只/箱 重41G","","型号边界不干净（右侧紧贴 G）"
"型号未锚定目录","1124","内嘴 P5 刻字内容规格与型号 如右图
单只塑料袋包装 500只/箱 重42G","","型号未锚定到目录"
"型号未锚定目录","1125","内嘴 P6 9槽 重42.5G
刻字内容：规格与型号
包装：单只塑料袋包装 500只/箱","","型号未锚定到目录"
"型号未锚定目录","1126","内嘴 P6 刻字内容规格与型号 如右图
单只塑料袋包装 500只/箱 重41G","","型号边界不干净（右侧紧贴 G）"
"型号未锚定目录","1127","内嘴 P6 刻字内容规格与型号 如右图
单只塑料袋包装 500只/箱 重42G","","型号未锚定到目录"
"型号未锚定目录","1128","尼龙袋 白盒 2-W 1-W-1 8-MFA","","型号未锚定到目录"
"型号未锚定目录","1129","配T15T20的杆子+连接器","","型号未锚定到目录"
"型号未锚定目录","1130","塑壳 红盖 不干胶 50只/中盒","","型号未锚定到目录"
"型号未锚定目录","1131","外嘴 PNM 1# 刻字内容规格与型号 
单只塑料袋包装 500只/箱 重32G","","型号未锚定到目录"
"型号未锚定目录","1132","外嘴 PNM 1# 刻字内容规格与型号 如图","","型号未锚定到目录"
"型号未锚定目录","1133","外嘴 PNM 1# 刻字内容规格与型号 如图
单只塑料袋包装 500只/箱 重31G","","型号未锚定到目录"
"型号未锚定目录","1134","外嘴 PNM 2# 刻字内容规格与型号 如图","","型号未锚定到目录"
"型号未锚定目录","1135","外嘴 PNM 2# 刻字内容规格与型号 如图
单只塑料袋包装 500只/箱 重31G","","型号未锚定到目录"
"型号未锚定目录","1136","外嘴 PNM1 重32G
刻字内容：规格+型号 
包装：单只塑料袋包装 500只/箱","","型号未锚定到目录"
"型号未锚定目录","1137","外嘴 PNM1，刻字内容规格与型号，单只塑料袋包装，500只/箱,重32G","","型号未锚定到目录"
"型号已锚定但名称未写 size","1161","乙炔割嘴 1-101 Nº 1
厚度：10-20mm
预热：0.7  孔口：1.2
包装：塑料盒+不干胶如右图","1-101","名称未写尺寸（size 待人工确认，脚本不猜）"
"型号已锚定但名称未写 size","1162","乙炔割嘴 1-101 Nº 2
厚度：20-40mm
预热：0.8 孔口：1.5
包装：塑料盒+不干胶如右图","1-101","名称未写尺寸（size 待人工确认，脚本不猜）"
"型号已锚定但名称未写 size","1163","乙炔割嘴 1-101 Nº 3
厚度：40-60mm
预热：0.9 孔口：1.8
包装：塑料盒+不干胶如右图","1-101","名称未写尺寸（size 待人工确认，脚本不猜）"
"型号未锚定目录","1187","乙炔割嘴 AMN-#1 (切割厚度 10to25mm)
配R3P-3-500三根管子 刻字：AMN+型号

包装：PP袋1只/袋 50只1盒 200只1箱","","型号未锚定到目录"
"型号未锚定目录","1188","乙炔割嘴 AMN-#2 (切割厚度 25to75mm)
配R3P-3-500三根管子 刻字：AMN+型号

包装：PP袋1只/袋 50只1盒 200只1箱","","型号未锚定到目录"
"型号未锚定目录","1189","乙炔割嘴 AMN-#3 (切割厚度 75to125mm)
配R3P-3-500三根管子 刻字：AMN+型号

包装：PP袋1只/袋 50只1盒 200只1箱","","型号未锚定到目录"
"型号未锚定目录","1190","乙炔割嘴 ANM 0# 
刻字内容：规格与型号","","型号未锚定到目录"
"型号未锚定目录","1191","乙炔割嘴 ANM 1# 
刻字内容：规格与型号","","型号未锚定到目录"
"型号未锚定目录","1192","乙炔割嘴 ANM 2# 
刻字内容：规格与型号","","型号未锚定到目录"
"型号未锚定目录","1193","乙炔割嘴 ANM 3# 
刻字内容：规格与型号","","型号未锚定到目录"
"型号未锚定目录","1194","乙炔割嘴 ANM 4# 
刻字内容：规格与型号","","型号未锚定到目录"
"型号未锚定目录","1195","乙炔割嘴 ANM 5# 
刻字内容：规格与型号","","型号未锚定到目录"
"型号未锚定目录","1196","乙炔割嘴 ANM 6# 
刻字内容：规格与型号","","型号未锚定到目录"
"型号未锚定目录","1217","乙炔切割喷嘴,3号
厚度：40-60mm
孔口：1.8","","型号未锚定到目录"
"型号未锚定目录","1218","乙炔切割喷嘴,4号
厚度：60-80mm
预热：0.9
孔口：1.8
安宝库存","","型号未锚定到目录"
"型号未锚定目录","1219","只","","型号未锚定到目录"
"型号未锚定目录","1220","AGA割嘴，2#，GIOCWELD包装和标签","","型号未锚定到目录"
"型号已锚定但名称未写 size","1221","ANME 割嘴  7/64","ANME","名称未写尺寸（size 待人工确认，脚本不猜）"
"型号已锚定但名称未写 size","1222","ANME 割嘴 1/32","ANME","名称未写尺寸（size 待人工确认，脚本不猜）"
"型号已锚定但名称未写 size","1223","ANME 割嘴 1/64","ANME","名称未写尺寸（size 待人工确认，脚本不猜）"
"型号已锚定但名称未写 size","1224","ANME 割嘴 1/8","ANME","名称未写尺寸（size 待人工确认，脚本不猜）"
"型号已锚定但名称未写 size","1225","ANME 割嘴 3/32","ANME","名称未写尺寸（size 待人工确认，脚本不猜）"
"型号未锚定目录","1226","Cutting nozzles Code:4027","","型号未锚定到目录"
"型号未锚定目录","1227","Cutting nozzles Code:4192 ,    73.2G","","型号边界不干净（右侧紧贴 9）"
"型号未锚定目录","1228","Cutting nozzles Code:4193","","型号边界不干净（右侧紧贴 9）"
"型号未锚定目录","1229","Cutting nozzles Code:4194","","型号边界不干净（右侧紧贴 9）"
"型号未锚定目录","1230","G03-0","","型号未锚定到目录"
"型号未锚定目录","1231","G03-2","","型号未锚定到目录"
"型号未锚定目录","1244","G11  Nº1","","型号未锚定到目录"
"型号未锚定目录","1245","G11  Nº2","","型号未锚定到目录"
"型号未锚定目录","1246","GK3-0","","型号未锚定到目录"
"型号未锚定目录","1247","GK3-1","","型号未锚定到目录"
"型号未锚定目录","1248","GK3-3","","型号未锚定到目录"
"型号未锚定目录","1249","GK3-4","","型号未锚定到目录"
"型号未锚定目录","1250","GK3-6","","型号未锚定到目录"
"型号未锚定目录","1251","Gloor cutting nuzzle,6# 做足75g","","型号未锚定到目录"
"型号未锚定目录","1252","Gloor cutting nuzzle,7# 做足75g克","","型号未锚定到目录"
"型号未锚定目录","1253","Gloor cutting nuzzle,8号$做足75g","","型号未锚定到目录"
"型号已锚定但名称未写 size","1256","GPN CUTTING NOZZLE 2#","GPN","名称未写尺寸（size 待人工确认，脚本不猜）"
"型号已锚定但名称未写 size","1257","GPN CUTTING NOZZLE 3#","GPN","名称未写尺寸（size 待人工确认，脚本不猜）"
"型号已锚定但名称未写 size","1258","GPN CUTTING NOZZLE 4#","GPN","名称未写尺寸（size 待人工确认，脚本不猜）"
"型号未锚定目录","1279","harris 乙炔割嘴 6290-42","","尺寸不在目录档位（候选数字 42）"
"型号未锚定目录","1285","HARRIS彩盒 不干胶 10只/中盒","","型号未锚定到目录"
"型号未锚定目录","1286","HARRIS焊杆","","型号未锚定到目录"
"型号未锚定目录","1323","MFA","","型号未锚定到目录"
"型号未锚定目录","1324","Nozzle №2 (1/16”)
客人要12个槽","","型号未锚定到目录"
"型号未锚定目录","1325","Nozzle №2 (1/32”)
客人要12个槽","","型号未锚定到目录"
"型号未锚定目录","1326","Nozzle №5 (7/64”) 
客人要12个槽 74克","","型号未锚定到目录"
"型号未锚定目录","1327","Nozzle №6 (1/8”) 
客人要12个槽 74克","","型号未锚定到目录"
"型号未锚定目录","1328","PNME 割嘴 1#","","尺寸不在目录档位（候选数字 1）"
"型号未锚定目录","1329","PNME 割嘴 2#","","尺寸不在目录档位（候选数字 2）"
"型号未锚定目录","1330","PNME 割嘴 3#","","尺寸不在目录档位（候选数字 3）"
"型号未锚定目录","1331","PNME 割嘴 4#","","尺寸不在目录档位（候选数字 4）"
"型号未锚定目录","1332","PNME 割嘴 5#","","尺寸不在目录档位（候选数字 5）"
"型号未锚定目录","1333","PNME 割嘴 6#","","尺寸不在目录档位（候选数字 6）"
"型号未锚定目录","1334","PNME-2","","尺寸不在目录档位（候选数字 2）"
"型号未锚定目录","1335","PNME-3","","尺寸不在目录档位（候选数字 3）"
"型号未锚定目录","1336","PNME-4","","尺寸不在目录档位（候选数字 4）"
"型号未锚定目录","1337","PNME-5","","尺寸不在目录档位（候选数字 5）"
"型号未锚定目录","1338","PNME-6","","尺寸不在目录档位（候选数字 6）"
"型号未锚定目录","1340","PNME18 1/16","","尺寸不在目录档位（候选数字 18）"
"型号未锚定目录","1341","PNME18 1/32","","尺寸不在目录档位（候选数字 18）"
"型号未锚定目录","1342","PNME18 5/64","","尺寸不在目录档位（候选数字 18）"
"型号未锚定目录","1343","PNME18 割嘴 3/32","","尺寸不在目录档位（候选数字 18）"
"型号未锚定目录","1344","PNME18 割嘴 3/64","","尺寸不在目录档位（候选数字 18）"
"型号未锚定目录","1345","PNME18 割嘴 5/64","","尺寸不在目录档位（候选数字 18）"
"型号未锚定目录","1346","PNME18 割嘴 7/64","","尺寸不在目录档位（候选数字 18）"
"型号未锚定目录","1348","PNME9 3/32","","尺寸不在目录档位（候选数字 9）"
"型号已锚定但名称未写 size","1349","PNME割嘴 1/16 贴不干胶标注尺寸","PNME","名称未写尺寸（size 待人工确认，脚本不猜）"
"型号已锚定但名称未写 size","1350","PNME割嘴 1/32 贴不干胶标注尺寸","PNME","名称未写尺寸（size 待人工确认，脚本不猜）"
"型号已锚定但名称未写 size","1351","PNME割嘴 3/64 贴不干胶标注尺寸","PNME","名称未写尺寸（size 待人工确认，脚本不猜）"
"型号已锚定但名称未写 size","1352","PNME割嘴 5/64 贴不干胶标注尺寸","PNME","名称未写尺寸（size 待人工确认，脚本不猜）"
"型号未锚定目录","1382","T15","","型号未锚定到目录"
"型号未锚定目录","1383","T20+管子+连接器","","型号未锚定到目录"
"型号未锚定目录","1384","T20+后部","","型号未锚定到目录"
"型号未锚定目录","1385","T20的杆子+连接器","","型号未锚定到目录"
"型号未锚定目录","1386","T20杆子+连接器","","型号未锚定到目录"
"型号未锚定目录","1387","TANAKA原装割嘴带原装刻字 #1号","","型号未锚定到目录"
"型号未锚定目录","1388","TANAKA原装割嘴带原装刻字 #2号","","型号未锚定到目录"
"型号未锚定目录","1389","TANAKA原装割嘴带原装刻字 #3号","","型号未锚定到目录"
"型号未锚定目录","1390","TANAKA原装割嘴带原装刻字 #4号","","型号未锚定到目录"
"型号未锚定目录","1394","VICTOR 8-MFN VICTOR 15-MFN VICTOR 20 TYPE 55 连接器也刻上 VICTOR","","型号未锚定到目录"
"型号已锚定但名称未写 size","1401","victor 丙烷割嘴 GPN－3#
刻字：内嘴上3-GPN
外嘴上VICTOR 3-GPN

包装：VICTOR塑料盒+不干胶","3GPN","名称未写尺寸（size 待人工确认，脚本不猜）"
"型号未锚定目录","1424","VICTOR LPG ------","","型号未锚定到目录"
"型号未锚定目录","1426","Victor Style 300 Series Gouging Tip-Size 1 1-118 2#","","尺寸有歧义（型号前 1 / 型号后 2）"
"型号未锚定目录","1427","Victor Style 300 Series Gouging Tip-Size 2 1-118 4#","","尺寸有歧义（型号前 2 / 型号后 4）"
"型号未锚定目录","1428","Victor Style 300 Series Gouging Tip-Size 3 1-118 6#","","尺寸有歧义（型号前 3 / 型号后 6）"
"型号未锚定目录","1429","W,1-W,2-W 通用后部","","型号未锚定到目录"
"型号未锚定目录","1430","W焊管","","型号未锚定到目录"
"型号未锚定目录","1431","WS10114乙炔割嘴 101-1-4","","型号未锚定到目录"
"型号未锚定目录","1432","WS202305乙炔割嘴 102HC-0
全铜 重86.5g","","型号边界不干净（右侧紧贴 H）"
"型号未锚定目录","1433","WS202306乙炔割嘴 102HC-1
全铜 重86.5g","","型号边界不干净（右侧紧贴 H）"
"型号未锚定目录","1434","WS202307乙炔割嘴 102HC-2
全铜 重86.5g","","型号边界不干净（右侧紧贴 H）"
"型号未锚定目录","1435","WS202309丙烷割嘴 106HC-0号 74g","","型号边界不干净（右侧紧贴 H）"
"型号未锚定目录","1436","WS202310丙烷割嘴 106HC-1重74g","","型号边界不干净（右侧紧贴 H）"
"型号未锚定目录","1437","WS202311丙烷割嘴 106HC-2重74g","","型号边界不干净（右侧紧贴 H）"
"型号未锚定目录","1438","WS202312丙烷割嘴 106HC-3号74g","","型号边界不干净（右侧紧贴 H）"
"型号未锚定目录","1439","WS202312丙烷割嘴 106HC-3重74g","","型号边界不干净（右侧紧贴 H）"
"型号未锚定目录","1445","（未建档产品·待补）","","型号未锚定到目录"
