"id","产品名","类型","内容"
"6","","包装(legacy)","VICTOR包装 不干胶made in mexico GPN用新警告标志"
"7","","包装(legacy)","VICTOR包装 警告标志 MADE IN USA"
"11","","包装(legacy)","这款要求26.4.5提前发货"
"16","","包装(legacy)","塑壳 蓝盖 不干胶 50只/中盒"
"33","","包装(legacy)","标贴尺寸：80x16mm 塑料盒盖用黑色"
"38","","包装(legacy)","VICTOR包装 MADE IN MEXICO 1-101,GPN都贴新款贴警告标志"
"39","","包装(legacy)","标贴尺寸：80x16mm 塑料盒盖用黑色"
"40","","包装(legacy)","标贴尺寸：80x16mm 塑料盒盖用黑色"
"43","","包装(legacy)","标贴尺寸：80x16mm 塑料盒盖用黑色"
"44","","包装(legacy)","标贴尺寸：80x16mm 塑料盒盖用黑色"
"45","","包装(legacy)","标贴尺寸：80x16mm 塑料盒盖用红色 刻字例如：SC12-3"
"46","","包装(legacy)","VICTOR包装 新款不干胶,GPN贴警告标志 印: MADE IN USA"
"47","","包装(legacy)","标贴尺寸：80x16mm 塑料盒盖用黑色"
"53","","包装(legacy)","标贴尺寸：80x16mm 塑料盒盖用红色"
"54","","包装(legacy)","标贴尺寸：80x16mm 塑料盒盖用红色"
"62","","包装(legacy)","标贴尺寸：80x16mm 塑料盒盖用红色"
"77","","包装(legacy)","VICTOR包装 新款不干胶,GPN贴警告标志"
"81","","包装(legacy)","1-101割嘴"
"82","","包装(legacy)","塑壳 红盖 不干胶 50只/中盒"
"90","","包装(legacy)","3-101割嘴"
"95","","包装(legacy)","3-101割嘴"
"106","","包装(legacy)","标贴尺寸：80x16mm 塑料盒盖用红色"
"107","","包装(legacy)","标贴尺寸：80x16mm 塑料盒盖用黑色"
"114","","包装(legacy)","品牌：Oxyweld 返单AB24563包装和生产"
"131","","包装(legacy)","VICTOR包装 新款不干胶,GPN贴警告标志 印: MADE IN USA, 不贴,另放 106HC: 吸塑,放说明书 印:MADE IN JAPAN"
"143","","包装(legacy)","VICTOR 3-W VICTOR 6-MFA"
"146","","包装(legacy)","标贴尺寸：80x16mm 塑料盒盖用黑色"
"161","","包装(legacy)","散装：但需确保运输途中不能损坏。"
"166","","包装(legacy)","1-101割嘴"
"171","","包装(legacy)","标贴尺寸：80x16mm 塑料盒盖用 红色"
"181","","包装(legacy)","吸塑, 印: MADE IN JAPAN"
"187","","包装(legacy)","塑料盒,贴不干胶，victor"
"188","","包装(legacy)","塑料盒,贴不干胶，victor"
"193","","包装(legacy)","如下图所示"
"195","","包装(legacy)","塑料盒,贴不干胶，victor"
"196","","包装(legacy)","塑料盒,贴不干胶，victor"
"197","","包装(legacy)","塑料盒,贴不干胶，victor"
"201","","包装(legacy)","PNME嘴外套刻字是229及型号，东西是PNME标贴是229"
"205","","包装(legacy)","标贴尺寸：80x16mm 塑料盒盖用 红色"
"213","","包装(legacy)","包装：蓝白小彩盒+贴made in china不干胶"
"236","","包装(legacy)","标贴尺寸：80x16mm 塑料盒盖用黑色"
"257","","包装(legacy)","标贴尺寸：80x16mm 塑料盒盖用红色"
"261","","包装(legacy)","圆塑壳,两头黑盖 不干胶 商标 10只/中盒"
"262","","包装(legacy)","塑壳 红盖 不干胶 10只/中盒"
"264","","包装(legacy)","包装：KOIKE彩卡+泡壳 产品要求：要分体式 用螺纹拧 如下图 6个孔如图"
"268","","包装(legacy)","塑壳,黑盖 不干胶 条码:SA1611001 10只/中盒"
"269","","包装(legacy)","PNME嘴外套刻字是229及型号，东西是PNME标贴是229 按返单AB23 1210"
"270","","包装(legacy)","PNME嘴外套刻字是229及型号，东西是PNME标贴是229 按返单AB22 253"
"276","","包装(legacy)","标贴尺寸：80x16mm 塑料盒盖用 红色"
"277","","包装(legacy)","塑壳 黄盖 说明书 不干胶 10只/中盒"
"279","","包装(legacy)","包装要求：塑料盒装，盒子上贴不干胶，每个货号进行区别"
"288","","包装(legacy)","吸塑 不印产地"
"291","","包装(legacy)","尼龙袋 滑盖塑壳 不干胶 10只/中盒"
"310","","包装(legacy)","散装：但需确保运输途中不能损坏。"
"319","","包装(legacy)","6002型号23年返单"
"324","","包装(legacy)","3-101割嘴"
"326","","包装(legacy)","塑壳 黑盖 不干胶 50只/中盒"
"330","","包装(legacy)","塑壳 尼龙袋 MUREX商标 不干胶: PNME9 1/32 10只/中盒"
"335","","包装(legacy)","标贴尺寸：80x16mm 塑料盒盖用 红色"
"349","","包装(legacy)","塑壳 红盖 不干胶 10只/中盒"
"358","","包装(legacy)","塑壳 红盖 不干胶 10只/中盒"
"362","","包装(legacy)","包装：按返单AB22879生产和包装"
"376","","包装(legacy)","44-12"
"377","","包装(legacy)","44-15"
"378","","包装(legacy)","44-20"
"379","","包装(legacy)","44-8"
"383","","包装(legacy)","6090 AC 1#"
"397","","包装(legacy)","如下图所示"
"410","","包装(legacy)","塑壳 红盖 不干胶 10只/中盒"
"418","","包装(legacy)","刻字要求：要求如下图 包装要求：10只1盒，紫色Koike彩盒如下图所示"
"419","","包装(legacy)","彩卡要印MADE IN JAPAN+说明书 刻字内容：中性常规 包装：KOIKE+泡壳+说明书"
"439","","包装(legacy)","标贴尺寸：80x16mm 塑料盒盖用红色"
"440","","包装(legacy)","标贴尺寸：80x16mm 塑料盒盖用 深蓝色"
"441","","包装(legacy)","标贴尺寸：80x16mm 塑料盒盖用深蓝色"
"442","","包装(legacy)","包装要求：塑料盒装，盒子上贴不干胶，每个货号进行区别"
"443","","包装(legacy)","散装：但需确保运输途中不能损坏。"
"448","","包装(legacy)","VICTOR包装 GPN贴警告标志 印: MADE IN USA"
"450","","包装(legacy)","标贴尺寸：80x16mm 塑料盒乙炔盖用红色"
"453","","包装(legacy)","吸塑 MADE IN JAPAN 说明书 10只/中盒"
"457","","包装(legacy)","尼龙袋 白盒 不干胶 10只/中盒"
"463","","包装(legacy)","塑壳 乙炔红盖 丙烷黑盖 不干胶 商标 10只/中盒 中盒上贴条码"
"469","","包装(legacy)","包装：按返单AB22104生产和包装"
"487","","包装(legacy)","塑壳 乙炔红盖 丙烷黑盖 不干胶 50只/中盒"
"490","","包装(legacy)","带说明书，泡壳上不带【JAPAN字样】"
"492","","包装(legacy)","106HC 2#"
"493","","包装(legacy)","106HC 3#"
"494","","包装(legacy)","106HC 4#"
"495","","包装(legacy)","包装：按返单AB22104生产和包装"
"519","","包装(legacy)","41-15"
"520","","包装(legacy)","41-20"
"545","","包装(legacy)","包装：常规佛尼割嘴一样"
"552","","包装(legacy)","如下图所示"
"555","","包装(legacy)","2-W VICTOR 1-W-1 VICTOR"
"572","","包装(legacy)","未做过"
"574","","包装(legacy)","尼龙袋 塑壳 乙炔红盖 丙烷黑盖 不干胶 50只/中盒"
"582","","包装(legacy)","圆壳 不干胶客户提供 10只/中盒"
"583","","包装(legacy)","圆塑壳 不干胶 商标 10/中盒"
"594","","包装(legacy)","VICTOR包装 印MADE IN USA 警告标志"
"612","","包装(legacy)","刻字要求：要求如下图 包装要求：10只1盒，紫色Koike彩盒如下图所示"
"641","","包装(legacy)","VICTOR 8-MFN VICTOR 20 TYPE 55 连接器也刻上 VICTOR LPG"
"653","","包装(legacy)","标贴尺寸：80x16mm 塑料盒盖用 红色 同返单一样包装"
"667","","包装(legacy)","不包装"
"668","","包装(legacy)","VICTOR包装 新款不干胶,GPN贴警告标志 印: MADE IN USA"
"676","","包装(legacy)","塑壳 蓝盖 不干胶 50只/中盒"
"684","","包装(legacy)","尼龙袋 白盒"
"695","","包装(legacy)","尼龙袋 印WeldRo字滑盖塑壳 不干胶 10只/中盒 要求右边的 要求左边的"
"711","","包装(legacy)","塑壳 乙炔红盖 丙烷黑盖 商标不干胶, 客户编号 50只/中盒 中盒上也贴商标不干胶"
"730","","包装(legacy)","塑壳 黑盖 商标 不干胶 10只/中盒"
"753","","包装(legacy)","长壳 229,GPN蓝盖, 164,1-101红盖"
"773","","包装(legacy)","包装：按返单AB22104生产和包装"
"774","","包装(legacy)","包装：按返单AB25938生产和包装"
"806","","包装(legacy)","G1-A,G1-P 圆塑壳 透明盖 商标 不干胶 10只/中盒 102-3,261-1 尼龙袋 白盒 2张不干胶 10只/中盒 具体见付件-2"
"807","","包装(legacy)","G1-A,G1-P 圆塑壳 透明盖 商标 不干胶 10只/中盒 102-3,261-1 尼龙袋 白盒 2张不干胶 10只/中盒 具体见付件-2"
"839","","包装(legacy)","塑壳 乙炔红盖 6290NX蓝盖 商标不干胶 50只/中盒"
"858","","包装(legacy)","标贴尺寸：80x16mm 塑料盒盖用深蓝色"
"862","","包装(legacy)","塑壳 乙炔红盖 丙烷黑盖 不干胶 50只/中盒"
"898","","包装(legacy)","HARRIS彩盒 不干胶 10只/中盒"
"937","","包装(legacy)","包装：塑料盒+贴长不干胶 塑料盒不干胶内容： OKI标志+号头 NX L..P.G HIGH QUALITY USA IS9002 【如下图所示】 10只塑料盒入1白盒 白盒上标贴如下：OKI CUTTING TIP FOR 62-3F 6"
"985","","包装(legacy)","包装：塑料盒+贴对应不干胶"
"1010","","包装(legacy)","包装：塑料盒+黑色盖子 盒盖上中性不干胶 +客户定制不干胶。 刻字：中性"
"1022","","包装(legacy)","包装要求：塑料盒装，盒子上贴不干胶，每个货号进行区别"
"1029","","包装(legacy)","运费发货时再确认"
"1068","","包装(legacy)","包装：塑料盒+贴对应不干胶"
"1076","","包装(legacy)","白盒包装"
"1095","","包装(legacy)","3-GPN割嘴"
"1097","","包装(legacy)","刻字: STEELCO 1 尼龙袋包装"
"1098","","包装(legacy)","刻字: VICTOR LPG 包装: 包括卡璜,O形圈, 装配好后每套一个尼龙袋"
"1128","","包装(legacy)","尼龙袋 白盒 2-W 1-W-1 8-MFA"
"1129","","包装(legacy)","连接器刻上 VICTOR LPG"
"1130","","包装(legacy)","1-1-101"
"1136","","包装(legacy)","包装要求：按返单AB21644包装"
"1144","","包装(legacy)","VICTOR包装 印:MADE IN MEXICO 1-101也贴警告标志 INCLUDEPICTURE \d ""D:\\我的文档\\Documents\\Tencent Files\\952963544\\Image\\C2C\\06b0"
"1164","","包装(legacy)","102HC #1"
"1166","","包装(legacy)","102HC #2"
"1167","","包装(legacy)","102HC #3"
"1217","","包装(legacy)","塑料盒,贴不干胶，victor"
"1218","","包装(legacy)","塑料盒,贴不干胶，victor"
"1234","","包装(legacy)","G1-A,G1-P,圆塑壳,透明盖 商标,不干胶, 10只/中盒 102-3,261-1,尼龙袋 白盒, 10只/中盒,中盒上贴不干胶"
"1285","","包装(legacy)","1NX HARRIS 10-15mm BADE IN HARRIS 内嘴: H 1NX"
"1292","","包装(legacy)","刻字内容：中性常规 包装：KOIKE彩卡+泡壳 10只1盒 绿色Koike彩盒如下图所示"
"1299","","包装(legacy)","包装要求：泡壳+裁纸+说明书 10只1盒 绿色Koike彩盒如下图所示"
"1307","","包装(legacy)","刻字内容：中性常规 包装要求：泡壳+彩卡 10只1盒 绿色Koike彩盒如下图所示"
"1325","","包装(legacy)","包装要求：塑料盒装，盒子上贴不干胶，每个货号进行区别"
"1334","","包装(legacy)","尼龙袋 白盒 不干胶 10只/中盒"
"1385","","包装(legacy)","头部刻: VICTOR 20 TYPE 55 连接器刻上 VICTOR LPG"
"1387","","包装(legacy)","刻字要求如图所示 如图彩盒包装,要放说明书-常规的"
"1394","","包装(legacy)","VICTOR 8-MFN VICTOR 15-MFN VICTOR 20 TYPE 55 连接器也刻上 VICTOR"
"1409","","包装(legacy)","1、包装要求：victor塑料盒+不干胶如下图所示【3-GPN】 2、刻字要求： 一定要对应型号！！如下图"
"1420","","包装(legacy)","1、包装要求：victor塑料盒+不干胶 2、刻字要求：一定要对应型号！！"
"1424","","包装(legacy)","VICTOR LPG ------"
"1429","","包装(legacy)","刻: VICTOR 字 尼龙袋包装"
"1432","","包装(legacy)","标贴尺寸：80x16mm 塑料盒盖用 红色 常规塑料盒包装+贴纸"
"1435","","包装(legacy)","标贴尺寸：80x16mm 塑料盒盖用 蓝色 常规塑料盒包装+贴纸"
"1436","","包装(legacy)","标贴尺寸：80x16mm 塑料盒盖用 蓝色 常规塑料盒包装+贴纸"
"9","","包装(name)","产品号码6003"
"11","","包装(name)","产品号码6001"
"12","","包装(name)","产品号码6004"
"24","","包装(name)","产品号码6032"
"81","","包装(name)","产品号码6023"
"82","","包装(name)","产品号码6018"
"90","","包装(name)","产品号码6017"
"95","","包装(name)","产品号码6019"
"96","","包装(name)","产品号码6020"
"114","","包装(name)","塑料盖贴:1-101 1"
"142","","包装(name)","GPN #3 塑料盖贴:GPN"
"153","","包装(name)","包装"
"165","","包装(name)","塑料盖贴:1-101 4"
"166","","包装(name)","产品号码6022"
"190","","包装(name)","产品号码6005"
"201","","包装(name)","PNME 塑料盖贴:229-2"
"202","","包装(name)","PNME 塑料盖贴:229-4"
"221","","包装(name)","包装:塑料盒贴"
"222","","包装(name)","包装:塑料盒贴"
"225","","包装(name)","包装:塑料盒贴"
"226","","包装(name)","包装:塑料盒贴"
"227","","包装(name)","包装:塑料盒贴"
"228","","包装(name)","包装:塑料盒贴"
"254","","包装(name)","塑料盖贴:164-0"
"255","","包装(name)","塑料盖贴:164-4"
"260","","包装(name)","产品号码6021"
"269","","包装(name)","PNME 塑料盖贴:229-0"
"270","","包装(name)","PNME 塑料盖贴:229-1"
"271","","包装(name)","PNME 塑料盖贴:229-3"
"297","","包装(name)","包装:塑料盒贴"
"312","","包装(name)","塑料盖贴:GPN-8"
"319","","包装(name)","产品号码6002"
"323","","包装(name)","塑料盖贴:1-101 6"
"324","","包装(name)","产品号码6016"
"331","","包装(name)","PNME 塑料盖贴:229-5"
"332","","包装(name)","PNME 塑料盖贴:229-6"
"376","","包装(name)","包装:塑料盒+不干胶"
"377","","包装(name)","包装:塑料盒+不干胶"
"378","","包装(name)","包装:塑料盒+不干胶"
"379","","包装(name)","包装:塑料盒+不干胶"
"383","","包装(name)","包装: HARRIS"
"401","","包装(name)","塑料盖贴:164-3"
"492","","包装(name)","包装:彩卡+泡壳+说明书"
"493","","包装(name)","包装:彩卡+泡壳+说明书"
"494","","包装(name)","包装:彩卡+泡壳+说明书"
"519","","包装(name)","包装:塑料盒+不干胶"
"520","","包装(name)","包装:塑料盒+不干胶"
"544","","包装(name)","MUREX彩盒"
"545","","包装(name)","产品号码100244"
"559","","包装(name)","塑料盖贴:164-2"
"762","","包装(name)","包装:塑料盒贴 如右图"
"937","","包装(name)","包装:塑料盒+不干胶 10只1白盒+白盒不干胶"
"984","","包装(name)","包装+刻字"
"987","","包装(name)","包装:PP袋1只/袋 50只1盒 200只1箱"
"1086","","包装(name)","MUREX彩盒"
"1087","","包装(name)","产品号码100242"
"1095","","包装(name)","产品号码6030"
"1164","","包装(name)","包装:彩卡+泡壳+说明书"
"1166","","包装(name)","包装:彩卡+泡壳+说明书"
"1167","","包装(name)","包装:彩卡+泡壳+说明书"
"1168","","包装(name)","包装+刻字"
"1409","","包装(name)","包装:VICTOR塑料盒+不干胶"
"1420","","包装(name)","包装:VICTOR塑料盒+不干胶"
"33","","备注","HARRIS 53g ｜ 代码:4187"
"39","","备注","HARRIS 53g ｜ 代码:4184"
"40","","备注","smith 93g ｜ 代码:4157"
"42","","备注","smith 103g ｜ 代码:4151"
"43","","备注","HARRIS 53g ｜ 代码:4186"
"44","","备注","HARRIS 53g ｜ 代码:4188"
"45","","备注","smith 103g ｜ 代码:4134"
"47","","备注","smith 93g ｜ 代码:4161"
"53","","备注","HARRIS ｜ 代码:4027"
"54","","备注","smith 103g ｜ 代码:4133"
"62","","备注","102g ｜ 代码:4191"
"67","","备注","HARRIS ｜ 代码:4209"
"106","","备注","HARRIS 55g ｜ 货号:4210"
"107","","备注","smith 93g ｜ 货号:4158"
"146","","备注","smith 93g ｜ 货号:4154"
"147","","备注","smith 93g ｜ 代码:4163"
"161","","备注","刻字内容:如右图所示41 12"
"204","","备注","smith 93g ｜ 代码:4164"
"205","","备注","WS62900"
"257","","备注","代码:4192"
"276","","备注","WSSC124"
"310","","备注","刻字内容:如右图所示41 12"
"357","","备注","4.0mm 79g"
"418","","备注","Koike"
"419","","备注","KOIKE # 70克 分体式"
"440","","备注","WS6290NX5"
"441","","备注","WSSC504"
"495","","备注","重51g足量"
"541","","备注","重78g"
"544","","备注","18槽) 75克"
"612","","备注","Koike"
"614","","备注","KOIKE HC #-3.2mm ｜ 重:79g 如右图所示"
"762","","备注","2W- # 刻字 ｜ 不电镀"
"771","","备注","2W- 3-6MM"
"858","","备注","49g"
"860","","备注","49g"
"937","","备注","刻字:要OKI字样 ｜ 要求:火焰要调长一点"
"984","","备注","一体式 ｜ 不要螺纹拧 重量要75克"
"987","","备注","重74克"
"1075","","备注","重78g"
"1086","","备注","18槽) 75克"
"1144","","备注","84.5g"
"1154","","备注","84.5g"
"1176","","备注","84.5g"
"1234","","备注","5-10"
"1292","","备注","KOIKE"
"1299","","备注","KOIKE"
"1300","","备注","KOIKE"
"1307","","备注","KOIKE"
"1409","","备注","victor ｜ 刻字: 上00-3-GPN ｜ 上VICTOR 00-3-GPN"
"1420","","备注","victor 101-8 ｜ 刻字:VICTOR"
